[2026-08-01 00:25:47] production.ERROR: The C:\laragon\www\license-server\bootstrap\cache directory must be present and writable. {"exception":"[object] (Exception(code: 0): The C:\\laragon\\www\\license-server\\bootstrap\\cache directory must be present and writable. at C:/laragon/www/license-server/vendor/laravel/framework/src/Illuminate/Foundation/PackageManifest.php:179)
[stacktrace]
#0 C:/laragon/www/license-server/vendor/laravel/framework/src/Illuminate/Foundation/PackageManifest.php(132): Illuminate/Foundation/PackageManifest->write(Array)
#1 C:/laragon/www/license-server/vendor/laravel/framework/src/Illuminate/Foundation/PackageManifest.php(108): Illuminate/Foundation/PackageManifest->build()
#2 C:/laragon/www/license-server/vendor/laravel/framework/src/Illuminate/Foundation/PackageManifest.php(90): Illuminate/Foundation/PackageManifest->getManifest()
#3 C:/laragon/www/license-server/vendor/laravel/framework/src/Illuminate/Foundation/PackageManifest.php(79): Illuminate/Foundation/PackageManifest->config('aliases')
#4 C:/laragon/www/license-server/vendor/laravel/framework/src/Illuminate/Foundation/Bootstrap/RegisterFacades.php(26): Illuminate/Foundation/PackageManifest->aliases()
#5 C:/laragon/www/license-server/vendor/laravel/framework/src/Illuminate/Foundation/Application.php(342): Illuminate/Foundation/Bootstrap/RegisterFacades->bootstrap(Object(Illuminate/Foundation/Application))
#6 C:/laragon/www/license-server/vendor/laravel/framework/src/Illuminate/Foundation/Http/Kernel.php(186): Illuminate/Foundation/Application->bootstrapWith(Array)
#7 C:/laragon/www/license-server/vendor/laravel/framework/src/Illuminate/Foundation/Http/Kernel.php(170): Illuminate/Foundation/Http/Kernel->bootstrap()
#8 C:/laragon/www/license-server/vendor/laravel/framework/src/Illuminate/Foundation/Http/Kernel.php(144): Illuminate/Foundation/Http/Kernel->sendRequestThroughRouter(Object(Illuminate/Http/Request))
#9 C:/laragon/www/license-server/vendor/laravel/framework/src/Illuminate/Foundation/Application.php(1220): Illuminate/Foundation/Http/Kernel->handle(Object(Illuminate/Http/Request))
#10 C:/laragon/www/license-server/public/index.php(20): Illuminate/Foundation/Application->handleRequest(Object(Illuminate/Http/Request))
#11 {main}
"} 
[2026-08-01 00:25:47] production.ERROR: Target class [view] does not exist. {"exception":"[object] (Illuminate\\Contracts\\Container\\BindingResolutionException(code: 0): Target class [view] does not exist. at C:/laragon/www/license-server/vendor/laravel/framework/src/Illuminate/Container/Container.php:1124)
[stacktrace]
#0 C:/laragon/www/license-server/vendor/laravel/framework/src/Illuminate/Container/Container.php(933): Illuminate/Container/Container->build('view')
#1 C:/laragon/www/license-server/vendor/laravel/framework/src/Illuminate/Foundation/Application.php(1078): Illuminate/Container/Container->resolve('view', Array, true)
#2 C:/laragon/www/license-server/vendor/laravel/framework/src/Illuminate/Container/Container.php(864): Illuminate/Foundation/Application->resolve('view', Array)
#3 C:/laragon/www/license-server/vendor/laravel/framework/src/Illuminate/Foundation/Application.php(1058): Illuminate/Container/Container->make('view', Array)
#4 C:/laragon/www/license-server/vendor/laravel/framework/src/Illuminate/Container/Container.php(1805): Illuminate/Foundation/Application->make('view')
#5 C:/laragon/www/license-server/vendor/laravel/framework/src/Illuminate/Routing/RoutingServiceProvider.php(177): Illuminate/Container/Container->offsetGet('Illuminate//Cont...')
#6 C:/laragon/www/license-server/vendor/laravel/framework/src/Illuminate/Container/Container.php(1115): Illuminate/Routing/RoutingServiceProvider->Illuminate/Routing/{closure}(Object(Illuminate/Foundation/Application), Array)
#7 C:/laragon/www/license-server/vendor/laravel/framework/src/Illuminate/Container/Container.php(933): Illuminate/Container/Container->build(Object(Closure))
#8 C:/laragon/www/license-server/vendor/laravel/framework/src/Illuminate/Foundation/Application.php(1078): Illuminate/Container/Container->resolve('Illuminate//Cont...', Array, true)
#9 C:/laragon/www/license-server/vendor/laravel/framework/src/Illuminate/Container/Container.php(864): Illuminate/Foundation/Application->resolve('Illuminate//Cont...', Array)
#10 C:/laragon/www/license-server/vendor/laravel/framework/src/Illuminate/Foundation/Application.php(1058): Illuminate/Container/Container->make('Illuminate//Cont...', Array)
#11 C:/laragon/www/license-server/vendor/laravel/framework/src/Illuminate/Foundation/helpers.php(138): Illuminate/Foundation/Application->make('Illuminate//Cont...', Array)
#12 C:/laragon/www/license-server/vendor/laravel/framework/src/Illuminate/Foundation/helpers.php(850): app('Illuminate//Cont...')
#13 C:/laragon/www/license-server/vendor/laravel/framework/src/Illuminate/Foundation/Exceptions/Handler.php(1004): response()
#14 C:/laragon/www/license-server/vendor/laravel/framework/src/Illuminate/Foundation/Exceptions/Handler.php(737): Illuminate/Foundation/Exceptions/Handler->prepareJsonResponse(Object(Illuminate/Http/Request), Object(Exception))
#15 C:/laragon/www/license-server/vendor/laravel/framework/src/Illuminate/Foundation/Exceptions/Handler.php(626): Illuminate/Foundation/Exceptions/Handler->renderExceptionResponse(Object(Illuminate/Http/Request), Object(Exception))
#16 C:/laragon/www/license-server/vendor/laravel/framework/src/Illuminate/Foundation/Http/Kernel.php(574): Illuminate/Foundation/Exceptions/Handler->render(Object(Illuminate/Http/Request), Object(Exception))
#17 C:/laragon/www/license-server/vendor/laravel/framework/src/Illuminate/Foundation/Http/Kernel.php(148): Illuminate/Foundation/Http/Kernel->renderException(Object(Illuminate/Http/Request), Object(Exception))
#18 C:/laragon/www/license-server/vendor/laravel/framework/src/Illuminate/Foundation/Application.php(1220): Illuminate/Foundation/Http/Kernel->handle(Object(Illuminate/Http/Request))
#19 C:/laragon/www/license-server/public/index.php(20): Illuminate/Foundation/Application->handleRequest(Object(Illuminate/Http/Request))
#20 {main}

[previous exception] [object] (ReflectionException(code: -1): Class \"view\" does not exist at C:/laragon/www/license-server/vendor/laravel/framework/src/Illuminate/Container/Container.php:1122)
[stacktrace]
#0 C:/laragon/www/license-server/vendor/laravel/framework/src/Illuminate/Container/Container.php(1122): ReflectionClass->__construct('view')
#1 C:/laragon/www/license-server/vendor/laravel/framework/src/Illuminate/Container/Container.php(933): Illuminate/Container/Container->build('view')
#2 C:/laragon/www/license-server/vendor/laravel/framework/src/Illuminate/Foundation/Application.php(1078): Illuminate/Container/Container->resolve('view', Array, true)
#3 C:/laragon/www/license-server/vendor/laravel/framework/src/Illuminate/Container/Container.php(864): Illuminate/Foundation/Application->resolve('view', Array)
#4 C:/laragon/www/license-server/vendor/laravel/framework/src/Illuminate/Foundation/Application.php(1058): Illuminate/Container/Container->make('view', Array)
#5 C:/laragon/www/license-server/vendor/laravel/framework/src/Illuminate/Container/Container.php(1805): Illuminate/Foundation/Application->make('view')
#6 C:/laragon/www/license-server/vendor/laravel/framework/src/Illuminate/Routing/RoutingServiceProvider.php(177): Illuminate/Container/Container->offsetGet('Illuminate//Cont...')
#7 C:/laragon/www/license-server/vendor/laravel/framework/src/Illuminate/Container/Container.php(1115): Illuminate/Routing/RoutingServiceProvider->Illuminate/Routing/{closure}(Object(Illuminate/Foundation/Application), Array)
#8 C:/laragon/www/license-server/vendor/laravel/framework/src/Illuminate/Container/Container.php(933): Illuminate/Container/Container->build(Object(Closure))
#9 C:/laragon/www/license-server/vendor/laravel/framework/src/Illuminate/Foundation/Application.php(1078): Illuminate/Container/Container->resolve('Illuminate//Cont...', Array, true)
#10 C:/laragon/www/license-server/vendor/laravel/framework/src/Illuminate/Container/Container.php(864): Illuminate/Foundation/Application->resolve('Illuminate//Cont...', Array)
#11 C:/laragon/www/license-server/vendor/laravel/framework/src/Illuminate/Foundation/Application.php(1058): Illuminate/Container/Container->make('Illuminate//Cont...', Array)
#12 C:/laragon/www/license-server/vendor/laravel/framework/src/Illuminate/Foundation/helpers.php(138): Illuminate/Foundation/Application->make('Illuminate//Cont...', Array)
#13 C:/laragon/www/license-server/vendor/laravel/framework/src/Illuminate/Foundation/helpers.php(850): app('Illuminate//Cont...')
#14 C:/laragon/www/license-server/vendor/laravel/framework/src/Illuminate/Foundation/Exceptions/Handler.php(1004): response()
#15 C:/laragon/www/license-server/vendor/laravel/framework/src/Illuminate/Foundation/Exceptions/Handler.php(737): Illuminate/Foundation/Exceptions/Handler->prepareJsonResponse(Object(Illuminate/Http/Request), Object(Exception))
#16 C:/laragon/www/license-server/vendor/laravel/framework/src/Illuminate/Foundation/Exceptions/Handler.php(626): Illuminate/Foundation/Exceptions/Handler->renderExceptionResponse(Object(Illuminate/Http/Request), Object(Exception))
#17 C:/laragon/www/license-server/vendor/laravel/framework/src/Illuminate/Foundation/Http/Kernel.php(574): Illuminate/Foundation/Exceptions/Handler->render(Object(Illuminate/Http/Request), Object(Exception))
#18 C:/laragon/www/license-server/vendor/laravel/framework/src/Illuminate/Foundation/Http/Kernel.php(148): Illuminate/Foundation/Http/Kernel->renderException(Object(Illuminate/Http/Request), Object(Exception))
#19 C:/laragon/www/license-server/vendor/laravel/framework/src/Illuminate/Foundation/Application.php(1220): Illuminate/Foundation/Http/Kernel->handle(Object(Illuminate/Http/Request))
#20 C:/laragon/www/license-server/public/index.php(20): Illuminate/Foundation/Application->handleRequest(Object(Illuminate/Http/Request))
#21 {main}
"} 
[2026-08-01 00:25:47] production.ERROR: Uncaught ReflectionException: Class "view" does not exist in C:\laragon\www\license-server\vendor\laravel\framework\src\Illuminate\Container\Container.php:1122
Stack trace:
#0 C:\laragon\www\license-server\vendor\laravel\framework\src\Illuminate\Container\Container.php(1122): ReflectionClass->__construct('view')
#1 C:\laragon\www\license-server\vendor\laravel\framework\src\Illuminate\Container\Container.php(933): Illuminate\Container\Container->build('view')
#2 C:\laragon\www\license-server\vendor\laravel\framework\src\Illuminate\Foundation\Application.php(1078): Illuminate\Container\Container->resolve('view', Array, true)
#3 C:\laragon\www\license-server\vendor\laravel\framework\src\Illuminate\Container\Container.php(864): Illuminate\Foundation\Application->resolve('view', Array)
#4 C:\laragon\www\license-server\vendor\laravel\framework\src\Illuminate\Foundation\Application.php(1058): Illuminate\Container\Container->make('view', Array)
#5 C:\laragon\www\license-server\vendor\laravel\framework\src\Illuminate\Container\Container.php(1805): Illuminate\Foundation\Application->make('view')
#6 C:\laragon\www\license-server\vendor\laravel\framework\src\Illuminate\Routing\RoutingServiceProvider.php(177): Illuminate\Container\Container->offsetGet('Illuminate\\Cont...')
#7 C:\laragon\www\license-server\vendor\laravel\framework\src\Illuminate\Container\Container.php(1115): Illuminate\Routing\RoutingServiceProvider->Illuminate\Routing\{closure}(Object(Illuminate\Foundation\Application), Array)
#8 C:\laragon\www\license-server\vendor\laravel\framework\src\Illuminate\Container\Container.php(933): Illuminate\Container\Container->build(Object(Closure))
#9 C:\laragon\www\license-server\vendor\laravel\framework\src\Illuminate\Foundation\Application.php(1078): Illuminate\Container\Container->resolve('Illuminate\\Cont...', Array, true)
#10 C:\laragon\www\license-server\vendor\laravel\framework\src\Illuminate\Container\Container.php(864): Illuminate\Foundation\Application->resolve('Illuminate\\Cont...', Array)
#11 C:\laragon\www\license-server\vendor\laravel\framework\src\Illuminate\Foundation\Application.php(1058): Illuminate\Container\Container->make('Illuminate\\Cont...', Array)
#12 C:\laragon\www\license-server\vendor\laravel\framework\src\Illuminate\Foundation\helpers.php(138): Illuminate\Foundation\Application->make('Illuminate\\Cont...', Array)
#13 C:\laragon\www\license-server\vendor\laravel\framework\src\Illuminate\Foundation\helpers.php(850): app('Illuminate\\Cont...')
#14 C:\laragon\www\license-server\vendor\laravel\framework\src\Illuminate\Foundation\Exceptions\Handler.php(1004): response()
#15 C:\laragon\www\license-server\vendor\laravel\framework\src\Illuminate\Foundation\Exceptions\Handler.php(737): Illuminate\Foundation\Exceptions\Handler->prepareJsonResponse(Object(Illuminate\Http\Request), Object(Illuminate\Contracts\Container\BindingResolutionException))
#16 C:\laragon\www\license-server\vendor\laravel\framework\src\Illuminate\Foundation\Exceptions\Handler.php(626): Illuminate\Foundation\Exceptions\Handler->renderExceptionResponse(Object(Illuminate\Http\Request), Object(Illuminate\Contracts\Container\BindingResolutionException))
#17 C:\laragon\www\license-server\vendor\laravel\framework\src\Illuminate\Foundation\Bootstrap\HandleExceptions.php(225): Illuminate\Foundation\Exceptions\Handler->render(Object(Illuminate\Http\Request), Object(Illuminate\Contracts\Container\BindingResolutionException))
#18 C:\laragon\www\license-server\vendor\laravel\framework\src\Illuminate\Foundation\Bootstrap\HandleExceptions.php(202): Illuminate\Foundation\Bootstrap\HandleExceptions->renderHttpResponse(Object(Illuminate\Contracts\Container\BindingResolutionException))
#19 C:\laragon\www\license-server\vendor\laravel\framework\src\Illuminate\Foundation\Bootstrap\HandleExceptions.php(262): Illuminate\Foundation\Bootstrap\HandleExceptions->handleException(Object(Illuminate\Contracts\Container\BindingResolutionException))
#20 [internal function]: Illuminate\Foundation\Bootstrap\HandleExceptions->Illuminate\Foundation\Bootstrap\{closure}(Object(Illuminate\Contracts\Container\BindingResolutionException))
#21 {main}

Next Illuminate\Contracts\Container\BindingResolutionException: Target class [view] does not exist. in C:\laragon\www\license-server\vendor\laravel\framework\src\Illuminate\Container\Container.php:1124
Stack trace:
#0 C:\laragon\www\license-server\vendor\laravel\framework\src\Illuminate\Container\Container.php(933): Illuminate\Container\Container->build('view')
#1 C:\laragon\www\license-server\vendor\laravel\framework\src\Illuminate\Foundation\Application.php(1078): Illuminate\Container\Container->resolve('view', Array, true)
#2 C:\laragon\www\license-server\vendor\laravel\framework\src\Illuminate\Container\Container.php(864): Illuminate\Foundation\Application->resolve('view', Array)
#3 C:\laragon\www\license-server\vendor\laravel\framework\src\Illuminate\Foundation\Application.php(1058): Illuminate\Container\Container->make('view', Array)
#4 C:\laragon\www\license-server\vendor\laravel\framework\src\Illuminate\Container\Container.php(1805): Illuminate\Foundation\Application->make('view')
#5 C:\laragon\www\license-server\vendor\laravel\framework\src\Illuminate\Routing\RoutingServiceProvider.php(177): Illuminate\Container\Container->offsetGet('Illuminate\\Cont...')
#6 C:\laragon\www\license-server\vendor\laravel\framework\src\Illuminate\Container\Container.php(1115): Illuminate\Routing\RoutingServiceProvider->Illuminate\Routing\{closure}(Object(Illuminate\Foundation\Application), Array)
#7 C:\laragon\www\license-server\vendor\laravel\framework\src\Illuminate\Container\Container.php(933): Illuminate\Container\Container->build(Object(Closure))
#8 C:\laragon\www\license-server\vendor\laravel\framework\src\Illuminate\Foundation\Application.php(1078): Illuminate\Container\Container->resolve('Illuminate\\Cont...', Array, true)
#9 C:\laragon\www\license-server\vendor\laravel\framework\src\Illuminate\Container\Container.php(864): Illuminate\Foundation\Application->resolve('Illuminate\\Cont...', Array)
#10 C:\laragon\www\license-server\vendor\laravel\framework\src\Illuminate\Foundation\Application.php(1058): Illuminate\Container\Container->make('Illuminate\\Cont...', Array)
#11 C:\laragon\www\license-server\vendor\laravel\framework\src\Illuminate\Foundation\helpers.php(138): Illuminate\Foundation\Application->make('Illuminate\\Cont...', Array)
#12 C:\laragon\www\license-server\vendor\laravel\framework\src\Illuminate\Foundation\helpers.php(850): app('Illuminate\\Cont...')
#13 C:\laragon\www\license-server\vendor\laravel\framework\src\Illuminate\Foundation\Exceptions\Handler.php(1004): response()
#14 C:\laragon\www\license-server\vendor\laravel\framework\src\Illuminate\Foundation\Exceptions\Handler.php(737): Illuminate\Foundation\Exceptions\Handler->prepareJsonResponse(Object(Illuminate\Http\Request), Object(Illuminate\Contracts\Container\BindingResolutionException))
#15 C:\laragon\www\license-server\vendor\laravel\framework\src\Illuminate\Foundation\Exceptions\Handler.php(626): Illuminate\Foundation\Exceptions\Handler->renderExceptionResponse(Object(Illuminate\Http\Request), Object(Illuminate\Contracts\Container\BindingResolutionException))
#16 C:\laragon\www\license-server\vendor\laravel\framework\src\Illuminate\Foundation\Bootstrap\HandleExceptions.php(225): Illuminate\Foundation\Exceptions\Handler->render(Object(Illuminate\Http\Request), Object(Illuminate\Contracts\Container\BindingResolutionException))
#17 C:\laragon\www\license-server\vendor\laravel\framework\src\Illuminate\Foundation\Bootstrap\HandleExceptions.php(202): Illuminate\Foundation\Bootstrap\HandleExceptions->renderHttpResponse(Object(Illuminate\Contracts\Container\BindingResolutionException))
#18 C:\laragon\www\license-server\vendor\laravel\framework\src\Illuminate\Foundation\Bootstrap\HandleExceptions.php(262): Illuminate\Foundation\Bootstrap\HandleExceptions->handleException(Object(Illuminate\Contracts\Container\BindingResolutionException))
#19 [internal function]: Illuminate\Foundation\Bootstrap\HandleExceptions->Illuminate\Foundation\Bootstrap\{closure}(Object(Illuminate\Contracts\Container\BindingResolutionException))
#20 {main}
  thrown {"exception":"[object] (Symfony\\Component\\ErrorHandler\\Error\\FatalError(code: 0): Uncaught ReflectionException: Class \"view\" does not exist in C:\\laragon\\www\\license-server\\vendor\\laravel\\framework\\src\\Illuminate\\Container\\Container.php:1122
Stack trace:
#0 C:\\laragon\\www\\license-server\\vendor\\laravel\\framework\\src\\Illuminate\\Container\\Container.php(1122): ReflectionClass->__construct('view')
#1 C:\\laragon\\www\\license-server\\vendor\\laravel\\framework\\src\\Illuminate\\Container\\Container.php(933): Illuminate\\Container\\Container->build('view')
#2 C:\\laragon\\www\\license-server\\vendor\\laravel\\framework\\src\\Illuminate\\Foundation\\Application.php(1078): Illuminate\\Container\\Container->resolve('view', Array, true)
#3 C:\\laragon\\www\\license-server\\vendor\\laravel\\framework\\src\\Illuminate\\Container\\Container.php(864): Illuminate\\Foundation\\Application->resolve('view', Array)
#4 C:\\laragon\\www\\license-server\\vendor\\laravel\\framework\\src\\Illuminate\\Foundation\\Application.php(1058): Illuminate\\Container\\Container->make('view', Array)
#5 C:\\laragon\\www\\license-server\\vendor\\laravel\\framework\\src\\Illuminate\\Container\\Container.php(1805): Illuminate\\Foundation\\Application->make('view')
#6 C:\\laragon\\www\\license-server\\vendor\\laravel\\framework\\src\\Illuminate\\Routing\\RoutingServiceProvider.php(177): Illuminate\\Container\\Container->offsetGet('Illuminate\\\\Cont...')
#7 C:\\laragon\\www\\license-server\\vendor\\laravel\\framework\\src\\Illuminate\\Container\\Container.php(1115): Illuminate\\Routing\\RoutingServiceProvider->Illuminate\\Routing\\{closure}(Object(Illuminate\\Foundation\\Application), Array)
#8 C:\\laragon\\www\\license-server\\vendor\\laravel\\framework\\src\\Illuminate\\Container\\Container.php(933): Illuminate\\Container\\Container->build(Object(Closure))
#9 C:\\laragon\\www\\license-server\\vendor\\laravel\\framework\\src\\Illuminate\\Foundation\\Application.php(1078): Illuminate\\Container\\Container->resolve('Illuminate\\\\Cont...', Array, true)
#10 C:\\laragon\\www\\license-server\\vendor\\laravel\\framework\\src\\Illuminate\\Container\\Container.php(864): Illuminate\\Foundation\\Application->resolve('Illuminate\\\\Cont...', Array)
#11 C:\\laragon\\www\\license-server\\vendor\\laravel\\framework\\src\\Illuminate\\Foundation\\Application.php(1058): Illuminate\\Container\\Container->make('Illuminate\\\\Cont...', Array)
#12 C:\\laragon\\www\\license-server\\vendor\\laravel\\framework\\src\\Illuminate\\Foundation\\helpers.php(138): Illuminate\\Foundation\\Application->make('Illuminate\\\\Cont...', Array)
#13 C:\\laragon\\www\\license-server\\vendor\\laravel\\framework\\src\\Illuminate\\Foundation\\helpers.php(850): app('Illuminate\\\\Cont...')
#14 C:\\laragon\\www\\license-server\\vendor\\laravel\\framework\\src\\Illuminate\\Foundation\\Exceptions\\Handler.php(1004): response()
#15 C:\\laragon\\www\\license-server\\vendor\\laravel\\framework\\src\\Illuminate\\Foundation\\Exceptions\\Handler.php(737): Illuminate\\Foundation\\Exceptions\\Handler->prepareJsonResponse(Object(Illuminate\\Http\\Request), Object(Illuminate\\Contracts\\Container\\BindingResolutionException))
#16 C:\\laragon\\www\\license-server\\vendor\\laravel\\framework\\src\\Illuminate\\Foundation\\Exceptions\\Handler.php(626): Illuminate\\Foundation\\Exceptions\\Handler->renderExceptionResponse(Object(Illuminate\\Http\\Request), Object(Illuminate\\Contracts\\Container\\BindingResolutionException))
#17 C:\\laragon\\www\\license-server\\vendor\\laravel\\framework\\src\\Illuminate\\Foundation\\Bootstrap\\HandleExceptions.php(225): Illuminate\\Foundation\\Exceptions\\Handler->render(Object(Illuminate\\Http\\Request), Object(Illuminate\\Contracts\\Container\\BindingResolutionException))
#18 C:\\laragon\\www\\license-server\\vendor\\laravel\\framework\\src\\Illuminate\\Foundation\\Bootstrap\\HandleExceptions.php(202): Illuminate\\Foundation\\Bootstrap\\HandleExceptions->renderHttpResponse(Object(Illuminate\\Contracts\\Container\\BindingResolutionException))
#19 C:\\laragon\\www\\license-server\\vendor\\laravel\\framework\\src\\Illuminate\\Foundation\\Bootstrap\\HandleExceptions.php(262): Illuminate\\Foundation\\Bootstrap\\HandleExceptions->handleException(Object(Illuminate\\Contracts\\Container\\BindingResolutionException))
#20 [internal function]: Illuminate\\Foundation\\Bootstrap\\HandleExceptions->Illuminate\\Foundation\\Bootstrap\\{closure}(Object(Illuminate\\Contracts\\Container\\BindingResolutionException))
#21 {main}

Next Illuminate\\Contracts\\Container\\BindingResolutionException: Target class [view] does not exist. in C:\\laragon\\www\\license-server\\vendor\\laravel\\framework\\src\\Illuminate\\Container\\Container.php:1124
Stack trace:
#0 C:\\laragon\\www\\license-server\\vendor\\laravel\\framework\\src\\Illuminate\\Container\\Container.php(933): Illuminate\\Container\\Container->build('view')
#1 C:\\laragon\\www\\license-server\\vendor\\laravel\\framework\\src\\Illuminate\\Foundation\\Application.php(1078): Illuminate\\Container\\Container->resolve('view', Array, true)
#2 C:\\laragon\\www\\license-server\\vendor\\laravel\\framework\\src\\Illuminate\\Container\\Container.php(864): Illuminate\\Foundation\\Application->resolve('view', Array)
#3 C:\\laragon\\www\\license-server\\vendor\\laravel\\framework\\src\\Illuminate\\Foundation\\Application.php(1058): Illuminate\\Container\\Container->make('view', Array)
#4 C:\\laragon\\www\\license-server\\vendor\\laravel\\framework\\src\\Illuminate\\Container\\Container.php(1805): Illuminate\\Foundation\\Application->make('view')
#5 C:\\laragon\\www\\license-server\\vendor\\laravel\\framework\\src\\Illuminate\\Routing\\RoutingServiceProvider.php(177): Illuminate\\Container\\Container->offsetGet('Illuminate\\\\Cont...')
#6 C:\\laragon\\www\\license-server\\vendor\\laravel\\framework\\src\\Illuminate\\Container\\Container.php(1115): Illuminate\\Routing\\RoutingServiceProvider->Illuminate\\Routing\\{closure}(Object(Illuminate\\Foundation\\Application), Array)
#7 C:\\laragon\\www\\license-server\\vendor\\laravel\\framework\\src\\Illuminate\\Container\\Container.php(933): Illuminate\\Container\\Container->build(Object(Closure))
#8 C:\\laragon\\www\\license-server\\vendor\\laravel\\framework\\src\\Illuminate\\Foundation\\Application.php(1078): Illuminate\\Container\\Container->resolve('Illuminate\\\\Cont...', Array, true)
#9 C:\\laragon\\www\\license-server\\vendor\\laravel\\framework\\src\\Illuminate\\Container\\Container.php(864): Illuminate\\Foundation\\Application->resolve('Illuminate\\\\Cont...', Array)
#10 C:\\laragon\\www\\license-server\\vendor\\laravel\\framework\\src\\Illuminate\\Foundation\\Application.php(1058): Illuminate\\Container\\Container->make('Illuminate\\\\Cont...', Array)
#11 C:\\laragon\\www\\license-server\\vendor\\laravel\\framework\\src\\Illuminate\\Foundation\\helpers.php(138): Illuminate\\Foundation\\Application->make('Illuminate\\\\Cont...', Array)
#12 C:\\laragon\\www\\license-server\\vendor\\laravel\\framework\\src\\Illuminate\\Foundation\\helpers.php(850): app('Illuminate\\\\Cont...')
#13 C:\\laragon\\www\\license-server\\vendor\\laravel\\framework\\src\\Illuminate\\Foundation\\Exceptions\\Handler.php(1004): response()
#14 C:\\laragon\\www\\license-server\\vendor\\laravel\\framework\\src\\Illuminate\\Foundation\\Exceptions\\Handler.php(737): Illuminate\\Foundation\\Exceptions\\Handler->prepareJsonResponse(Object(Illuminate\\Http\\Request), Object(Illuminate\\Contracts\\Container\\BindingResolutionException))
#15 C:\\laragon\\www\\license-server\\vendor\\laravel\\framework\\src\\Illuminate\\Foundation\\Exceptions\\Handler.php(626): Illuminate\\Foundation\\Exceptions\\Handler->renderExceptionResponse(Object(Illuminate\\Http\\Request), Object(Illuminate\\Contracts\\Container\\BindingResolutionException))
#16 C:\\laragon\\www\\license-server\\vendor\\laravel\\framework\\src\\Illuminate\\Foundation\\Bootstrap\\HandleExceptions.php(225): Illuminate\\Foundation\\Exceptions\\Handler->render(Object(Illuminate\\Http\\Request), Object(Illuminate\\Contracts\\Container\\BindingResolutionException))
#17 C:\\laragon\\www\\license-server\\vendor\\laravel\\framework\\src\\Illuminate\\Foundation\\Bootstrap\\HandleExceptions.php(202): Illuminate\\Foundation\\Bootstrap\\HandleExceptions->renderHttpResponse(Object(Illuminate\\Contracts\\Container\\BindingResolutionException))
#18 C:\\laragon\\www\\license-server\\vendor\\laravel\\framework\\src\\Illuminate\\Foundation\\Bootstrap\\HandleExceptions.php(262): Illuminate\\Foundation\\Bootstrap\\HandleExceptions->handleException(Object(Illuminate\\Contracts\\Container\\BindingResolutionException))
#19 [internal function]: Illuminate\\Foundation\\Bootstrap\\HandleExceptions->Illuminate\\Foundation\\Bootstrap\\{closure}(Object(Illuminate\\Contracts\\Container\\BindingResolutionException))
#20 {main}
  thrown at C:/laragon/www/license-server/vendor/laravel/framework/src/Illuminate/Container/Container.php:1124)
[stacktrace]
#0 {main}
"} 
[2026-08-01 00:25:48] production.ERROR: The C:\laragon\www\license-server\bootstrap\cache directory must be present and writable. {"exception":"[object] (Exception(code: 0): The C:\\laragon\\www\\license-server\\bootstrap\\cache directory must be present and writable. at C:/laragon/www/license-server/vendor/laravel/framework/src/Illuminate/Foundation/PackageManifest.php:179)
[stacktrace]
#0 C:/laragon/www/license-server/vendor/laravel/framework/src/Illuminate/Foundation/PackageManifest.php(132): Illuminate/Foundation/PackageManifest->write(Array)
#1 C:/laragon/www/license-server/vendor/laravel/framework/src/Illuminate/Foundation/PackageManifest.php(108): Illuminate/Foundation/PackageManifest->build()
#2 C:/laragon/www/license-server/vendor/laravel/framework/src/Illuminate/Foundation/PackageManifest.php(90): Illuminate/Foundation/PackageManifest->getManifest()
#3 C:/laragon/www/license-server/vendor/laravel/framework/src/Illuminate/Foundation/PackageManifest.php(79): Illuminate/Foundation/PackageManifest->config('aliases')
#4 C:/laragon/www/license-server/vendor/laravel/framework/src/Illuminate/Foundation/Bootstrap/RegisterFacades.php(26): Illuminate/Foundation/PackageManifest->aliases()
#5 C:/laragon/www/license-server/vendor/laravel/framework/src/Illuminate/Foundation/Application.php(342): Illuminate/Foundation/Bootstrap/RegisterFacades->bootstrap(Object(Illuminate/Foundation/Application))
#6 C:/laragon/www/license-server/vendor/laravel/framework/src/Illuminate/Foundation/Console/Kernel.php(494): Illuminate/Foundation/Application->bootstrapWith(Array)
#7 C:/laragon/www/license-server/vendor/laravel/framework/src/Illuminate/Foundation/Console/Kernel.php(196): Illuminate/Foundation/Console/Kernel->bootstrap()
#8 C:/laragon/www/license-server/vendor/laravel/framework/src/Illuminate/Foundation/Application.php(1235): Illuminate/Foundation/Console/Kernel->handle(Object(Symfony/Component/Console/Input/ArgvInput), Object(Symfony/Component/Console/Output/ConsoleOutput))
#9 C:/laragon/www/license-server/artisan(12): Illuminate/Foundation/Application->handleCommand(Object(Symfony/Component/Console/Input/ArgvInput))
#10 {main}
"} 
[2026-08-01 03:25:52] local.ERROR: The C:\laragon\www\license-server\bootstrap\cache directory must be present and writable. {"exception":"[object] (Exception(code: 0): The C:\\laragon\\www\\license-server\\bootstrap\\cache directory must be present and writable. at C:/laragon/www/license-server/vendor/laravel/framework/src/Illuminate/Foundation/PackageManifest.php:179)
[stacktrace]
#0 C:/laragon/www/license-server/vendor/laravel/framework/src/Illuminate/Foundation/PackageManifest.php(132): Illuminate/Foundation/PackageManifest->write(Array)
#1 C:/laragon/www/license-server/vendor/laravel/framework/src/Illuminate/Foundation/PackageManifest.php(108): Illuminate/Foundation/PackageManifest->build()
#2 C:/laragon/www/license-server/vendor/laravel/framework/src/Illuminate/Foundation/PackageManifest.php(90): Illuminate/Foundation/PackageManifest->getManifest()
#3 C:/laragon/www/license-server/vendor/laravel/framework/src/Illuminate/Foundation/PackageManifest.php(79): Illuminate/Foundation/PackageManifest->config('aliases')
#4 C:/laragon/www/license-server/vendor/laravel/framework/src/Illuminate/Foundation/Bootstrap/RegisterFacades.php(26): Illuminate/Foundation/PackageManifest->aliases()
#5 C:/laragon/www/license-server/vendor/laravel/framework/src/Illuminate/Foundation/Application.php(342): Illuminate/Foundation/Bootstrap/RegisterFacades->bootstrap(Object(Illuminate/Foundation/Application))
#6 C:/laragon/www/license-server/vendor/laravel/framework/src/Illuminate/Foundation/Console/Kernel.php(494): Illuminate/Foundation/Application->bootstrapWith(Array)
#7 C:/laragon/www/license-server/vendor/laravel/framework/src/Illuminate/Foundation/Console/Kernel.php(196): Illuminate/Foundation/Console/Kernel->bootstrap()
#8 C:/laragon/www/license-server/vendor/laravel/framework/src/Illuminate/Foundation/Application.php(1235): Illuminate/Foundation/Console/Kernel->handle(Object(Symfony/Component/Console/Input/ArgvInput), Object(Symfony/Component/Console/Output/ConsoleOutput))
#9 C:/laragon/www/license-server/artisan(12): Illuminate/Foundation/Application->handleCommand(Object(Symfony/Component/Console/Input/ArgvInput))
#10 {main}
"} 
[2026-08-01 03:26:16] local.ERROR: The C:\laragon\www\license-server\bootstrap\cache directory must be present and writable. {"exception":"[object] (Exception(code: 0): The C:\\laragon\\www\\license-server\\bootstrap\\cache directory must be present and writable. at C:/laragon/www/license-server/vendor/laravel/framework/src/Illuminate/Foundation/PackageManifest.php:179)
[stacktrace]
#0 C:/laragon/www/license-server/vendor/laravel/framework/src/Illuminate/Foundation/PackageManifest.php(132): Illuminate/Foundation/PackageManifest->write(Array)
#1 C:/laragon/www/license-server/vendor/laravel/framework/src/Illuminate/Foundation/PackageManifest.php(108): Illuminate/Foundation/PackageManifest->build()
#2 C:/laragon/www/license-server/vendor/laravel/framework/src/Illuminate/Foundation/PackageManifest.php(90): Illuminate/Foundation/PackageManifest->getManifest()
#3 C:/laragon/www/license-server/vendor/laravel/framework/src/Illuminate/Foundation/PackageManifest.php(79): Illuminate/Foundation/PackageManifest->config('aliases')
#4 C:/laragon/www/license-server/vendor/laravel/framework/src/Illuminate/Foundation/Bootstrap/RegisterFacades.php(26): Illuminate/Foundation/PackageManifest->aliases()
#5 C:/laragon/www/license-server/vendor/laravel/framework/src/Illuminate/Foundation/Application.php(342): Illuminate/Foundation/Bootstrap/RegisterFacades->bootstrap(Object(Illuminate/Foundation/Application))
#6 C:/laragon/www/license-server/vendor/laravel/framework/src/Illuminate/Foundation/Http/Kernel.php(186): Illuminate/Foundation/Application->bootstrapWith(Array)
#7 C:/laragon/www/license-server/vendor/laravel/framework/src/Illuminate/Foundation/Http/Kernel.php(170): Illuminate/Foundation/Http/Kernel->bootstrap()
#8 C:/laragon/www/license-server/vendor/laravel/framework/src/Illuminate/Foundation/Http/Kernel.php(144): Illuminate/Foundation/Http/Kernel->sendRequestThroughRouter(Object(Illuminate/Http/Request))
#9 C:/laragon/www/license-server/vendor/laravel/framework/src/Illuminate/Foundation/Application.php(1220): Illuminate/Foundation/Http/Kernel->handle(Object(Illuminate/Http/Request))
#10 C:/laragon/www/license-server/public/index.php(20): Illuminate/Foundation/Application->handleRequest(Object(Illuminate/Http/Request))
#11 {main}
"} 
[2026-08-01 03:26:16] local.ERROR: Target class [view] does not exist. {"exception":"[object] (Illuminate\\Contracts\\Container\\BindingResolutionException(code: 0): Target class [view] does not exist. at C:/laragon/www/license-server/vendor/laravel/framework/src/Illuminate/Container/Container.php:1124)
[stacktrace]
#0 C:/laragon/www/license-server/vendor/laravel/framework/src/Illuminate/Container/Container.php(933): Illuminate/Container/Container->build('view')
#1 C:/laragon/www/license-server/vendor/laravel/framework/src/Illuminate/Foundation/Application.php(1078): Illuminate/Container/Container->resolve('view', Array, true)
#2 C:/laragon/www/license-server/vendor/laravel/framework/src/Illuminate/Container/Container.php(864): Illuminate/Foundation/Application->resolve('view', Array)
#3 C:/laragon/www/license-server/vendor/laravel/framework/src/Illuminate/Foundation/Application.php(1058): Illuminate/Container/Container->make('view', Array)
#4 C:/laragon/www/license-server/vendor/laravel/framework/src/Illuminate/Container/Container.php(1805): Illuminate/Foundation/Application->make('view')
#5 C:/laragon/www/license-server/vendor/laravel/framework/src/Illuminate/Routing/RoutingServiceProvider.php(177): Illuminate/Container/Container->offsetGet('Illuminate//Cont...')
#6 C:/laragon/www/license-server/vendor/laravel/framework/src/Illuminate/Container/Container.php(1115): Illuminate/Routing/RoutingServiceProvider->Illuminate/Routing/{closure}(Object(Illuminate/Foundation/Application), Array)
#7 C:/laragon/www/license-server/vendor/laravel/framework/src/Illuminate/Container/Container.php(933): Illuminate/Container/Container->build(Object(Closure))
#8 C:/laragon/www/license-server/vendor/laravel/framework/src/Illuminate/Foundation/Application.php(1078): Illuminate/Container/Container->resolve('Illuminate//Cont...', Array, true)
#9 C:/laragon/www/license-server/vendor/laravel/framework/src/Illuminate/Container/Container.php(864): Illuminate/Foundation/Application->resolve('Illuminate//Cont...', Array)
#10 C:/laragon/www/license-server/vendor/laravel/framework/src/Illuminate/Foundation/Application.php(1058): Illuminate/Container/Container->make('Illuminate//Cont...', Array)
#11 C:/laragon/www/license-server/vendor/laravel/framework/src/Illuminate/Foundation/helpers.php(138): Illuminate/Foundation/Application->make('Illuminate//Cont...', Array)
#12 C:/laragon/www/license-server/vendor/laravel/framework/src/Illuminate/Foundation/helpers.php(850): app('Illuminate//Cont...')
#13 C:/laragon/www/license-server/vendor/laravel/framework/src/Illuminate/Foundation/Exceptions/Handler.php(1004): response()
#14 C:/laragon/www/license-server/vendor/laravel/framework/src/Illuminate/Foundation/Exceptions/Handler.php(737): Illuminate/Foundation/Exceptions/Handler->prepareJsonResponse(Object(Illuminate/Http/Request), Object(Exception))
#15 C:/laragon/www/license-server/vendor/laravel/framework/src/Illuminate/Foundation/Exceptions/Handler.php(626): Illuminate/Foundation/Exceptions/Handler->renderExceptionResponse(Object(Illuminate/Http/Request), Object(Exception))
#16 C:/laragon/www/license-server/vendor/laravel/framework/src/Illuminate/Foundation/Http/Kernel.php(574): Illuminate/Foundation/Exceptions/Handler->render(Object(Illuminate/Http/Request), Object(Exception))
#17 C:/laragon/www/license-server/vendor/laravel/framework/src/Illuminate/Foundation/Http/Kernel.php(148): Illuminate/Foundation/Http/Kernel->renderException(Object(Illuminate/Http/Request), Object(Exception))
#18 C:/laragon/www/license-server/vendor/laravel/framework/src/Illuminate/Foundation/Application.php(1220): Illuminate/Foundation/Http/Kernel->handle(Object(Illuminate/Http/Request))
#19 C:/laragon/www/license-server/public/index.php(20): Illuminate/Foundation/Application->handleRequest(Object(Illuminate/Http/Request))
#20 {main}

[previous exception] [object] (ReflectionException(code: -1): Class \"view\" does not exist at C:/laragon/www/license-server/vendor/laravel/framework/src/Illuminate/Container/Container.php:1122)
[stacktrace]
#0 C:/laragon/www/license-server/vendor/laravel/framework/src/Illuminate/Container/Container.php(1122): ReflectionClass->__construct('view')
#1 C:/laragon/www/license-server/vendor/laravel/framework/src/Illuminate/Container/Container.php(933): Illuminate/Container/Container->build('view')
#2 C:/laragon/www/license-server/vendor/laravel/framework/src/Illuminate/Foundation/Application.php(1078): Illuminate/Container/Container->resolve('view', Array, true)
#3 C:/laragon/www/license-server/vendor/laravel/framework/src/Illuminate/Container/Container.php(864): Illuminate/Foundation/Application->resolve('view', Array)
#4 C:/laragon/www/license-server/vendor/laravel/framework/src/Illuminate/Foundation/Application.php(1058): Illuminate/Container/Container->make('view', Array)
#5 C:/laragon/www/license-server/vendor/laravel/framework/src/Illuminate/Container/Container.php(1805): Illuminate/Foundation/Application->make('view')
#6 C:/laragon/www/license-server/vendor/laravel/framework/src/Illuminate/Routing/RoutingServiceProvider.php(177): Illuminate/Container/Container->offsetGet('Illuminate//Cont...')
#7 C:/laragon/www/license-server/vendor/laravel/framework/src/Illuminate/Container/Container.php(1115): Illuminate/Routing/RoutingServiceProvider->Illuminate/Routing/{closure}(Object(Illuminate/Foundation/Application), Array)
#8 C:/laragon/www/license-server/vendor/laravel/framework/src/Illuminate/Container/Container.php(933): Illuminate/Container/Container->build(Object(Closure))
#9 C:/laragon/www/license-server/vendor/laravel/framework/src/Illuminate/Foundation/Application.php(1078): Illuminate/Container/Container->resolve('Illuminate//Cont...', Array, true)
#10 C:/laragon/www/license-server/vendor/laravel/framework/src/Illuminate/Container/Container.php(864): Illuminate/Foundation/Application->resolve('Illuminate//Cont...', Array)
#11 C:/laragon/www/license-server/vendor/laravel/framework/src/Illuminate/Foundation/Application.php(1058): Illuminate/Container/Container->make('Illuminate//Cont...', Array)
#12 C:/laragon/www/license-server/vendor/laravel/framework/src/Illuminate/Foundation/helpers.php(138): Illuminate/Foundation/Application->make('Illuminate//Cont...', Array)
#13 C:/laragon/www/license-server/vendor/laravel/framework/src/Illuminate/Foundation/helpers.php(850): app('Illuminate//Cont...')
#14 C:/laragon/www/license-server/vendor/laravel/framework/src/Illuminate/Foundation/Exceptions/Handler.php(1004): response()
#15 C:/laragon/www/license-server/vendor/laravel/framework/src/Illuminate/Foundation/Exceptions/Handler.php(737): Illuminate/Foundation/Exceptions/Handler->prepareJsonResponse(Object(Illuminate/Http/Request), Object(Exception))
#16 C:/laragon/www/license-server/vendor/laravel/framework/src/Illuminate/Foundation/Exceptions/Handler.php(626): Illuminate/Foundation/Exceptions/Handler->renderExceptionResponse(Object(Illuminate/Http/Request), Object(Exception))
#17 C:/laragon/www/license-server/vendor/laravel/framework/src/Illuminate/Foundation/Http/Kernel.php(574): Illuminate/Foundation/Exceptions/Handler->render(Object(Illuminate/Http/Request), Object(Exception))
#18 C:/laragon/www/license-server/vendor/laravel/framework/src/Illuminate/Foundation/Http/Kernel.php(148): Illuminate/Foundation/Http/Kernel->renderException(Object(Illuminate/Http/Request), Object(Exception))
#19 C:/laragon/www/license-server/vendor/laravel/framework/src/Illuminate/Foundation/Application.php(1220): Illuminate/Foundation/Http/Kernel->handle(Object(Illuminate/Http/Request))
#20 C:/laragon/www/license-server/public/index.php(20): Illuminate/Foundation/Application->handleRequest(Object(Illuminate/Http/Request))
#21 {main}
"} 
[2026-08-01 03:26:16] local.ERROR: Uncaught ReflectionException: Class "view" does not exist in C:\laragon\www\license-server\vendor\laravel\framework\src\Illuminate\Container\Container.php:1122
Stack trace:
#0 C:\laragon\www\license-server\vendor\laravel\framework\src\Illuminate\Container\Container.php(1122): ReflectionClass->__construct('view')
#1 C:\laragon\www\license-server\vendor\laravel\framework\src\Illuminate\Container\Container.php(933): Illuminate\Container\Container->build('view')
#2 C:\laragon\www\license-server\vendor\laravel\framework\src\Illuminate\Foundation\Application.php(1078): Illuminate\Container\Container->resolve('view', Array, true)
#3 C:\laragon\www\license-server\vendor\laravel\framework\src\Illuminate\Container\Container.php(864): Illuminate\Foundation\Application->resolve('view', Array)
#4 C:\laragon\www\license-server\vendor\laravel\framework\src\Illuminate\Foundation\Application.php(1058): Illuminate\Container\Container->make('view', Array)
#5 C:\laragon\www\license-server\vendor\laravel\framework\src\Illuminate\Container\Container.php(1805): Illuminate\Foundation\Application->make('view')
#6 C:\laragon\www\license-server\vendor\laravel\framework\src\Illuminate\Routing\RoutingServiceProvider.php(177): Illuminate\Container\Container->offsetGet('Illuminate\\Cont...')
#7 C:\laragon\www\license-server\vendor\laravel\framework\src\Illuminate\Container\Container.php(1115): Illuminate\Routing\RoutingServiceProvider->Illuminate\Routing\{closure}(Object(Illuminate\Foundation\Application), Array)
#8 C:\laragon\www\license-server\vendor\laravel\framework\src\Illuminate\Container\Container.php(933): Illuminate\Container\Container->build(Object(Closure))
#9 C:\laragon\www\license-server\vendor\laravel\framework\src\Illuminate\Foundation\Application.php(1078): Illuminate\Container\Container->resolve('Illuminate\\Cont...', Array, true)
#10 C:\laragon\www\license-server\vendor\laravel\framework\src\Illuminate\Container\Container.php(864): Illuminate\Foundation\Application->resolve('Illuminate\\Cont...', Array)
#11 C:\laragon\www\license-server\vendor\laravel\framework\src\Illuminate\Foundation\Application.php(1058): Illuminate\Container\Container->make('Illuminate\\Cont...', Array)
#12 C:\laragon\www\license-server\vendor\laravel\framework\src\Illuminate\Foundation\helpers.php(138): Illuminate\Foundation\Application->make('Illuminate\\Cont...', Array)
#13 C:\laragon\www\license-server\vendor\laravel\framework\src\Illuminate\Foundation\helpers.php(850): app('Illuminate\\Cont...')
#14 C:\laragon\www\license-server\vendor\laravel\framework\src\Illuminate\Foundation\Exceptions\Handler.php(1004): response()
#15 C:\laragon\www\license-server\vendor\laravel\framework\src\Illuminate\Foundation\Exceptions\Handler.php(737): Illuminate\Foundation\Exceptions\Handler->prepareJsonResponse(Object(Illuminate\Http\Request), Object(Illuminate\Contracts\Container\BindingResolutionException))
#16 C:\laragon\www\license-server\vendor\laravel\framework\src\Illuminate\Foundation\Exceptions\Handler.php(626): Illuminate\Foundation\Exceptions\Handler->renderExceptionResponse(Object(Illuminate\Http\Request), Object(Illuminate\Contracts\Container\BindingResolutionException))
#17 C:\laragon\www\license-server\vendor\laravel\framework\src\Illuminate\Foundation\Bootstrap\HandleExceptions.php(225): Illuminate\Foundation\Exceptions\Handler->render(Object(Illuminate\Http\Request), Object(Illuminate\Contracts\Container\BindingResolutionException))
#18 C:\laragon\www\license-server\vendor\laravel\framework\src\Illuminate\Foundation\Bootstrap\HandleExceptions.php(202): Illuminate\Foundation\Bootstrap\HandleExceptions->renderHttpResponse(Object(Illuminate\Contracts\Container\BindingResolutionException))
#19 C:\laragon\www\license-server\vendor\laravel\framework\src\Illuminate\Foundation\Bootstrap\HandleExceptions.php(262): Illuminate\Foundation\Bootstrap\HandleExceptions->handleException(Object(Illuminate\Contracts\Container\BindingResolutionException))
#20 [internal function]: Illuminate\Foundation\Bootstrap\HandleExceptions->Illuminate\Foundation\Bootstrap\{closure}(Object(Illuminate\Contracts\Container\BindingResolutionException))
#21 {main}

Next Illuminate\Contracts\Container\BindingResolutionException: Target class [view] does not exist. in C:\laragon\www\license-server\vendor\laravel\framework\src\Illuminate\Container\Container.php:1124
Stack trace:
#0 C:\laragon\www\license-server\vendor\laravel\framework\src\Illuminate\Container\Container.php(933): Illuminate\Container\Container->build('view')
#1 C:\laragon\www\license-server\vendor\laravel\framework\src\Illuminate\Foundation\Application.php(1078): Illuminate\Container\Container->resolve('view', Array, true)
#2 C:\laragon\www\license-server\vendor\laravel\framework\src\Illuminate\Container\Container.php(864): Illuminate\Foundation\Application->resolve('view', Array)
#3 C:\laragon\www\license-server\vendor\laravel\framework\src\Illuminate\Foundation\Application.php(1058): Illuminate\Container\Container->make('view', Array)
#4 C:\laragon\www\license-server\vendor\laravel\framework\src\Illuminate\Container\Container.php(1805): Illuminate\Foundation\Application->make('view')
#5 C:\laragon\www\license-server\vendor\laravel\framework\src\Illuminate\Routing\RoutingServiceProvider.php(177): Illuminate\Container\Container->offsetGet('Illuminate\\Cont...')
#6 C:\laragon\www\license-server\vendor\laravel\framework\src\Illuminate\Container\Container.php(1115): Illuminate\Routing\RoutingServiceProvider->Illuminate\Routing\{closure}(Object(Illuminate\Foundation\Application), Array)
#7 C:\laragon\www\license-server\vendor\laravel\framework\src\Illuminate\Container\Container.php(933): Illuminate\Container\Container->build(Object(Closure))
#8 C:\laragon\www\license-server\vendor\laravel\framework\src\Illuminate\Foundation\Application.php(1078): Illuminate\Container\Container->resolve('Illuminate\\Cont...', Array, true)
#9 C:\laragon\www\license-server\vendor\laravel\framework\src\Illuminate\Container\Container.php(864): Illuminate\Foundation\Application->resolve('Illuminate\\Cont...', Array)
#10 C:\laragon\www\license-server\vendor\laravel\framework\src\Illuminate\Foundation\Application.php(1058): Illuminate\Container\Container->make('Illuminate\\Cont...', Array)
#11 C:\laragon\www\license-server\vendor\laravel\framework\src\Illuminate\Foundation\helpers.php(138): Illuminate\Foundation\Application->make('Illuminate\\Cont...', Array)
#12 C:\laragon\www\license-server\vendor\laravel\framework\src\Illuminate\Foundation\helpers.php(850): app('Illuminate\\Cont...')
#13 C:\laragon\www\license-server\vendor\laravel\framework\src\Illuminate\Foundation\Exceptions\Handler.php(1004): response()
#14 C:\laragon\www\license-server\vendor\laravel\framework\src\Illuminate\Foundation\Exceptions\Handler.php(737): Illuminate\Foundation\Exceptions\Handler->prepareJsonResponse(Object(Illuminate\Http\Request), Object(Illuminate\Contracts\Container\BindingResolutionException))
#15 C:\laragon\www\license-server\vendor\laravel\framework\src\Illuminate\Foundation\Exceptions\Handler.php(626): Illuminate\Foundation\Exceptions\Handler->renderExceptionResponse(Object(Illuminate\Http\Request), Object(Illuminate\Contracts\Container\BindingResolutionException))
#16 C:\laragon\www\license-server\vendor\laravel\framework\src\Illuminate\Foundation\Bootstrap\HandleExceptions.php(225): Illuminate\Foundation\Exceptions\Handler->render(Object(Illuminate\Http\Request), Object(Illuminate\Contracts\Container\BindingResolutionException))
#17 C:\laragon\www\license-server\vendor\laravel\framework\src\Illuminate\Foundation\Bootstrap\HandleExceptions.php(202): Illuminate\Foundation\Bootstrap\HandleExceptions->renderHttpResponse(Object(Illuminate\Contracts\Container\BindingResolutionException))
#18 C:\laragon\www\license-server\vendor\laravel\framework\src\Illuminate\Foundation\Bootstrap\HandleExceptions.php(262): Illuminate\Foundation\Bootstrap\HandleExceptions->handleException(Object(Illuminate\Contracts\Container\BindingResolutionException))
#19 [internal function]: Illuminate\Foundation\Bootstrap\HandleExceptions->Illuminate\Foundation\Bootstrap\{closure}(Object(Illuminate\Contracts\Container\BindingResolutionException))
#20 {main}
  thrown {"exception":"[object] (Symfony\\Component\\ErrorHandler\\Error\\FatalError(code: 0): Uncaught ReflectionException: Class \"view\" does not exist in C:\\laragon\\www\\license-server\\vendor\\laravel\\framework\\src\\Illuminate\\Container\\Container.php:1122
Stack trace:
#0 C:\\laragon\\www\\license-server\\vendor\\laravel\\framework\\src\\Illuminate\\Container\\Container.php(1122): ReflectionClass->__construct('view')
#1 C:\\laragon\\www\\license-server\\vendor\\laravel\\framework\\src\\Illuminate\\Container\\Container.php(933): Illuminate\\Container\\Container->build('view')
#2 C:\\laragon\\www\\license-server\\vendor\\laravel\\framework\\src\\Illuminate\\Foundation\\Application.php(1078): Illuminate\\Container\\Container->resolve('view', Array, true)
#3 C:\\laragon\\www\\license-server\\vendor\\laravel\\framework\\src\\Illuminate\\Container\\Container.php(864): Illuminate\\Foundation\\Application->resolve('view', Array)
#4 C:\\laragon\\www\\license-server\\vendor\\laravel\\framework\\src\\Illuminate\\Foundation\\Application.php(1058): Illuminate\\Container\\Container->make('view', Array)
#5 C:\\laragon\\www\\license-server\\vendor\\laravel\\framework\\src\\Illuminate\\Container\\Container.php(1805): Illuminate\\Foundation\\Application->make('view')
#6 C:\\laragon\\www\\license-server\\vendor\\laravel\\framework\\src\\Illuminate\\Routing\\RoutingServiceProvider.php(177): Illuminate\\Container\\Container->offsetGet('Illuminate\\\\Cont...')
#7 C:\\laragon\\www\\license-server\\vendor\\laravel\\framework\\src\\Illuminate\\Container\\Container.php(1115): Illuminate\\Routing\\RoutingServiceProvider->Illuminate\\Routing\\{closure}(Object(Illuminate\\Foundation\\Application), Array)
#8 C:\\laragon\\www\\license-server\\vendor\\laravel\\framework\\src\\Illuminate\\Container\\Container.php(933): Illuminate\\Container\\Container->build(Object(Closure))
#9 C:\\laragon\\www\\license-server\\vendor\\laravel\\framework\\src\\Illuminate\\Foundation\\Application.php(1078): Illuminate\\Container\\Container->resolve('Illuminate\\\\Cont...', Array, true)
#10 C:\\laragon\\www\\license-server\\vendor\\laravel\\framework\\src\\Illuminate\\Container\\Container.php(864): Illuminate\\Foundation\\Application->resolve('Illuminate\\\\Cont...', Array)
#11 C:\\laragon\\www\\license-server\\vendor\\laravel\\framework\\src\\Illuminate\\Foundation\\Application.php(1058): Illuminate\\Container\\Container->make('Illuminate\\\\Cont...', Array)
#12 C:\\laragon\\www\\license-server\\vendor\\laravel\\framework\\src\\Illuminate\\Foundation\\helpers.php(138): Illuminate\\Foundation\\Application->make('Illuminate\\\\Cont...', Array)
#13 C:\\laragon\\www\\license-server\\vendor\\laravel\\framework\\src\\Illuminate\\Foundation\\helpers.php(850): app('Illuminate\\\\Cont...')
#14 C:\\laragon\\www\\license-server\\vendor\\laravel\\framework\\src\\Illuminate\\Foundation\\Exceptions\\Handler.php(1004): response()
#15 C:\\laragon\\www\\license-server\\vendor\\laravel\\framework\\src\\Illuminate\\Foundation\\Exceptions\\Handler.php(737): Illuminate\\Foundation\\Exceptions\\Handler->prepareJsonResponse(Object(Illuminate\\Http\\Request), Object(Illuminate\\Contracts\\Container\\BindingResolutionException))
#16 C:\\laragon\\www\\license-server\\vendor\\laravel\\framework\\src\\Illuminate\\Foundation\\Exceptions\\Handler.php(626): Illuminate\\Foundation\\Exceptions\\Handler->renderExceptionResponse(Object(Illuminate\\Http\\Request), Object(Illuminate\\Contracts\\Container\\BindingResolutionException))
#17 C:\\laragon\\www\\license-server\\vendor\\laravel\\framework\\src\\Illuminate\\Foundation\\Bootstrap\\HandleExceptions.php(225): Illuminate\\Foundation\\Exceptions\\Handler->render(Object(Illuminate\\Http\\Request), Object(Illuminate\\Contracts\\Container\\BindingResolutionException))
#18 C:\\laragon\\www\\license-server\\vendor\\laravel\\framework\\src\\Illuminate\\Foundation\\Bootstrap\\HandleExceptions.php(202): Illuminate\\Foundation\\Bootstrap\\HandleExceptions->renderHttpResponse(Object(Illuminate\\Contracts\\Container\\BindingResolutionException))
#19 C:\\laragon\\www\\license-server\\vendor\\laravel\\framework\\src\\Illuminate\\Foundation\\Bootstrap\\HandleExceptions.php(262): Illuminate\\Foundation\\Bootstrap\\HandleExceptions->handleException(Object(Illuminate\\Contracts\\Container\\BindingResolutionException))
#20 [internal function]: Illuminate\\Foundation\\Bootstrap\\HandleExceptions->Illuminate\\Foundation\\Bootstrap\\{closure}(Object(Illuminate\\Contracts\\Container\\BindingResolutionException))
#21 {main}

Next Illuminate\\Contracts\\Container\\BindingResolutionException: Target class [view] does not exist. in C:\\laragon\\www\\license-server\\vendor\\laravel\\framework\\src\\Illuminate\\Container\\Container.php:1124
Stack trace:
#0 C:\\laragon\\www\\license-server\\vendor\\laravel\\framework\\src\\Illuminate\\Container\\Container.php(933): Illuminate\\Container\\Container->build('view')
#1 C:\\laragon\\www\\license-server\\vendor\\laravel\\framework\\src\\Illuminate\\Foundation\\Application.php(1078): Illuminate\\Container\\Container->resolve('view', Array, true)
#2 C:\\laragon\\www\\license-server\\vendor\\laravel\\framework\\src\\Illuminate\\Container\\Container.php(864): Illuminate\\Foundation\\Application->resolve('view', Array)
#3 C:\\laragon\\www\\license-server\\vendor\\laravel\\framework\\src\\Illuminate\\Foundation\\Application.php(1058): Illuminate\\Container\\Container->make('view', Array)
#4 C:\\laragon\\www\\license-server\\vendor\\laravel\\framework\\src\\Illuminate\\Container\\Container.php(1805): Illuminate\\Foundation\\Application->make('view')
#5 C:\\laragon\\www\\license-server\\vendor\\laravel\\framework\\src\\Illuminate\\Routing\\RoutingServiceProvider.php(177): Illuminate\\Container\\Container->offsetGet('Illuminate\\\\Cont...')
#6 C:\\laragon\\www\\license-server\\vendor\\laravel\\framework\\src\\Illuminate\\Container\\Container.php(1115): Illuminate\\Routing\\RoutingServiceProvider->Illuminate\\Routing\\{closure}(Object(Illuminate\\Foundation\\Application), Array)
#7 C:\\laragon\\www\\license-server\\vendor\\laravel\\framework\\src\\Illuminate\\Container\\Container.php(933): Illuminate\\Container\\Container->build(Object(Closure))
#8 C:\\laragon\\www\\license-server\\vendor\\laravel\\framework\\src\\Illuminate\\Foundation\\Application.php(1078): Illuminate\\Container\\Container->resolve('Illuminate\\\\Cont...', Array, true)
#9 C:\\laragon\\www\\license-server\\vendor\\laravel\\framework\\src\\Illuminate\\Container\\Container.php(864): Illuminate\\Foundation\\Application->resolve('Illuminate\\\\Cont...', Array)
#10 C:\\laragon\\www\\license-server\\vendor\\laravel\\framework\\src\\Illuminate\\Foundation\\Application.php(1058): Illuminate\\Container\\Container->make('Illuminate\\\\Cont...', Array)
#11 C:\\laragon\\www\\license-server\\vendor\\laravel\\framework\\src\\Illuminate\\Foundation\\helpers.php(138): Illuminate\\Foundation\\Application->make('Illuminate\\\\Cont...', Array)
#12 C:\\laragon\\www\\license-server\\vendor\\laravel\\framework\\src\\Illuminate\\Foundation\\helpers.php(850): app('Illuminate\\\\Cont...')
#13 C:\\laragon\\www\\license-server\\vendor\\laravel\\framework\\src\\Illuminate\\Foundation\\Exceptions\\Handler.php(1004): response()
#14 C:\\laragon\\www\\license-server\\vendor\\laravel\\framework\\src\\Illuminate\\Foundation\\Exceptions\\Handler.php(737): Illuminate\\Foundation\\Exceptions\\Handler->prepareJsonResponse(Object(Illuminate\\Http\\Request), Object(Illuminate\\Contracts\\Container\\BindingResolutionException))
#15 C:\\laragon\\www\\license-server\\vendor\\laravel\\framework\\src\\Illuminate\\Foundation\\Exceptions\\Handler.php(626): Illuminate\\Foundation\\Exceptions\\Handler->renderExceptionResponse(Object(Illuminate\\Http\\Request), Object(Illuminate\\Contracts\\Container\\BindingResolutionException))
#16 C:\\laragon\\www\\license-server\\vendor\\laravel\\framework\\src\\Illuminate\\Foundation\\Bootstrap\\HandleExceptions.php(225): Illuminate\\Foundation\\Exceptions\\Handler->render(Object(Illuminate\\Http\\Request), Object(Illuminate\\Contracts\\Container\\BindingResolutionException))
#17 C:\\laragon\\www\\license-server\\vendor\\laravel\\framework\\src\\Illuminate\\Foundation\\Bootstrap\\HandleExceptions.php(202): Illuminate\\Foundation\\Bootstrap\\HandleExceptions->renderHttpResponse(Object(Illuminate\\Contracts\\Container\\BindingResolutionException))
#18 C:\\laragon\\www\\license-server\\vendor\\laravel\\framework\\src\\Illuminate\\Foundation\\Bootstrap\\HandleExceptions.php(262): Illuminate\\Foundation\\Bootstrap\\HandleExceptions->handleException(Object(Illuminate\\Contracts\\Container\\BindingResolutionException))
#19 [internal function]: Illuminate\\Foundation\\Bootstrap\\HandleExceptions->Illuminate\\Foundation\\Bootstrap\\{closure}(Object(Illuminate\\Contracts\\Container\\BindingResolutionException))
#20 {main}
  thrown at C:/laragon/www/license-server/vendor/laravel/framework/src/Illuminate/Container/Container.php:1124)
[stacktrace]
#0 {main}
"} 
[2026-08-01 03:26:46] local.ERROR: The C:\laragon\www\license-server\bootstrap\cache directory must be present and writable. {"exception":"[object] (Exception(code: 0): The C:\\laragon\\www\\license-server\\bootstrap\\cache directory must be present and writable. at C:/laragon/www/license-server/vendor/laravel/framework/src/Illuminate/Foundation/PackageManifest.php:179)
[stacktrace]
#0 C:/laragon/www/license-server/vendor/laravel/framework/src/Illuminate/Foundation/PackageManifest.php(132): Illuminate/Foundation/PackageManifest->write(Array)
#1 C:/laragon/www/license-server/vendor/laravel/framework/src/Illuminate/Foundation/PackageManifest.php(108): Illuminate/Foundation/PackageManifest->build()
#2 C:/laragon/www/license-server/vendor/laravel/framework/src/Illuminate/Foundation/PackageManifest.php(90): Illuminate/Foundation/PackageManifest->getManifest()
#3 C:/laragon/www/license-server/vendor/laravel/framework/src/Illuminate/Foundation/PackageManifest.php(79): Illuminate/Foundation/PackageManifest->config('aliases')
#4 C:/laragon/www/license-server/vendor/laravel/framework/src/Illuminate/Foundation/Bootstrap/RegisterFacades.php(26): Illuminate/Foundation/PackageManifest->aliases()
#5 C:/laragon/www/license-server/vendor/laravel/framework/src/Illuminate/Foundation/Application.php(342): Illuminate/Foundation/Bootstrap/RegisterFacades->bootstrap(Object(Illuminate/Foundation/Application))
#6 C:/laragon/www/license-server/vendor/laravel/framework/src/Illuminate/Foundation/Http/Kernel.php(186): Illuminate/Foundation/Application->bootstrapWith(Array)
#7 C:/laragon/www/license-server/vendor/laravel/framework/src/Illuminate/Foundation/Http/Kernel.php(170): Illuminate/Foundation/Http/Kernel->bootstrap()
#8 C:/laragon/www/license-server/vendor/laravel/framework/src/Illuminate/Foundation/Http/Kernel.php(144): Illuminate/Foundation/Http/Kernel->sendRequestThroughRouter(Object(Illuminate/Http/Request))
#9 C:/laragon/www/license-server/vendor/laravel/framework/src/Illuminate/Foundation/Application.php(1220): Illuminate/Foundation/Http/Kernel->handle(Object(Illuminate/Http/Request))
#10 C:/laragon/www/license-server/public/index.php(20): Illuminate/Foundation/Application->handleRequest(Object(Illuminate/Http/Request))
#11 {main}
"} 
[2026-08-01 03:26:46] local.ERROR: Target class [view] does not exist. {"exception":"[object] (Illuminate\\Contracts\\Container\\BindingResolutionException(code: 0): Target class [view] does not exist. at C:/laragon/www/license-server/vendor/laravel/framework/src/Illuminate/Container/Container.php:1124)
[stacktrace]
#0 C:/laragon/www/license-server/vendor/laravel/framework/src/Illuminate/Container/Container.php(933): Illuminate/Container/Container->build('view')
#1 C:/laragon/www/license-server/vendor/laravel/framework/src/Illuminate/Foundation/Application.php(1078): Illuminate/Container/Container->resolve('view', Array, true)
#2 C:/laragon/www/license-server/vendor/laravel/framework/src/Illuminate/Container/Container.php(864): Illuminate/Foundation/Application->resolve('view', Array)
#3 C:/laragon/www/license-server/vendor/laravel/framework/src/Illuminate/Foundation/Application.php(1058): Illuminate/Container/Container->make('view', Array)
#4 C:/laragon/www/license-server/vendor/laravel/framework/src/Illuminate/Container/Container.php(1805): Illuminate/Foundation/Application->make('view')
#5 C:/laragon/www/license-server/vendor/laravel/framework/src/Illuminate/Routing/RoutingServiceProvider.php(177): Illuminate/Container/Container->offsetGet('Illuminate//Cont...')
#6 C:/laragon/www/license-server/vendor/laravel/framework/src/Illuminate/Container/Container.php(1115): Illuminate/Routing/RoutingServiceProvider->Illuminate/Routing/{closure}(Object(Illuminate/Foundation/Application), Array)
#7 C:/laragon/www/license-server/vendor/laravel/framework/src/Illuminate/Container/Container.php(933): Illuminate/Container/Container->build(Object(Closure))
#8 C:/laragon/www/license-server/vendor/laravel/framework/src/Illuminate/Foundation/Application.php(1078): Illuminate/Container/Container->resolve('Illuminate//Cont...', Array, true)
#9 C:/laragon/www/license-server/vendor/laravel/framework/src/Illuminate/Container/Container.php(864): Illuminate/Foundation/Application->resolve('Illuminate//Cont...', Array)
#10 C:/laragon/www/license-server/vendor/laravel/framework/src/Illuminate/Foundation/Application.php(1058): Illuminate/Container/Container->make('Illuminate//Cont...', Array)
#11 C:/laragon/www/license-server/vendor/laravel/framework/src/Illuminate/Foundation/helpers.php(138): Illuminate/Foundation/Application->make('Illuminate//Cont...', Array)
#12 C:/laragon/www/license-server/vendor/laravel/framework/src/Illuminate/Foundation/helpers.php(850): app('Illuminate//Cont...')
#13 C:/laragon/www/license-server/vendor/laravel/framework/src/Illuminate/Foundation/Exceptions/Handler.php(1004): response()
#14 C:/laragon/www/license-server/vendor/laravel/framework/src/Illuminate/Foundation/Exceptions/Handler.php(737): Illuminate/Foundation/Exceptions/Handler->prepareJsonResponse(Object(Illuminate/Http/Request), Object(Exception))
#15 C:/laragon/www/license-server/vendor/laravel/framework/src/Illuminate/Foundation/Exceptions/Handler.php(626): Illuminate/Foundation/Exceptions/Handler->renderExceptionResponse(Object(Illuminate/Http/Request), Object(Exception))
#16 C:/laragon/www/license-server/vendor/laravel/framework/src/Illuminate/Foundation/Http/Kernel.php(574): Illuminate/Foundation/Exceptions/Handler->render(Object(Illuminate/Http/Request), Object(Exception))
#17 C:/laragon/www/license-server/vendor/laravel/framework/src/Illuminate/Foundation/Http/Kernel.php(148): Illuminate/Foundation/Http/Kernel->renderException(Object(Illuminate/Http/Request), Object(Exception))
#18 C:/laragon/www/license-server/vendor/laravel/framework/src/Illuminate/Foundation/Application.php(1220): Illuminate/Foundation/Http/Kernel->handle(Object(Illuminate/Http/Request))
#19 C:/laragon/www/license-server/public/index.php(20): Illuminate/Foundation/Application->handleRequest(Object(Illuminate/Http/Request))
#20 {main}

[previous exception] [object] (ReflectionException(code: -1): Class \"view\" does not exist at C:/laragon/www/license-server/vendor/laravel/framework/src/Illuminate/Container/Container.php:1122)
[stacktrace]
#0 C:/laragon/www/license-server/vendor/laravel/framework/src/Illuminate/Container/Container.php(1122): ReflectionClass->__construct('view')
#1 C:/laragon/www/license-server/vendor/laravel/framework/src/Illuminate/Container/Container.php(933): Illuminate/Container/Container->build('view')
#2 C:/laragon/www/license-server/vendor/laravel/framework/src/Illuminate/Foundation/Application.php(1078): Illuminate/Container/Container->resolve('view', Array, true)
#3 C:/laragon/www/license-server/vendor/laravel/framework/src/Illuminate/Container/Container.php(864): Illuminate/Foundation/Application->resolve('view', Array)
#4 C:/laragon/www/license-server/vendor/laravel/framework/src/Illuminate/Foundation/Application.php(1058): Illuminate/Container/Container->make('view', Array)
#5 C:/laragon/www/license-server/vendor/laravel/framework/src/Illuminate/Container/Container.php(1805): Illuminate/Foundation/Application->make('view')
#6 C:/laragon/www/license-server/vendor/laravel/framework/src/Illuminate/Routing/RoutingServiceProvider.php(177): Illuminate/Container/Container->offsetGet('Illuminate//Cont...')
#7 C:/laragon/www/license-server/vendor/laravel/framework/src/Illuminate/Container/Container.php(1115): Illuminate/Routing/RoutingServiceProvider->Illuminate/Routing/{closure}(Object(Illuminate/Foundation/Application), Array)
#8 C:/laragon/www/license-server/vendor/laravel/framework/src/Illuminate/Container/Container.php(933): Illuminate/Container/Container->build(Object(Closure))
#9 C:/laragon/www/license-server/vendor/laravel/framework/src/Illuminate/Foundation/Application.php(1078): Illuminate/Container/Container->resolve('Illuminate//Cont...', Array, true)
#10 C:/laragon/www/license-server/vendor/laravel/framework/src/Illuminate/Container/Container.php(864): Illuminate/Foundation/Application->resolve('Illuminate//Cont...', Array)
#11 C:/laragon/www/license-server/vendor/laravel/framework/src/Illuminate/Foundation/Application.php(1058): Illuminate/Container/Container->make('Illuminate//Cont...', Array)
#12 C:/laragon/www/license-server/vendor/laravel/framework/src/Illuminate/Foundation/helpers.php(138): Illuminate/Foundation/Application->make('Illuminate//Cont...', Array)
#13 C:/laragon/www/license-server/vendor/laravel/framework/src/Illuminate/Foundation/helpers.php(850): app('Illuminate//Cont...')
#14 C:/laragon/www/license-server/vendor/laravel/framework/src/Illuminate/Foundation/Exceptions/Handler.php(1004): response()
#15 C:/laragon/www/license-server/vendor/laravel/framework/src/Illuminate/Foundation/Exceptions/Handler.php(737): Illuminate/Foundation/Exceptions/Handler->prepareJsonResponse(Object(Illuminate/Http/Request), Object(Exception))
#16 C:/laragon/www/license-server/vendor/laravel/framework/src/Illuminate/Foundation/Exceptions/Handler.php(626): Illuminate/Foundation/Exceptions/Handler->renderExceptionResponse(Object(Illuminate/Http/Request), Object(Exception))
#17 C:/laragon/www/license-server/vendor/laravel/framework/src/Illuminate/Foundation/Http/Kernel.php(574): Illuminate/Foundation/Exceptions/Handler->render(Object(Illuminate/Http/Request), Object(Exception))
#18 C:/laragon/www/license-server/vendor/laravel/framework/src/Illuminate/Foundation/Http/Kernel.php(148): Illuminate/Foundation/Http/Kernel->renderException(Object(Illuminate/Http/Request), Object(Exception))
#19 C:/laragon/www/license-server/vendor/laravel/framework/src/Illuminate/Foundation/Application.php(1220): Illuminate/Foundation/Http/Kernel->handle(Object(Illuminate/Http/Request))
#20 C:/laragon/www/license-server/public/index.php(20): Illuminate/Foundation/Application->handleRequest(Object(Illuminate/Http/Request))
#21 {main}
"} 
[2026-08-01 03:26:46] local.ERROR: Uncaught ReflectionException: Class "view" does not exist in C:\laragon\www\license-server\vendor\laravel\framework\src\Illuminate\Container\Container.php:1122
Stack trace:
#0 C:\laragon\www\license-server\vendor\laravel\framework\src\Illuminate\Container\Container.php(1122): ReflectionClass->__construct('view')
#1 C:\laragon\www\license-server\vendor\laravel\framework\src\Illuminate\Container\Container.php(933): Illuminate\Container\Container->build('view')
#2 C:\laragon\www\license-server\vendor\laravel\framework\src\Illuminate\Foundation\Application.php(1078): Illuminate\Container\Container->resolve('view', Array, true)
#3 C:\laragon\www\license-server\vendor\laravel\framework\src\Illuminate\Container\Container.php(864): Illuminate\Foundation\Application->resolve('view', Array)
#4 C:\laragon\www\license-server\vendor\laravel\framework\src\Illuminate\Foundation\Application.php(1058): Illuminate\Container\Container->make('view', Array)
#5 C:\laragon\www\license-server\vendor\laravel\framework\src\Illuminate\Container\Container.php(1805): Illuminate\Foundation\Application->make('view')
#6 C:\laragon\www\license-server\vendor\laravel\framework\src\Illuminate\Routing\RoutingServiceProvider.php(177): Illuminate\Container\Container->offsetGet('Illuminate\\Cont...')
#7 C:\laragon\www\license-server\vendor\laravel\framework\src\Illuminate\Container\Container.php(1115): Illuminate\Routing\RoutingServiceProvider->Illuminate\Routing\{closure}(Object(Illuminate\Foundation\Application), Array)
#8 C:\laragon\www\license-server\vendor\laravel\framework\src\Illuminate\Container\Container.php(933): Illuminate\Container\Container->build(Object(Closure))
#9 C:\laragon\www\license-server\vendor\laravel\framework\src\Illuminate\Foundation\Application.php(1078): Illuminate\Container\Container->resolve('Illuminate\\Cont...', Array, true)
#10 C:\laragon\www\license-server\vendor\laravel\framework\src\Illuminate\Container\Container.php(864): Illuminate\Foundation\Application->resolve('Illuminate\\Cont...', Array)
#11 C:\laragon\www\license-server\vendor\laravel\framework\src\Illuminate\Foundation\Application.php(1058): Illuminate\Container\Container->make('Illuminate\\Cont...', Array)
#12 C:\laragon\www\license-server\vendor\laravel\framework\src\Illuminate\Foundation\helpers.php(138): Illuminate\Foundation\Application->make('Illuminate\\Cont...', Array)
#13 C:\laragon\www\license-server\vendor\laravel\framework\src\Illuminate\Foundation\helpers.php(850): app('Illuminate\\Cont...')
#14 C:\laragon\www\license-server\vendor\laravel\framework\src\Illuminate\Foundation\Exceptions\Handler.php(1004): response()
#15 C:\laragon\www\license-server\vendor\laravel\framework\src\Illuminate\Foundation\Exceptions\Handler.php(737): Illuminate\Foundation\Exceptions\Handler->prepareJsonResponse(Object(Illuminate\Http\Request), Object(Illuminate\Contracts\Container\BindingResolutionException))
#16 C:\laragon\www\license-server\vendor\laravel\framework\src\Illuminate\Foundation\Exceptions\Handler.php(626): Illuminate\Foundation\Exceptions\Handler->renderExceptionResponse(Object(Illuminate\Http\Request), Object(Illuminate\Contracts\Container\BindingResolutionException))
#17 C:\laragon\www\license-server\vendor\laravel\framework\src\Illuminate\Foundation\Bootstrap\HandleExceptions.php(225): Illuminate\Foundation\Exceptions\Handler->render(Object(Illuminate\Http\Request), Object(Illuminate\Contracts\Container\BindingResolutionException))
#18 C:\laragon\www\license-server\vendor\laravel\framework\src\Illuminate\Foundation\Bootstrap\HandleExceptions.php(202): Illuminate\Foundation\Bootstrap\HandleExceptions->renderHttpResponse(Object(Illuminate\Contracts\Container\BindingResolutionException))
#19 C:\laragon\www\license-server\vendor\laravel\framework\src\Illuminate\Foundation\Bootstrap\HandleExceptions.php(262): Illuminate\Foundation\Bootstrap\HandleExceptions->handleException(Object(Illuminate\Contracts\Container\BindingResolutionException))
#20 [internal function]: Illuminate\Foundation\Bootstrap\HandleExceptions->Illuminate\Foundation\Bootstrap\{closure}(Object(Illuminate\Contracts\Container\BindingResolutionException))
#21 {main}

Next Illuminate\Contracts\Container\BindingResolutionException: Target class [view] does not exist. in C:\laragon\www\license-server\vendor\laravel\framework\src\Illuminate\Container\Container.php:1124
Stack trace:
#0 C:\laragon\www\license-server\vendor\laravel\framework\src\Illuminate\Container\Container.php(933): Illuminate\Container\Container->build('view')
#1 C:\laragon\www\license-server\vendor\laravel\framework\src\Illuminate\Foundation\Application.php(1078): Illuminate\Container\Container->resolve('view', Array, true)
#2 C:\laragon\www\license-server\vendor\laravel\framework\src\Illuminate\Container\Container.php(864): Illuminate\Foundation\Application->resolve('view', Array)
#3 C:\laragon\www\license-server\vendor\laravel\framework\src\Illuminate\Foundation\Application.php(1058): Illuminate\Container\Container->make('view', Array)
#4 C:\laragon\www\license-server\vendor\laravel\framework\src\Illuminate\Container\Container.php(1805): Illuminate\Foundation\Application->make('view')
#5 C:\laragon\www\license-server\vendor\laravel\framework\src\Illuminate\Routing\RoutingServiceProvider.php(177): Illuminate\Container\Container->offsetGet('Illuminate\\Cont...')
#6 C:\laragon\www\license-server\vendor\laravel\framework\src\Illuminate\Container\Container.php(1115): Illuminate\Routing\RoutingServiceProvider->Illuminate\Routing\{closure}(Object(Illuminate\Foundation\Application), Array)
#7 C:\laragon\www\license-server\vendor\laravel\framework\src\Illuminate\Container\Container.php(933): Illuminate\Container\Container->build(Object(Closure))
#8 C:\laragon\www\license-server\vendor\laravel\framework\src\Illuminate\Foundation\Application.php(1078): Illuminate\Container\Container->resolve('Illuminate\\Cont...', Array, true)
#9 C:\laragon\www\license-server\vendor\laravel\framework\src\Illuminate\Container\Container.php(864): Illuminate\Foundation\Application->resolve('Illuminate\\Cont...', Array)
#10 C:\laragon\www\license-server\vendor\laravel\framework\src\Illuminate\Foundation\Application.php(1058): Illuminate\Container\Container->make('Illuminate\\Cont...', Array)
#11 C:\laragon\www\license-server\vendor\laravel\framework\src\Illuminate\Foundation\helpers.php(138): Illuminate\Foundation\Application->make('Illuminate\\Cont...', Array)
#12 C:\laragon\www\license-server\vendor\laravel\framework\src\Illuminate\Foundation\helpers.php(850): app('Illuminate\\Cont...')
#13 C:\laragon\www\license-server\vendor\laravel\framework\src\Illuminate\Foundation\Exceptions\Handler.php(1004): response()
#14 C:\laragon\www\license-server\vendor\laravel\framework\src\Illuminate\Foundation\Exceptions\Handler.php(737): Illuminate\Foundation\Exceptions\Handler->prepareJsonResponse(Object(Illuminate\Http\Request), Object(Illuminate\Contracts\Container\BindingResolutionException))
#15 C:\laragon\www\license-server\vendor\laravel\framework\src\Illuminate\Foundation\Exceptions\Handler.php(626): Illuminate\Foundation\Exceptions\Handler->renderExceptionResponse(Object(Illuminate\Http\Request), Object(Illuminate\Contracts\Container\BindingResolutionException))
#16 C:\laragon\www\license-server\vendor\laravel\framework\src\Illuminate\Foundation\Bootstrap\HandleExceptions.php(225): Illuminate\Foundation\Exceptions\Handler->render(Object(Illuminate\Http\Request), Object(Illuminate\Contracts\Container\BindingResolutionException))
#17 C:\laragon\www\license-server\vendor\laravel\framework\src\Illuminate\Foundation\Bootstrap\HandleExceptions.php(202): Illuminate\Foundation\Bootstrap\HandleExceptions->renderHttpResponse(Object(Illuminate\Contracts\Container\BindingResolutionException))
#18 C:\laragon\www\license-server\vendor\laravel\framework\src\Illuminate\Foundation\Bootstrap\HandleExceptions.php(262): Illuminate\Foundation\Bootstrap\HandleExceptions->handleException(Object(Illuminate\Contracts\Container\BindingResolutionException))
#19 [internal function]: Illuminate\Foundation\Bootstrap\HandleExceptions->Illuminate\Foundation\Bootstrap\{closure}(Object(Illuminate\Contracts\Container\BindingResolutionException))
#20 {main}
  thrown {"exception":"[object] (Symfony\\Component\\ErrorHandler\\Error\\FatalError(code: 0): Uncaught ReflectionException: Class \"view\" does not exist in C:\\laragon\\www\\license-server\\vendor\\laravel\\framework\\src\\Illuminate\\Container\\Container.php:1122
Stack trace:
#0 C:\\laragon\\www\\license-server\\vendor\\laravel\\framework\\src\\Illuminate\\Container\\Container.php(1122): ReflectionClass->__construct('view')
#1 C:\\laragon\\www\\license-server\\vendor\\laravel\\framework\\src\\Illuminate\\Container\\Container.php(933): Illuminate\\Container\\Container->build('view')
#2 C:\\laragon\\www\\license-server\\vendor\\laravel\\framework\\src\\Illuminate\\Foundation\\Application.php(1078): Illuminate\\Container\\Container->resolve('view', Array, true)
#3 C:\\laragon\\www\\license-server\\vendor\\laravel\\framework\\src\\Illuminate\\Container\\Container.php(864): Illuminate\\Foundation\\Application->resolve('view', Array)
#4 C:\\laragon\\www\\license-server\\vendor\\laravel\\framework\\src\\Illuminate\\Foundation\\Application.php(1058): Illuminate\\Container\\Container->make('view', Array)
#5 C:\\laragon\\www\\license-server\\vendor\\laravel\\framework\\src\\Illuminate\\Container\\Container.php(1805): Illuminate\\Foundation\\Application->make('view')
#6 C:\\laragon\\www\\license-server\\vendor\\laravel\\framework\\src\\Illuminate\\Routing\\RoutingServiceProvider.php(177): Illuminate\\Container\\Container->offsetGet('Illuminate\\\\Cont...')
#7 C:\\laragon\\www\\license-server\\vendor\\laravel\\framework\\src\\Illuminate\\Container\\Container.php(1115): Illuminate\\Routing\\RoutingServiceProvider->Illuminate\\Routing\\{closure}(Object(Illuminate\\Foundation\\Application), Array)
#8 C:\\laragon\\www\\license-server\\vendor\\laravel\\framework\\src\\Illuminate\\Container\\Container.php(933): Illuminate\\Container\\Container->build(Object(Closure))
#9 C:\\laragon\\www\\license-server\\vendor\\laravel\\framework\\src\\Illuminate\\Foundation\\Application.php(1078): Illuminate\\Container\\Container->resolve('Illuminate\\\\Cont...', Array, true)
#10 C:\\laragon\\www\\license-server\\vendor\\laravel\\framework\\src\\Illuminate\\Container\\Container.php(864): Illuminate\\Foundation\\Application->resolve('Illuminate\\\\Cont...', Array)
#11 C:\\laragon\\www\\license-server\\vendor\\laravel\\framework\\src\\Illuminate\\Foundation\\Application.php(1058): Illuminate\\Container\\Container->make('Illuminate\\\\Cont...', Array)
#12 C:\\laragon\\www\\license-server\\vendor\\laravel\\framework\\src\\Illuminate\\Foundation\\helpers.php(138): Illuminate\\Foundation\\Application->make('Illuminate\\\\Cont...', Array)
#13 C:\\laragon\\www\\license-server\\vendor\\laravel\\framework\\src\\Illuminate\\Foundation\\helpers.php(850): app('Illuminate\\\\Cont...')
#14 C:\\laragon\\www\\license-server\\vendor\\laravel\\framework\\src\\Illuminate\\Foundation\\Exceptions\\Handler.php(1004): response()
#15 C:\\laragon\\www\\license-server\\vendor\\laravel\\framework\\src\\Illuminate\\Foundation\\Exceptions\\Handler.php(737): Illuminate\\Foundation\\Exceptions\\Handler->prepareJsonResponse(Object(Illuminate\\Http\\Request), Object(Illuminate\\Contracts\\Container\\BindingResolutionException))
#16 C:\\laragon\\www\\license-server\\vendor\\laravel\\framework\\src\\Illuminate\\Foundation\\Exceptions\\Handler.php(626): Illuminate\\Foundation\\Exceptions\\Handler->renderExceptionResponse(Object(Illuminate\\Http\\Request), Object(Illuminate\\Contracts\\Container\\BindingResolutionException))
#17 C:\\laragon\\www\\license-server\\vendor\\laravel\\framework\\src\\Illuminate\\Foundation\\Bootstrap\\HandleExceptions.php(225): Illuminate\\Foundation\\Exceptions\\Handler->render(Object(Illuminate\\Http\\Request), Object(Illuminate\\Contracts\\Container\\BindingResolutionException))
#18 C:\\laragon\\www\\license-server\\vendor\\laravel\\framework\\src\\Illuminate\\Foundation\\Bootstrap\\HandleExceptions.php(202): Illuminate\\Foundation\\Bootstrap\\HandleExceptions->renderHttpResponse(Object(Illuminate\\Contracts\\Container\\BindingResolutionException))
#19 C:\\laragon\\www\\license-server\\vendor\\laravel\\framework\\src\\Illuminate\\Foundation\\Bootstrap\\HandleExceptions.php(262): Illuminate\\Foundation\\Bootstrap\\HandleExceptions->handleException(Object(Illuminate\\Contracts\\Container\\BindingResolutionException))
#20 [internal function]: Illuminate\\Foundation\\Bootstrap\\HandleExceptions->Illuminate\\Foundation\\Bootstrap\\{closure}(Object(Illuminate\\Contracts\\Container\\BindingResolutionException))
#21 {main}

Next Illuminate\\Contracts\\Container\\BindingResolutionException: Target class [view] does not exist. in C:\\laragon\\www\\license-server\\vendor\\laravel\\framework\\src\\Illuminate\\Container\\Container.php:1124
Stack trace:
#0 C:\\laragon\\www\\license-server\\vendor\\laravel\\framework\\src\\Illuminate\\Container\\Container.php(933): Illuminate\\Container\\Container->build('view')
#1 C:\\laragon\\www\\license-server\\vendor\\laravel\\framework\\src\\Illuminate\\Foundation\\Application.php(1078): Illuminate\\Container\\Container->resolve('view', Array, true)
#2 C:\\laragon\\www\\license-server\\vendor\\laravel\\framework\\src\\Illuminate\\Container\\Container.php(864): Illuminate\\Foundation\\Application->resolve('view', Array)
#3 C:\\laragon\\www\\license-server\\vendor\\laravel\\framework\\src\\Illuminate\\Foundation\\Application.php(1058): Illuminate\\Container\\Container->make('view', Array)
#4 C:\\laragon\\www\\license-server\\vendor\\laravel\\framework\\src\\Illuminate\\Container\\Container.php(1805): Illuminate\\Foundation\\Application->make('view')
#5 C:\\laragon\\www\\license-server\\vendor\\laravel\\framework\\src\\Illuminate\\Routing\\RoutingServiceProvider.php(177): Illuminate\\Container\\Container->offsetGet('Illuminate\\\\Cont...')
#6 C:\\laragon\\www\\license-server\\vendor\\laravel\\framework\\src\\Illuminate\\Container\\Container.php(1115): Illuminate\\Routing\\RoutingServiceProvider->Illuminate\\Routing\\{closure}(Object(Illuminate\\Foundation\\Application), Array)
#7 C:\\laragon\\www\\license-server\\vendor\\laravel\\framework\\src\\Illuminate\\Container\\Container.php(933): Illuminate\\Container\\Container->build(Object(Closure))
#8 C:\\laragon\\www\\license-server\\vendor\\laravel\\framework\\src\\Illuminate\\Foundation\\Application.php(1078): Illuminate\\Container\\Container->resolve('Illuminate\\\\Cont...', Array, true)
#9 C:\\laragon\\www\\license-server\\vendor\\laravel\\framework\\src\\Illuminate\\Container\\Container.php(864): Illuminate\\Foundation\\Application->resolve('Illuminate\\\\Cont...', Array)
#10 C:\\laragon\\www\\license-server\\vendor\\laravel\\framework\\src\\Illuminate\\Foundation\\Application.php(1058): Illuminate\\Container\\Container->make('Illuminate\\\\Cont...', Array)
#11 C:\\laragon\\www\\license-server\\vendor\\laravel\\framework\\src\\Illuminate\\Foundation\\helpers.php(138): Illuminate\\Foundation\\Application->make('Illuminate\\\\Cont...', Array)
#12 C:\\laragon\\www\\license-server\\vendor\\laravel\\framework\\src\\Illuminate\\Foundation\\helpers.php(850): app('Illuminate\\\\Cont...')
#13 C:\\laragon\\www\\license-server\\vendor\\laravel\\framework\\src\\Illuminate\\Foundation\\Exceptions\\Handler.php(1004): response()
#14 C:\\laragon\\www\\license-server\\vendor\\laravel\\framework\\src\\Illuminate\\Foundation\\Exceptions\\Handler.php(737): Illuminate\\Foundation\\Exceptions\\Handler->prepareJsonResponse(Object(Illuminate\\Http\\Request), Object(Illuminate\\Contracts\\Container\\BindingResolutionException))
#15 C:\\laragon\\www\\license-server\\vendor\\laravel\\framework\\src\\Illuminate\\Foundation\\Exceptions\\Handler.php(626): Illuminate\\Foundation\\Exceptions\\Handler->renderExceptionResponse(Object(Illuminate\\Http\\Request), Object(Illuminate\\Contracts\\Container\\BindingResolutionException))
#16 C:\\laragon\\www\\license-server\\vendor\\laravel\\framework\\src\\Illuminate\\Foundation\\Bootstrap\\HandleExceptions.php(225): Illuminate\\Foundation\\Exceptions\\Handler->render(Object(Illuminate\\Http\\Request), Object(Illuminate\\Contracts\\Container\\BindingResolutionException))
#17 C:\\laragon\\www\\license-server\\vendor\\laravel\\framework\\src\\Illuminate\\Foundation\\Bootstrap\\HandleExceptions.php(202): Illuminate\\Foundation\\Bootstrap\\HandleExceptions->renderHttpResponse(Object(Illuminate\\Contracts\\Container\\BindingResolutionException))
#18 C:\\laragon\\www\\license-server\\vendor\\laravel\\framework\\src\\Illuminate\\Foundation\\Bootstrap\\HandleExceptions.php(262): Illuminate\\Foundation\\Bootstrap\\HandleExceptions->handleException(Object(Illuminate\\Contracts\\Container\\BindingResolutionException))
#19 [internal function]: Illuminate\\Foundation\\Bootstrap\\HandleExceptions->Illuminate\\Foundation\\Bootstrap\\{closure}(Object(Illuminate\\Contracts\\Container\\BindingResolutionException))
#20 {main}
  thrown at C:/laragon/www/license-server/vendor/laravel/framework/src/Illuminate/Container/Container.php:1124)
[stacktrace]
#0 {main}
"} 
[2026-08-01 03:27:17] local.ERROR: The C:\laragon\www\license-server\bootstrap\cache directory must be present and writable. {"exception":"[object] (Exception(code: 0): The C:\\laragon\\www\\license-server\\bootstrap\\cache directory must be present and writable. at C:/laragon/www/license-server/vendor/laravel/framework/src/Illuminate/Foundation/PackageManifest.php:179)
[stacktrace]
#0 C:/laragon/www/license-server/vendor/laravel/framework/src/Illuminate/Foundation/PackageManifest.php(132): Illuminate/Foundation/PackageManifest->write(Array)
#1 C:/laragon/www/license-server/vendor/laravel/framework/src/Illuminate/Foundation/PackageManifest.php(108): Illuminate/Foundation/PackageManifest->build()
#2 C:/laragon/www/license-server/vendor/laravel/framework/src/Illuminate/Foundation/PackageManifest.php(90): Illuminate/Foundation/PackageManifest->getManifest()
#3 C:/laragon/www/license-server/vendor/laravel/framework/src/Illuminate/Foundation/PackageManifest.php(79): Illuminate/Foundation/PackageManifest->config('aliases')
#4 C:/laragon/www/license-server/vendor/laravel/framework/src/Illuminate/Foundation/Bootstrap/RegisterFacades.php(26): Illuminate/Foundation/PackageManifest->aliases()
#5 C:/laragon/www/license-server/vendor/laravel/framework/src/Illuminate/Foundation/Application.php(342): Illuminate/Foundation/Bootstrap/RegisterFacades->bootstrap(Object(Illuminate/Foundation/Application))
#6 C:/laragon/www/license-server/vendor/laravel/framework/src/Illuminate/Foundation/Http/Kernel.php(186): Illuminate/Foundation/Application->bootstrapWith(Array)
#7 C:/laragon/www/license-server/vendor/laravel/framework/src/Illuminate/Foundation/Http/Kernel.php(170): Illuminate/Foundation/Http/Kernel->bootstrap()
#8 C:/laragon/www/license-server/vendor/laravel/framework/src/Illuminate/Foundation/Http/Kernel.php(144): Illuminate/Foundation/Http/Kernel->sendRequestThroughRouter(Object(Illuminate/Http/Request))
#9 C:/laragon/www/license-server/vendor/laravel/framework/src/Illuminate/Foundation/Application.php(1220): Illuminate/Foundation/Http/Kernel->handle(Object(Illuminate/Http/Request))
#10 C:/laragon/www/license-server/public/index.php(20): Illuminate/Foundation/Application->handleRequest(Object(Illuminate/Http/Request))
#11 {main}
"} 
[2026-08-01 03:27:17] local.ERROR: Target class [view] does not exist. {"exception":"[object] (Illuminate\\Contracts\\Container\\BindingResolutionException(code: 0): Target class [view] does not exist. at C:/laragon/www/license-server/vendor/laravel/framework/src/Illuminate/Container/Container.php:1124)
[stacktrace]
#0 C:/laragon/www/license-server/vendor/laravel/framework/src/Illuminate/Container/Container.php(933): Illuminate/Container/Container->build('view')
#1 C:/laragon/www/license-server/vendor/laravel/framework/src/Illuminate/Foundation/Application.php(1078): Illuminate/Container/Container->resolve('view', Array, true)
#2 C:/laragon/www/license-server/vendor/laravel/framework/src/Illuminate/Container/Container.php(864): Illuminate/Foundation/Application->resolve('view', Array)
#3 C:/laragon/www/license-server/vendor/laravel/framework/src/Illuminate/Foundation/Application.php(1058): Illuminate/Container/Container->make('view', Array)
#4 C:/laragon/www/license-server/vendor/laravel/framework/src/Illuminate/Container/Container.php(1805): Illuminate/Foundation/Application->make('view')
#5 C:/laragon/www/license-server/vendor/laravel/framework/src/Illuminate/Routing/RoutingServiceProvider.php(177): Illuminate/Container/Container->offsetGet('Illuminate//Cont...')
#6 C:/laragon/www/license-server/vendor/laravel/framework/src/Illuminate/Container/Container.php(1115): Illuminate/Routing/RoutingServiceProvider->Illuminate/Routing/{closure}(Object(Illuminate/Foundation/Application), Array)
#7 C:/laragon/www/license-server/vendor/laravel/framework/src/Illuminate/Container/Container.php(933): Illuminate/Container/Container->build(Object(Closure))
#8 C:/laragon/www/license-server/vendor/laravel/framework/src/Illuminate/Foundation/Application.php(1078): Illuminate/Container/Container->resolve('Illuminate//Cont...', Array, true)
#9 C:/laragon/www/license-server/vendor/laravel/framework/src/Illuminate/Container/Container.php(864): Illuminate/Foundation/Application->resolve('Illuminate//Cont...', Array)
#10 C:/laragon/www/license-server/vendor/laravel/framework/src/Illuminate/Foundation/Application.php(1058): Illuminate/Container/Container->make('Illuminate//Cont...', Array)
#11 C:/laragon/www/license-server/vendor/laravel/framework/src/Illuminate/Foundation/helpers.php(138): Illuminate/Foundation/Application->make('Illuminate//Cont...', Array)
#12 C:/laragon/www/license-server/vendor/laravel/framework/src/Illuminate/Foundation/helpers.php(850): app('Illuminate//Cont...')
#13 C:/laragon/www/license-server/vendor/laravel/framework/src/Illuminate/Foundation/Exceptions/Handler.php(1004): response()
#14 C:/laragon/www/license-server/vendor/laravel/framework/src/Illuminate/Foundation/Exceptions/Handler.php(737): Illuminate/Foundation/Exceptions/Handler->prepareJsonResponse(Object(Illuminate/Http/Request), Object(Exception))
#15 C:/laragon/www/license-server/vendor/laravel/framework/src/Illuminate/Foundation/Exceptions/Handler.php(626): Illuminate/Foundation/Exceptions/Handler->renderExceptionResponse(Object(Illuminate/Http/Request), Object(Exception))
#16 C:/laragon/www/license-server/vendor/laravel/framework/src/Illuminate/Foundation/Http/Kernel.php(574): Illuminate/Foundation/Exceptions/Handler->render(Object(Illuminate/Http/Request), Object(Exception))
#17 C:/laragon/www/license-server/vendor/laravel/framework/src/Illuminate/Foundation/Http/Kernel.php(148): Illuminate/Foundation/Http/Kernel->renderException(Object(Illuminate/Http/Request), Object(Exception))
#18 C:/laragon/www/license-server/vendor/laravel/framework/src/Illuminate/Foundation/Application.php(1220): Illuminate/Foundation/Http/Kernel->handle(Object(Illuminate/Http/Request))
#19 C:/laragon/www/license-server/public/index.php(20): Illuminate/Foundation/Application->handleRequest(Object(Illuminate/Http/Request))
#20 {main}

[previous exception] [object] (ReflectionException(code: -1): Class \"view\" does not exist at C:/laragon/www/license-server/vendor/laravel/framework/src/Illuminate/Container/Container.php:1122)
[stacktrace]
#0 C:/laragon/www/license-server/vendor/laravel/framework/src/Illuminate/Container/Container.php(1122): ReflectionClass->__construct('view')
#1 C:/laragon/www/license-server/vendor/laravel/framework/src/Illuminate/Container/Container.php(933): Illuminate/Container/Container->build('view')
#2 C:/laragon/www/license-server/vendor/laravel/framework/src/Illuminate/Foundation/Application.php(1078): Illuminate/Container/Container->resolve('view', Array, true)
#3 C:/laragon/www/license-server/vendor/laravel/framework/src/Illuminate/Container/Container.php(864): Illuminate/Foundation/Application->resolve('view', Array)
#4 C:/laragon/www/license-server/vendor/laravel/framework/src/Illuminate/Foundation/Application.php(1058): Illuminate/Container/Container->make('view', Array)
#5 C:/laragon/www/license-server/vendor/laravel/framework/src/Illuminate/Container/Container.php(1805): Illuminate/Foundation/Application->make('view')
#6 C:/laragon/www/license-server/vendor/laravel/framework/src/Illuminate/Routing/RoutingServiceProvider.php(177): Illuminate/Container/Container->offsetGet('Illuminate//Cont...')
#7 C:/laragon/www/license-server/vendor/laravel/framework/src/Illuminate/Container/Container.php(1115): Illuminate/Routing/RoutingServiceProvider->Illuminate/Routing/{closure}(Object(Illuminate/Foundation/Application), Array)
#8 C:/laragon/www/license-server/vendor/laravel/framework/src/Illuminate/Container/Container.php(933): Illuminate/Container/Container->build(Object(Closure))
#9 C:/laragon/www/license-server/vendor/laravel/framework/src/Illuminate/Foundation/Application.php(1078): Illuminate/Container/Container->resolve('Illuminate//Cont...', Array, true)
#10 C:/laragon/www/license-server/vendor/laravel/framework/src/Illuminate/Container/Container.php(864): Illuminate/Foundation/Application->resolve('Illuminate//Cont...', Array)
#11 C:/laragon/www/license-server/vendor/laravel/framework/src/Illuminate/Foundation/Application.php(1058): Illuminate/Container/Container->make('Illuminate//Cont...', Array)
#12 C:/laragon/www/license-server/vendor/laravel/framework/src/Illuminate/Foundation/helpers.php(138): Illuminate/Foundation/Application->make('Illuminate//Cont...', Array)
#13 C:/laragon/www/license-server/vendor/laravel/framework/src/Illuminate/Foundation/helpers.php(850): app('Illuminate//Cont...')
#14 C:/laragon/www/license-server/vendor/laravel/framework/src/Illuminate/Foundation/Exceptions/Handler.php(1004): response()
#15 C:/laragon/www/license-server/vendor/laravel/framework/src/Illuminate/Foundation/Exceptions/Handler.php(737): Illuminate/Foundation/Exceptions/Handler->prepareJsonResponse(Object(Illuminate/Http/Request), Object(Exception))
#16 C:/laragon/www/license-server/vendor/laravel/framework/src/Illuminate/Foundation/Exceptions/Handler.php(626): Illuminate/Foundation/Exceptions/Handler->renderExceptionResponse(Object(Illuminate/Http/Request), Object(Exception))
#17 C:/laragon/www/license-server/vendor/laravel/framework/src/Illuminate/Foundation/Http/Kernel.php(574): Illuminate/Foundation/Exceptions/Handler->render(Object(Illuminate/Http/Request), Object(Exception))
#18 C:/laragon/www/license-server/vendor/laravel/framework/src/Illuminate/Foundation/Http/Kernel.php(148): Illuminate/Foundation/Http/Kernel->renderException(Object(Illuminate/Http/Request), Object(Exception))
#19 C:/laragon/www/license-server/vendor/laravel/framework/src/Illuminate/Foundation/Application.php(1220): Illuminate/Foundation/Http/Kernel->handle(Object(Illuminate/Http/Request))
#20 C:/laragon/www/license-server/public/index.php(20): Illuminate/Foundation/Application->handleRequest(Object(Illuminate/Http/Request))
#21 {main}
"} 
[2026-08-01 03:27:17] local.ERROR: Uncaught ReflectionException: Class "view" does not exist in C:\laragon\www\license-server\vendor\laravel\framework\src\Illuminate\Container\Container.php:1122
Stack trace:
#0 C:\laragon\www\license-server\vendor\laravel\framework\src\Illuminate\Container\Container.php(1122): ReflectionClass->__construct('view')
#1 C:\laragon\www\license-server\vendor\laravel\framework\src\Illuminate\Container\Container.php(933): Illuminate\Container\Container->build('view')
#2 C:\laragon\www\license-server\vendor\laravel\framework\src\Illuminate\Foundation\Application.php(1078): Illuminate\Container\Container->resolve('view', Array, true)
#3 C:\laragon\www\license-server\vendor\laravel\framework\src\Illuminate\Container\Container.php(864): Illuminate\Foundation\Application->resolve('view', Array)
#4 C:\laragon\www\license-server\vendor\laravel\framework\src\Illuminate\Foundation\Application.php(1058): Illuminate\Container\Container->make('view', Array)
#5 C:\laragon\www\license-server\vendor\laravel\framework\src\Illuminate\Container\Container.php(1805): Illuminate\Foundation\Application->make('view')
#6 C:\laragon\www\license-server\vendor\laravel\framework\src\Illuminate\Routing\RoutingServiceProvider.php(177): Illuminate\Container\Container->offsetGet('Illuminate\\Cont...')
#7 C:\laragon\www\license-server\vendor\laravel\framework\src\Illuminate\Container\Container.php(1115): Illuminate\Routing\RoutingServiceProvider->Illuminate\Routing\{closure}(Object(Illuminate\Foundation\Application), Array)
#8 C:\laragon\www\license-server\vendor\laravel\framework\src\Illuminate\Container\Container.php(933): Illuminate\Container\Container->build(Object(Closure))
#9 C:\laragon\www\license-server\vendor\laravel\framework\src\Illuminate\Foundation\Application.php(1078): Illuminate\Container\Container->resolve('Illuminate\\Cont...', Array, true)
#10 C:\laragon\www\license-server\vendor\laravel\framework\src\Illuminate\Container\Container.php(864): Illuminate\Foundation\Application->resolve('Illuminate\\Cont...', Array)
#11 C:\laragon\www\license-server\vendor\laravel\framework\src\Illuminate\Foundation\Application.php(1058): Illuminate\Container\Container->make('Illuminate\\Cont...', Array)
#12 C:\laragon\www\license-server\vendor\laravel\framework\src\Illuminate\Foundation\helpers.php(138): Illuminate\Foundation\Application->make('Illuminate\\Cont...', Array)
#13 C:\laragon\www\license-server\vendor\laravel\framework\src\Illuminate\Foundation\helpers.php(850): app('Illuminate\\Cont...')
#14 C:\laragon\www\license-server\vendor\laravel\framework\src\Illuminate\Foundation\Exceptions\Handler.php(1004): response()
#15 C:\laragon\www\license-server\vendor\laravel\framework\src\Illuminate\Foundation\Exceptions\Handler.php(737): Illuminate\Foundation\Exceptions\Handler->prepareJsonResponse(Object(Illuminate\Http\Request), Object(Illuminate\Contracts\Container\BindingResolutionException))
#16 C:\laragon\www\license-server\vendor\laravel\framework\src\Illuminate\Foundation\Exceptions\Handler.php(626): Illuminate\Foundation\Exceptions\Handler->renderExceptionResponse(Object(Illuminate\Http\Request), Object(Illuminate\Contracts\Container\BindingResolutionException))
#17 C:\laragon\www\license-server\vendor\laravel\framework\src\Illuminate\Foundation\Bootstrap\HandleExceptions.php(225): Illuminate\Foundation\Exceptions\Handler->render(Object(Illuminate\Http\Request), Object(Illuminate\Contracts\Container\BindingResolutionException))
#18 C:\laragon\www\license-server\vendor\laravel\framework\src\Illuminate\Foundation\Bootstrap\HandleExceptions.php(202): Illuminate\Foundation\Bootstrap\HandleExceptions->renderHttpResponse(Object(Illuminate\Contracts\Container\BindingResolutionException))
#19 C:\laragon\www\license-server\vendor\laravel\framework\src\Illuminate\Foundation\Bootstrap\HandleExceptions.php(262): Illuminate\Foundation\Bootstrap\HandleExceptions->handleException(Object(Illuminate\Contracts\Container\BindingResolutionException))
#20 [internal function]: Illuminate\Foundation\Bootstrap\HandleExceptions->Illuminate\Foundation\Bootstrap\{closure}(Object(Illuminate\Contracts\Container\BindingResolutionException))
#21 {main}

Next Illuminate\Contracts\Container\BindingResolutionException: Target class [view] does not exist. in C:\laragon\www\license-server\vendor\laravel\framework\src\Illuminate\Container\Container.php:1124
Stack trace:
#0 C:\laragon\www\license-server\vendor\laravel\framework\src\Illuminate\Container\Container.php(933): Illuminate\Container\Container->build('view')
#1 C:\laragon\www\license-server\vendor\laravel\framework\src\Illuminate\Foundation\Application.php(1078): Illuminate\Container\Container->resolve('view', Array, true)
#2 C:\laragon\www\license-server\vendor\laravel\framework\src\Illuminate\Container\Container.php(864): Illuminate\Foundation\Application->resolve('view', Array)
#3 C:\laragon\www\license-server\vendor\laravel\framework\src\Illuminate\Foundation\Application.php(1058): Illuminate\Container\Container->make('view', Array)
#4 C:\laragon\www\license-server\vendor\laravel\framework\src\Illuminate\Container\Container.php(1805): Illuminate\Foundation\Application->make('view')
#5 C:\laragon\www\license-server\vendor\laravel\framework\src\Illuminate\Routing\RoutingServiceProvider.php(177): Illuminate\Container\Container->offsetGet('Illuminate\\Cont...')
#6 C:\laragon\www\license-server\vendor\laravel\framework\src\Illuminate\Container\Container.php(1115): Illuminate\Routing\RoutingServiceProvider->Illuminate\Routing\{closure}(Object(Illuminate\Foundation\Application), Array)
#7 C:\laragon\www\license-server\vendor\laravel\framework\src\Illuminate\Container\Container.php(933): Illuminate\Container\Container->build(Object(Closure))
#8 C:\laragon\www\license-server\vendor\laravel\framework\src\Illuminate\Foundation\Application.php(1078): Illuminate\Container\Container->resolve('Illuminate\\Cont...', Array, true)
#9 C:\laragon\www\license-server\vendor\laravel\framework\src\Illuminate\Container\Container.php(864): Illuminate\Foundation\Application->resolve('Illuminate\\Cont...', Array)
#10 C:\laragon\www\license-server\vendor\laravel\framework\src\Illuminate\Foundation\Application.php(1058): Illuminate\Container\Container->make('Illuminate\\Cont...', Array)
#11 C:\laragon\www\license-server\vendor\laravel\framework\src\Illuminate\Foundation\helpers.php(138): Illuminate\Foundation\Application->make('Illuminate\\Cont...', Array)
#12 C:\laragon\www\license-server\vendor\laravel\framework\src\Illuminate\Foundation\helpers.php(850): app('Illuminate\\Cont...')
#13 C:\laragon\www\license-server\vendor\laravel\framework\src\Illuminate\Foundation\Exceptions\Handler.php(1004): response()
#14 C:\laragon\www\license-server\vendor\laravel\framework\src\Illuminate\Foundation\Exceptions\Handler.php(737): Illuminate\Foundation\Exceptions\Handler->prepareJsonResponse(Object(Illuminate\Http\Request), Object(Illuminate\Contracts\Container\BindingResolutionException))
#15 C:\laragon\www\license-server\vendor\laravel\framework\src\Illuminate\Foundation\Exceptions\Handler.php(626): Illuminate\Foundation\Exceptions\Handler->renderExceptionResponse(Object(Illuminate\Http\Request), Object(Illuminate\Contracts\Container\BindingResolutionException))
#16 C:\laragon\www\license-server\vendor\laravel\framework\src\Illuminate\Foundation\Bootstrap\HandleExceptions.php(225): Illuminate\Foundation\Exceptions\Handler->render(Object(Illuminate\Http\Request), Object(Illuminate\Contracts\Container\BindingResolutionException))
#17 C:\laragon\www\license-server\vendor\laravel\framework\src\Illuminate\Foundation\Bootstrap\HandleExceptions.php(202): Illuminate\Foundation\Bootstrap\HandleExceptions->renderHttpResponse(Object(Illuminate\Contracts\Container\BindingResolutionException))
#18 C:\laragon\www\license-server\vendor\laravel\framework\src\Illuminate\Foundation\Bootstrap\HandleExceptions.php(262): Illuminate\Foundation\Bootstrap\HandleExceptions->handleException(Object(Illuminate\Contracts\Container\BindingResolutionException))
#19 [internal function]: Illuminate\Foundation\Bootstrap\HandleExceptions->Illuminate\Foundation\Bootstrap\{closure}(Object(Illuminate\Contracts\Container\BindingResolutionException))
#20 {main}
  thrown {"exception":"[object] (Symfony\\Component\\ErrorHandler\\Error\\FatalError(code: 0): Uncaught ReflectionException: Class \"view\" does not exist in C:\\laragon\\www\\license-server\\vendor\\laravel\\framework\\src\\Illuminate\\Container\\Container.php:1122
Stack trace:
#0 C:\\laragon\\www\\license-server\\vendor\\laravel\\framework\\src\\Illuminate\\Container\\Container.php(1122): ReflectionClass->__construct('view')
#1 C:\\laragon\\www\\license-server\\vendor\\laravel\\framework\\src\\Illuminate\\Container\\Container.php(933): Illuminate\\Container\\Container->build('view')
#2 C:\\laragon\\www\\license-server\\vendor\\laravel\\framework\\src\\Illuminate\\Foundation\\Application.php(1078): Illuminate\\Container\\Container->resolve('view', Array, true)
#3 C:\\laragon\\www\\license-server\\vendor\\laravel\\framework\\src\\Illuminate\\Container\\Container.php(864): Illuminate\\Foundation\\Application->resolve('view', Array)
#4 C:\\laragon\\www\\license-server\\vendor\\laravel\\framework\\src\\Illuminate\\Foundation\\Application.php(1058): Illuminate\\Container\\Container->make('view', Array)
#5 C:\\laragon\\www\\license-server\\vendor\\laravel\\framework\\src\\Illuminate\\Container\\Container.php(1805): Illuminate\\Foundation\\Application->make('view')
#6 C:\\laragon\\www\\license-server\\vendor\\laravel\\framework\\src\\Illuminate\\Routing\\RoutingServiceProvider.php(177): Illuminate\\Container\\Container->offsetGet('Illuminate\\\\Cont...')
#7 C:\\laragon\\www\\license-server\\vendor\\laravel\\framework\\src\\Illuminate\\Container\\Container.php(1115): Illuminate\\Routing\\RoutingServiceProvider->Illuminate\\Routing\\{closure}(Object(Illuminate\\Foundation\\Application), Array)
#8 C:\\laragon\\www\\license-server\\vendor\\laravel\\framework\\src\\Illuminate\\Container\\Container.php(933): Illuminate\\Container\\Container->build(Object(Closure))
#9 C:\\laragon\\www\\license-server\\vendor\\laravel\\framework\\src\\Illuminate\\Foundation\\Application.php(1078): Illuminate\\Container\\Container->resolve('Illuminate\\\\Cont...', Array, true)
#10 C:\\laragon\\www\\license-server\\vendor\\laravel\\framework\\src\\Illuminate\\Container\\Container.php(864): Illuminate\\Foundation\\Application->resolve('Illuminate\\\\Cont...', Array)
#11 C:\\laragon\\www\\license-server\\vendor\\laravel\\framework\\src\\Illuminate\\Foundation\\Application.php(1058): Illuminate\\Container\\Container->make('Illuminate\\\\Cont...', Array)
#12 C:\\laragon\\www\\license-server\\vendor\\laravel\\framework\\src\\Illuminate\\Foundation\\helpers.php(138): Illuminate\\Foundation\\Application->make('Illuminate\\\\Cont...', Array)
#13 C:\\laragon\\www\\license-server\\vendor\\laravel\\framework\\src\\Illuminate\\Foundation\\helpers.php(850): app('Illuminate\\\\Cont...')
#14 C:\\laragon\\www\\license-server\\vendor\\laravel\\framework\\src\\Illuminate\\Foundation\\Exceptions\\Handler.php(1004): response()
#15 C:\\laragon\\www\\license-server\\vendor\\laravel\\framework\\src\\Illuminate\\Foundation\\Exceptions\\Handler.php(737): Illuminate\\Foundation\\Exceptions\\Handler->prepareJsonResponse(Object(Illuminate\\Http\\Request), Object(Illuminate\\Contracts\\Container\\BindingResolutionException))
#16 C:\\laragon\\www\\license-server\\vendor\\laravel\\framework\\src\\Illuminate\\Foundation\\Exceptions\\Handler.php(626): Illuminate\\Foundation\\Exceptions\\Handler->renderExceptionResponse(Object(Illuminate\\Http\\Request), Object(Illuminate\\Contracts\\Container\\BindingResolutionException))
#17 C:\\laragon\\www\\license-server\\vendor\\laravel\\framework\\src\\Illuminate\\Foundation\\Bootstrap\\HandleExceptions.php(225): Illuminate\\Foundation\\Exceptions\\Handler->render(Object(Illuminate\\Http\\Request), Object(Illuminate\\Contracts\\Container\\BindingResolutionException))
#18 C:\\laragon\\www\\license-server\\vendor\\laravel\\framework\\src\\Illuminate\\Foundation\\Bootstrap\\HandleExceptions.php(202): Illuminate\\Foundation\\Bootstrap\\HandleExceptions->renderHttpResponse(Object(Illuminate\\Contracts\\Container\\BindingResolutionException))
#19 C:\\laragon\\www\\license-server\\vendor\\laravel\\framework\\src\\Illuminate\\Foundation\\Bootstrap\\HandleExceptions.php(262): Illuminate\\Foundation\\Bootstrap\\HandleExceptions->handleException(Object(Illuminate\\Contracts\\Container\\BindingResolutionException))
#20 [internal function]: Illuminate\\Foundation\\Bootstrap\\HandleExceptions->Illuminate\\Foundation\\Bootstrap\\{closure}(Object(Illuminate\\Contracts\\Container\\BindingResolutionException))
#21 {main}

Next Illuminate\\Contracts\\Container\\BindingResolutionException: Target class [view] does not exist. in C:\\laragon\\www\\license-server\\vendor\\laravel\\framework\\src\\Illuminate\\Container\\Container.php:1124
Stack trace:
#0 C:\\laragon\\www\\license-server\\vendor\\laravel\\framework\\src\\Illuminate\\Container\\Container.php(933): Illuminate\\Container\\Container->build('view')
#1 C:\\laragon\\www\\license-server\\vendor\\laravel\\framework\\src\\Illuminate\\Foundation\\Application.php(1078): Illuminate\\Container\\Container->resolve('view', Array, true)
#2 C:\\laragon\\www\\license-server\\vendor\\laravel\\framework\\src\\Illuminate\\Container\\Container.php(864): Illuminate\\Foundation\\Application->resolve('view', Array)
#3 C:\\laragon\\www\\license-server\\vendor\\laravel\\framework\\src\\Illuminate\\Foundation\\Application.php(1058): Illuminate\\Container\\Container->make('view', Array)
#4 C:\\laragon\\www\\license-server\\vendor\\laravel\\framework\\src\\Illuminate\\Container\\Container.php(1805): Illuminate\\Foundation\\Application->make('view')
#5 C:\\laragon\\www\\license-server\\vendor\\laravel\\framework\\src\\Illuminate\\Routing\\RoutingServiceProvider.php(177): Illuminate\\Container\\Container->offsetGet('Illuminate\\\\Cont...')
#6 C:\\laragon\\www\\license-server\\vendor\\laravel\\framework\\src\\Illuminate\\Container\\Container.php(1115): Illuminate\\Routing\\RoutingServiceProvider->Illuminate\\Routing\\{closure}(Object(Illuminate\\Foundation\\Application), Array)
#7 C:\\laragon\\www\\license-server\\vendor\\laravel\\framework\\src\\Illuminate\\Container\\Container.php(933): Illuminate\\Container\\Container->build(Object(Closure))
#8 C:\\laragon\\www\\license-server\\vendor\\laravel\\framework\\src\\Illuminate\\Foundation\\Application.php(1078): Illuminate\\Container\\Container->resolve('Illuminate\\\\Cont...', Array, true)
#9 C:\\laragon\\www\\license-server\\vendor\\laravel\\framework\\src\\Illuminate\\Container\\Container.php(864): Illuminate\\Foundation\\Application->resolve('Illuminate\\\\Cont...', Array)
#10 C:\\laragon\\www\\license-server\\vendor\\laravel\\framework\\src\\Illuminate\\Foundation\\Application.php(1058): Illuminate\\Container\\Container->make('Illuminate\\\\Cont...', Array)
#11 C:\\laragon\\www\\license-server\\vendor\\laravel\\framework\\src\\Illuminate\\Foundation\\helpers.php(138): Illuminate\\Foundation\\Application->make('Illuminate\\\\Cont...', Array)
#12 C:\\laragon\\www\\license-server\\vendor\\laravel\\framework\\src\\Illuminate\\Foundation\\helpers.php(850): app('Illuminate\\\\Cont...')
#13 C:\\laragon\\www\\license-server\\vendor\\laravel\\framework\\src\\Illuminate\\Foundation\\Exceptions\\Handler.php(1004): response()
#14 C:\\laragon\\www\\license-server\\vendor\\laravel\\framework\\src\\Illuminate\\Foundation\\Exceptions\\Handler.php(737): Illuminate\\Foundation\\Exceptions\\Handler->prepareJsonResponse(Object(Illuminate\\Http\\Request), Object(Illuminate\\Contracts\\Container\\BindingResolutionException))
#15 C:\\laragon\\www\\license-server\\vendor\\laravel\\framework\\src\\Illuminate\\Foundation\\Exceptions\\Handler.php(626): Illuminate\\Foundation\\Exceptions\\Handler->renderExceptionResponse(Object(Illuminate\\Http\\Request), Object(Illuminate\\Contracts\\Container\\BindingResolutionException))
#16 C:\\laragon\\www\\license-server\\vendor\\laravel\\framework\\src\\Illuminate\\Foundation\\Bootstrap\\HandleExceptions.php(225): Illuminate\\Foundation\\Exceptions\\Handler->render(Object(Illuminate\\Http\\Request), Object(Illuminate\\Contracts\\Container\\BindingResolutionException))
#17 C:\\laragon\\www\\license-server\\vendor\\laravel\\framework\\src\\Illuminate\\Foundation\\Bootstrap\\HandleExceptions.php(202): Illuminate\\Foundation\\Bootstrap\\HandleExceptions->renderHttpResponse(Object(Illuminate\\Contracts\\Container\\BindingResolutionException))
#18 C:\\laragon\\www\\license-server\\vendor\\laravel\\framework\\src\\Illuminate\\Foundation\\Bootstrap\\HandleExceptions.php(262): Illuminate\\Foundation\\Bootstrap\\HandleExceptions->handleException(Object(Illuminate\\Contracts\\Container\\BindingResolutionException))
#19 [internal function]: Illuminate\\Foundation\\Bootstrap\\HandleExceptions->Illuminate\\Foundation\\Bootstrap\\{closure}(Object(Illuminate\\Contracts\\Container\\BindingResolutionException))
#20 {main}
  thrown at C:/laragon/www/license-server/vendor/laravel/framework/src/Illuminate/Container/Container.php:1124)
[stacktrace]
#0 {main}
"} 
[2026-08-01 03:27:47] local.ERROR: The C:\laragon\www\license-server\bootstrap\cache directory must be present and writable. {"exception":"[object] (Exception(code: 0): The C:\\laragon\\www\\license-server\\bootstrap\\cache directory must be present and writable. at C:/laragon/www/license-server/vendor/laravel/framework/src/Illuminate/Foundation/PackageManifest.php:179)
[stacktrace]
#0 C:/laragon/www/license-server/vendor/laravel/framework/src/Illuminate/Foundation/PackageManifest.php(132): Illuminate/Foundation/PackageManifest->write(Array)
#1 C:/laragon/www/license-server/vendor/laravel/framework/src/Illuminate/Foundation/PackageManifest.php(108): Illuminate/Foundation/PackageManifest->build()
#2 C:/laragon/www/license-server/vendor/laravel/framework/src/Illuminate/Foundation/PackageManifest.php(90): Illuminate/Foundation/PackageManifest->getManifest()
#3 C:/laragon/www/license-server/vendor/laravel/framework/src/Illuminate/Foundation/PackageManifest.php(79): Illuminate/Foundation/PackageManifest->config('aliases')
#4 C:/laragon/www/license-server/vendor/laravel/framework/src/Illuminate/Foundation/Bootstrap/RegisterFacades.php(26): Illuminate/Foundation/PackageManifest->aliases()
#5 C:/laragon/www/license-server/vendor/laravel/framework/src/Illuminate/Foundation/Application.php(342): Illuminate/Foundation/Bootstrap/RegisterFacades->bootstrap(Object(Illuminate/Foundation/Application))
#6 C:/laragon/www/license-server/vendor/laravel/framework/src/Illuminate/Foundation/Http/Kernel.php(186): Illuminate/Foundation/Application->bootstrapWith(Array)
#7 C:/laragon/www/license-server/vendor/laravel/framework/src/Illuminate/Foundation/Http/Kernel.php(170): Illuminate/Foundation/Http/Kernel->bootstrap()
#8 C:/laragon/www/license-server/vendor/laravel/framework/src/Illuminate/Foundation/Http/Kernel.php(144): Illuminate/Foundation/Http/Kernel->sendRequestThroughRouter(Object(Illuminate/Http/Request))
#9 C:/laragon/www/license-server/vendor/laravel/framework/src/Illuminate/Foundation/Application.php(1220): Illuminate/Foundation/Http/Kernel->handle(Object(Illuminate/Http/Request))
#10 C:/laragon/www/license-server/public/index.php(20): Illuminate/Foundation/Application->handleRequest(Object(Illuminate/Http/Request))
#11 {main}
"} 
[2026-08-01 03:27:47] local.ERROR: Target class [view] does not exist. {"exception":"[object] (Illuminate\\Contracts\\Container\\BindingResolutionException(code: 0): Target class [view] does not exist. at C:/laragon/www/license-server/vendor/laravel/framework/src/Illuminate/Container/Container.php:1124)
[stacktrace]
#0 C:/laragon/www/license-server/vendor/laravel/framework/src/Illuminate/Container/Container.php(933): Illuminate/Container/Container->build('view')
#1 C:/laragon/www/license-server/vendor/laravel/framework/src/Illuminate/Foundation/Application.php(1078): Illuminate/Container/Container->resolve('view', Array, true)
#2 C:/laragon/www/license-server/vendor/laravel/framework/src/Illuminate/Container/Container.php(864): Illuminate/Foundation/Application->resolve('view', Array)
#3 C:/laragon/www/license-server/vendor/laravel/framework/src/Illuminate/Foundation/Application.php(1058): Illuminate/Container/Container->make('view', Array)
#4 C:/laragon/www/license-server/vendor/laravel/framework/src/Illuminate/Container/Container.php(1805): Illuminate/Foundation/Application->make('view')
#5 C:/laragon/www/license-server/vendor/laravel/framework/src/Illuminate/Routing/RoutingServiceProvider.php(177): Illuminate/Container/Container->offsetGet('Illuminate//Cont...')
#6 C:/laragon/www/license-server/vendor/laravel/framework/src/Illuminate/Container/Container.php(1115): Illuminate/Routing/RoutingServiceProvider->Illuminate/Routing/{closure}(Object(Illuminate/Foundation/Application), Array)
#7 C:/laragon/www/license-server/vendor/laravel/framework/src/Illuminate/Container/Container.php(933): Illuminate/Container/Container->build(Object(Closure))
#8 C:/laragon/www/license-server/vendor/laravel/framework/src/Illuminate/Foundation/Application.php(1078): Illuminate/Container/Container->resolve('Illuminate//Cont...', Array, true)
#9 C:/laragon/www/license-server/vendor/laravel/framework/src/Illuminate/Container/Container.php(864): Illuminate/Foundation/Application->resolve('Illuminate//Cont...', Array)
#10 C:/laragon/www/license-server/vendor/laravel/framework/src/Illuminate/Foundation/Application.php(1058): Illuminate/Container/Container->make('Illuminate//Cont...', Array)
#11 C:/laragon/www/license-server/vendor/laravel/framework/src/Illuminate/Foundation/helpers.php(138): Illuminate/Foundation/Application->make('Illuminate//Cont...', Array)
#12 C:/laragon/www/license-server/vendor/laravel/framework/src/Illuminate/Foundation/helpers.php(850): app('Illuminate//Cont...')
#13 C:/laragon/www/license-server/vendor/laravel/framework/src/Illuminate/Foundation/Exceptions/Handler.php(1004): response()
#14 C:/laragon/www/license-server/vendor/laravel/framework/src/Illuminate/Foundation/Exceptions/Handler.php(737): Illuminate/Foundation/Exceptions/Handler->prepareJsonResponse(Object(Illuminate/Http/Request), Object(Exception))
#15 C:/laragon/www/license-server/vendor/laravel/framework/src/Illuminate/Foundation/Exceptions/Handler.php(626): Illuminate/Foundation/Exceptions/Handler->renderExceptionResponse(Object(Illuminate/Http/Request), Object(Exception))
#16 C:/laragon/www/license-server/vendor/laravel/framework/src/Illuminate/Foundation/Http/Kernel.php(574): Illuminate/Foundation/Exceptions/Handler->render(Object(Illuminate/Http/Request), Object(Exception))
#17 C:/laragon/www/license-server/vendor/laravel/framework/src/Illuminate/Foundation/Http/Kernel.php(148): Illuminate/Foundation/Http/Kernel->renderException(Object(Illuminate/Http/Request), Object(Exception))
#18 C:/laragon/www/license-server/vendor/laravel/framework/src/Illuminate/Foundation/Application.php(1220): Illuminate/Foundation/Http/Kernel->handle(Object(Illuminate/Http/Request))
#19 C:/laragon/www/license-server/public/index.php(20): Illuminate/Foundation/Application->handleRequest(Object(Illuminate/Http/Request))
#20 {main}

[previous exception] [object] (ReflectionException(code: -1): Class \"view\" does not exist at C:/laragon/www/license-server/vendor/laravel/framework/src/Illuminate/Container/Container.php:1122)
[stacktrace]
#0 C:/laragon/www/license-server/vendor/laravel/framework/src/Illuminate/Container/Container.php(1122): ReflectionClass->__construct('view')
#1 C:/laragon/www/license-server/vendor/laravel/framework/src/Illuminate/Container/Container.php(933): Illuminate/Container/Container->build('view')
#2 C:/laragon/www/license-server/vendor/laravel/framework/src/Illuminate/Foundation/Application.php(1078): Illuminate/Container/Container->resolve('view', Array, true)
#3 C:/laragon/www/license-server/vendor/laravel/framework/src/Illuminate/Container/Container.php(864): Illuminate/Foundation/Application->resolve('view', Array)
#4 C:/laragon/www/license-server/vendor/laravel/framework/src/Illuminate/Foundation/Application.php(1058): Illuminate/Container/Container->make('view', Array)
#5 C:/laragon/www/license-server/vendor/laravel/framework/src/Illuminate/Container/Container.php(1805): Illuminate/Foundation/Application->make('view')
#6 C:/laragon/www/license-server/vendor/laravel/framework/src/Illuminate/Routing/RoutingServiceProvider.php(177): Illuminate/Container/Container->offsetGet('Illuminate//Cont...')
#7 C:/laragon/www/license-server/vendor/laravel/framework/src/Illuminate/Container/Container.php(1115): Illuminate/Routing/RoutingServiceProvider->Illuminate/Routing/{closure}(Object(Illuminate/Foundation/Application), Array)
#8 C:/laragon/www/license-server/vendor/laravel/framework/src/Illuminate/Container/Container.php(933): Illuminate/Container/Container->build(Object(Closure))
#9 C:/laragon/www/license-server/vendor/laravel/framework/src/Illuminate/Foundation/Application.php(1078): Illuminate/Container/Container->resolve('Illuminate//Cont...', Array, true)
#10 C:/laragon/www/license-server/vendor/laravel/framework/src/Illuminate/Container/Container.php(864): Illuminate/Foundation/Application->resolve('Illuminate//Cont...', Array)
#11 C:/laragon/www/license-server/vendor/laravel/framework/src/Illuminate/Foundation/Application.php(1058): Illuminate/Container/Container->make('Illuminate//Cont...', Array)
#12 C:/laragon/www/license-server/vendor/laravel/framework/src/Illuminate/Foundation/helpers.php(138): Illuminate/Foundation/Application->make('Illuminate//Cont...', Array)
#13 C:/laragon/www/license-server/vendor/laravel/framework/src/Illuminate/Foundation/helpers.php(850): app('Illuminate//Cont...')
#14 C:/laragon/www/license-server/vendor/laravel/framework/src/Illuminate/Foundation/Exceptions/Handler.php(1004): response()
#15 C:/laragon/www/license-server/vendor/laravel/framework/src/Illuminate/Foundation/Exceptions/Handler.php(737): Illuminate/Foundation/Exceptions/Handler->prepareJsonResponse(Object(Illuminate/Http/Request), Object(Exception))
#16 C:/laragon/www/license-server/vendor/laravel/framework/src/Illuminate/Foundation/Exceptions/Handler.php(626): Illuminate/Foundation/Exceptions/Handler->renderExceptionResponse(Object(Illuminate/Http/Request), Object(Exception))
#17 C:/laragon/www/license-server/vendor/laravel/framework/src/Illuminate/Foundation/Http/Kernel.php(574): Illuminate/Foundation/Exceptions/Handler->render(Object(Illuminate/Http/Request), Object(Exception))
#18 C:/laragon/www/license-server/vendor/laravel/framework/src/Illuminate/Foundation/Http/Kernel.php(148): Illuminate/Foundation/Http/Kernel->renderException(Object(Illuminate/Http/Request), Object(Exception))
#19 C:/laragon/www/license-server/vendor/laravel/framework/src/Illuminate/Foundation/Application.php(1220): Illuminate/Foundation/Http/Kernel->handle(Object(Illuminate/Http/Request))
#20 C:/laragon/www/license-server/public/index.php(20): Illuminate/Foundation/Application->handleRequest(Object(Illuminate/Http/Request))
#21 {main}
"} 
[2026-08-01 03:27:47] local.ERROR: Uncaught ReflectionException: Class "view" does not exist in C:\laragon\www\license-server\vendor\laravel\framework\src\Illuminate\Container\Container.php:1122
Stack trace:
#0 C:\laragon\www\license-server\vendor\laravel\framework\src\Illuminate\Container\Container.php(1122): ReflectionClass->__construct('view')
#1 C:\laragon\www\license-server\vendor\laravel\framework\src\Illuminate\Container\Container.php(933): Illuminate\Container\Container->build('view')
#2 C:\laragon\www\license-server\vendor\laravel\framework\src\Illuminate\Foundation\Application.php(1078): Illuminate\Container\Container->resolve('view', Array, true)
#3 C:\laragon\www\license-server\vendor\laravel\framework\src\Illuminate\Container\Container.php(864): Illuminate\Foundation\Application->resolve('view', Array)
#4 C:\laragon\www\license-server\vendor\laravel\framework\src\Illuminate\Foundation\Application.php(1058): Illuminate\Container\Container->make('view', Array)
#5 C:\laragon\www\license-server\vendor\laravel\framework\src\Illuminate\Container\Container.php(1805): Illuminate\Foundation\Application->make('view')
#6 C:\laragon\www\license-server\vendor\laravel\framework\src\Illuminate\Routing\RoutingServiceProvider.php(177): Illuminate\Container\Container->offsetGet('Illuminate\\Cont...')
#7 C:\laragon\www\license-server\vendor\laravel\framework\src\Illuminate\Container\Container.php(1115): Illuminate\Routing\RoutingServiceProvider->Illuminate\Routing\{closure}(Object(Illuminate\Foundation\Application), Array)
#8 C:\laragon\www\license-server\vendor\laravel\framework\src\Illuminate\Container\Container.php(933): Illuminate\Container\Container->build(Object(Closure))
#9 C:\laragon\www\license-server\vendor\laravel\framework\src\Illuminate\Foundation\Application.php(1078): Illuminate\Container\Container->resolve('Illuminate\\Cont...', Array, true)
#10 C:\laragon\www\license-server\vendor\laravel\framework\src\Illuminate\Container\Container.php(864): Illuminate\Foundation\Application->resolve('Illuminate\\Cont...', Array)
#11 C:\laragon\www\license-server\vendor\laravel\framework\src\Illuminate\Foundation\Application.php(1058): Illuminate\Container\Container->make('Illuminate\\Cont...', Array)
#12 C:\laragon\www\license-server\vendor\laravel\framework\src\Illuminate\Foundation\helpers.php(138): Illuminate\Foundation\Application->make('Illuminate\\Cont...', Array)
#13 C:\laragon\www\license-server\vendor\laravel\framework\src\Illuminate\Foundation\helpers.php(850): app('Illuminate\\Cont...')
#14 C:\laragon\www\license-server\vendor\laravel\framework\src\Illuminate\Foundation\Exceptions\Handler.php(1004): response()
#15 C:\laragon\www\license-server\vendor\laravel\framework\src\Illuminate\Foundation\Exceptions\Handler.php(737): Illuminate\Foundation\Exceptions\Handler->prepareJsonResponse(Object(Illuminate\Http\Request), Object(Illuminate\Contracts\Container\BindingResolutionException))
#16 C:\laragon\www\license-server\vendor\laravel\framework\src\Illuminate\Foundation\Exceptions\Handler.php(626): Illuminate\Foundation\Exceptions\Handler->renderExceptionResponse(Object(Illuminate\Http\Request), Object(Illuminate\Contracts\Container\BindingResolutionException))
#17 C:\laragon\www\license-server\vendor\laravel\framework\src\Illuminate\Foundation\Bootstrap\HandleExceptions.php(225): Illuminate\Foundation\Exceptions\Handler->render(Object(Illuminate\Http\Request), Object(Illuminate\Contracts\Container\BindingResolutionException))
#18 C:\laragon\www\license-server\vendor\laravel\framework\src\Illuminate\Foundation\Bootstrap\HandleExceptions.php(202): Illuminate\Foundation\Bootstrap\HandleExceptions->renderHttpResponse(Object(Illuminate\Contracts\Container\BindingResolutionException))
#19 C:\laragon\www\license-server\vendor\laravel\framework\src\Illuminate\Foundation\Bootstrap\HandleExceptions.php(262): Illuminate\Foundation\Bootstrap\HandleExceptions->handleException(Object(Illuminate\Contracts\Container\BindingResolutionException))
#20 [internal function]: Illuminate\Foundation\Bootstrap\HandleExceptions->Illuminate\Foundation\Bootstrap\{closure}(Object(Illuminate\Contracts\Container\BindingResolutionException))
#21 {main}

Next Illuminate\Contracts\Container\BindingResolutionException: Target class [view] does not exist. in C:\laragon\www\license-server\vendor\laravel\framework\src\Illuminate\Container\Container.php:1124
Stack trace:
#0 C:\laragon\www\license-server\vendor\laravel\framework\src\Illuminate\Container\Container.php(933): Illuminate\Container\Container->build('view')
#1 C:\laragon\www\license-server\vendor\laravel\framework\src\Illuminate\Foundation\Application.php(1078): Illuminate\Container\Container->resolve('view', Array, true)
#2 C:\laragon\www\license-server\vendor\laravel\framework\src\Illuminate\Container\Container.php(864): Illuminate\Foundation\Application->resolve('view', Array)
#3 C:\laragon\www\license-server\vendor\laravel\framework\src\Illuminate\Foundation\Application.php(1058): Illuminate\Container\Container->make('view', Array)
#4 C:\laragon\www\license-server\vendor\laravel\framework\src\Illuminate\Container\Container.php(1805): Illuminate\Foundation\Application->make('view')
#5 C:\laragon\www\license-server\vendor\laravel\framework\src\Illuminate\Routing\RoutingServiceProvider.php(177): Illuminate\Container\Container->offsetGet('Illuminate\\Cont...')
#6 C:\laragon\www\license-server\vendor\laravel\framework\src\Illuminate\Container\Container.php(1115): Illuminate\Routing\RoutingServiceProvider->Illuminate\Routing\{closure}(Object(Illuminate\Foundation\Application), Array)
#7 C:\laragon\www\license-server\vendor\laravel\framework\src\Illuminate\Container\Container.php(933): Illuminate\Container\Container->build(Object(Closure))
#8 C:\laragon\www\license-server\vendor\laravel\framework\src\Illuminate\Foundation\Application.php(1078): Illuminate\Container\Container->resolve('Illuminate\\Cont...', Array, true)
#9 C:\laragon\www\license-server\vendor\laravel\framework\src\Illuminate\Container\Container.php(864): Illuminate\Foundation\Application->resolve('Illuminate\\Cont...', Array)
#10 C:\laragon\www\license-server\vendor\laravel\framework\src\Illuminate\Foundation\Application.php(1058): Illuminate\Container\Container->make('Illuminate\\Cont...', Array)
#11 C:\laragon\www\license-server\vendor\laravel\framework\src\Illuminate\Foundation\helpers.php(138): Illuminate\Foundation\Application->make('Illuminate\\Cont...', Array)
#12 C:\laragon\www\license-server\vendor\laravel\framework\src\Illuminate\Foundation\helpers.php(850): app('Illuminate\\Cont...')
#13 C:\laragon\www\license-server\vendor\laravel\framework\src\Illuminate\Foundation\Exceptions\Handler.php(1004): response()
#14 C:\laragon\www\license-server\vendor\laravel\framework\src\Illuminate\Foundation\Exceptions\Handler.php(737): Illuminate\Foundation\Exceptions\Handler->prepareJsonResponse(Object(Illuminate\Http\Request), Object(Illuminate\Contracts\Container\BindingResolutionException))
#15 C:\laragon\www\license-server\vendor\laravel\framework\src\Illuminate\Foundation\Exceptions\Handler.php(626): Illuminate\Foundation\Exceptions\Handler->renderExceptionResponse(Object(Illuminate\Http\Request), Object(Illuminate\Contracts\Container\BindingResolutionException))
#16 C:\laragon\www\license-server\vendor\laravel\framework\src\Illuminate\Foundation\Bootstrap\HandleExceptions.php(225): Illuminate\Foundation\Exceptions\Handler->render(Object(Illuminate\Http\Request), Object(Illuminate\Contracts\Container\BindingResolutionException))
#17 C:\laragon\www\license-server\vendor\laravel\framework\src\Illuminate\Foundation\Bootstrap\HandleExceptions.php(202): Illuminate\Foundation\Bootstrap\HandleExceptions->renderHttpResponse(Object(Illuminate\Contracts\Container\BindingResolutionException))
#18 C:\laragon\www\license-server\vendor\laravel\framework\src\Illuminate\Foundation\Bootstrap\HandleExceptions.php(262): Illuminate\Foundation\Bootstrap\HandleExceptions->handleException(Object(Illuminate\Contracts\Container\BindingResolutionException))
#19 [internal function]: Illuminate\Foundation\Bootstrap\HandleExceptions->Illuminate\Foundation\Bootstrap\{closure}(Object(Illuminate\Contracts\Container\BindingResolutionException))
#20 {main}
  thrown {"exception":"[object] (Symfony\\Component\\ErrorHandler\\Error\\FatalError(code: 0): Uncaught ReflectionException: Class \"view\" does not exist in C:\\laragon\\www\\license-server\\vendor\\laravel\\framework\\src\\Illuminate\\Container\\Container.php:1122
Stack trace:
#0 C:\\laragon\\www\\license-server\\vendor\\laravel\\framework\\src\\Illuminate\\Container\\Container.php(1122): ReflectionClass->__construct('view')
#1 C:\\laragon\\www\\license-server\\vendor\\laravel\\framework\\src\\Illuminate\\Container\\Container.php(933): Illuminate\\Container\\Container->build('view')
#2 C:\\laragon\\www\\license-server\\vendor\\laravel\\framework\\src\\Illuminate\\Foundation\\Application.php(1078): Illuminate\\Container\\Container->resolve('view', Array, true)
#3 C:\\laragon\\www\\license-server\\vendor\\laravel\\framework\\src\\Illuminate\\Container\\Container.php(864): Illuminate\\Foundation\\Application->resolve('view', Array)
#4 C:\\laragon\\www\\license-server\\vendor\\laravel\\framework\\src\\Illuminate\\Foundation\\Application.php(1058): Illuminate\\Container\\Container->make('view', Array)
#5 C:\\laragon\\www\\license-server\\vendor\\laravel\\framework\\src\\Illuminate\\Container\\Container.php(1805): Illuminate\\Foundation\\Application->make('view')
#6 C:\\laragon\\www\\license-server\\vendor\\laravel\\framework\\src\\Illuminate\\Routing\\RoutingServiceProvider.php(177): Illuminate\\Container\\Container->offsetGet('Illuminate\\\\Cont...')
#7 C:\\laragon\\www\\license-server\\vendor\\laravel\\framework\\src\\Illuminate\\Container\\Container.php(1115): Illuminate\\Routing\\RoutingServiceProvider->Illuminate\\Routing\\{closure}(Object(Illuminate\\Foundation\\Application), Array)
#8 C:\\laragon\\www\\license-server\\vendor\\laravel\\framework\\src\\Illuminate\\Container\\Container.php(933): Illuminate\\Container\\Container->build(Object(Closure))
#9 C:\\laragon\\www\\license-server\\vendor\\laravel\\framework\\src\\Illuminate\\Foundation\\Application.php(1078): Illuminate\\Container\\Container->resolve('Illuminate\\\\Cont...', Array, true)
#10 C:\\laragon\\www\\license-server\\vendor\\laravel\\framework\\src\\Illuminate\\Container\\Container.php(864): Illuminate\\Foundation\\Application->resolve('Illuminate\\\\Cont...', Array)
#11 C:\\laragon\\www\\license-server\\vendor\\laravel\\framework\\src\\Illuminate\\Foundation\\Application.php(1058): Illuminate\\Container\\Container->make('Illuminate\\\\Cont...', Array)
#12 C:\\laragon\\www\\license-server\\vendor\\laravel\\framework\\src\\Illuminate\\Foundation\\helpers.php(138): Illuminate\\Foundation\\Application->make('Illuminate\\\\Cont...', Array)
#13 C:\\laragon\\www\\license-server\\vendor\\laravel\\framework\\src\\Illuminate\\Foundation\\helpers.php(850): app('Illuminate\\\\Cont...')
#14 C:\\laragon\\www\\license-server\\vendor\\laravel\\framework\\src\\Illuminate\\Foundation\\Exceptions\\Handler.php(1004): response()
#15 C:\\laragon\\www\\license-server\\vendor\\laravel\\framework\\src\\Illuminate\\Foundation\\Exceptions\\Handler.php(737): Illuminate\\Foundation\\Exceptions\\Handler->prepareJsonResponse(Object(Illuminate\\Http\\Request), Object(Illuminate\\Contracts\\Container\\BindingResolutionException))
#16 C:\\laragon\\www\\license-server\\vendor\\laravel\\framework\\src\\Illuminate\\Foundation\\Exceptions\\Handler.php(626): Illuminate\\Foundation\\Exceptions\\Handler->renderExceptionResponse(Object(Illuminate\\Http\\Request), Object(Illuminate\\Contracts\\Container\\BindingResolutionException))
#17 C:\\laragon\\www\\license-server\\vendor\\laravel\\framework\\src\\Illuminate\\Foundation\\Bootstrap\\HandleExceptions.php(225): Illuminate\\Foundation\\Exceptions\\Handler->render(Object(Illuminate\\Http\\Request), Object(Illuminate\\Contracts\\Container\\BindingResolutionException))
#18 C:\\laragon\\www\\license-server\\vendor\\laravel\\framework\\src\\Illuminate\\Foundation\\Bootstrap\\HandleExceptions.php(202): Illuminate\\Foundation\\Bootstrap\\HandleExceptions->renderHttpResponse(Object(Illuminate\\Contracts\\Container\\BindingResolutionException))
#19 C:\\laragon\\www\\license-server\\vendor\\laravel\\framework\\src\\Illuminate\\Foundation\\Bootstrap\\HandleExceptions.php(262): Illuminate\\Foundation\\Bootstrap\\HandleExceptions->handleException(Object(Illuminate\\Contracts\\Container\\BindingResolutionException))
#20 [internal function]: Illuminate\\Foundation\\Bootstrap\\HandleExceptions->Illuminate\\Foundation\\Bootstrap\\{closure}(Object(Illuminate\\Contracts\\Container\\BindingResolutionException))
#21 {main}

Next Illuminate\\Contracts\\Container\\BindingResolutionException: Target class [view] does not exist. in C:\\laragon\\www\\license-server\\vendor\\laravel\\framework\\src\\Illuminate\\Container\\Container.php:1124
Stack trace:
#0 C:\\laragon\\www\\license-server\\vendor\\laravel\\framework\\src\\Illuminate\\Container\\Container.php(933): Illuminate\\Container\\Container->build('view')
#1 C:\\laragon\\www\\license-server\\vendor\\laravel\\framework\\src\\Illuminate\\Foundation\\Application.php(1078): Illuminate\\Container\\Container->resolve('view', Array, true)
#2 C:\\laragon\\www\\license-server\\vendor\\laravel\\framework\\src\\Illuminate\\Container\\Container.php(864): Illuminate\\Foundation\\Application->resolve('view', Array)
#3 C:\\laragon\\www\\license-server\\vendor\\laravel\\framework\\src\\Illuminate\\Foundation\\Application.php(1058): Illuminate\\Container\\Container->make('view', Array)
#4 C:\\laragon\\www\\license-server\\vendor\\laravel\\framework\\src\\Illuminate\\Container\\Container.php(1805): Illuminate\\Foundation\\Application->make('view')
#5 C:\\laragon\\www\\license-server\\vendor\\laravel\\framework\\src\\Illuminate\\Routing\\RoutingServiceProvider.php(177): Illuminate\\Container\\Container->offsetGet('Illuminate\\\\Cont...')
#6 C:\\laragon\\www\\license-server\\vendor\\laravel\\framework\\src\\Illuminate\\Container\\Container.php(1115): Illuminate\\Routing\\RoutingServiceProvider->Illuminate\\Routing\\{closure}(Object(Illuminate\\Foundation\\Application), Array)
#7 C:\\laragon\\www\\license-server\\vendor\\laravel\\framework\\src\\Illuminate\\Container\\Container.php(933): Illuminate\\Container\\Container->build(Object(Closure))
#8 C:\\laragon\\www\\license-server\\vendor\\laravel\\framework\\src\\Illuminate\\Foundation\\Application.php(1078): Illuminate\\Container\\Container->resolve('Illuminate\\\\Cont...', Array, true)
#9 C:\\laragon\\www\\license-server\\vendor\\laravel\\framework\\src\\Illuminate\\Container\\Container.php(864): Illuminate\\Foundation\\Application->resolve('Illuminate\\\\Cont...', Array)
#10 C:\\laragon\\www\\license-server\\vendor\\laravel\\framework\\src\\Illuminate\\Foundation\\Application.php(1058): Illuminate\\Container\\Container->make('Illuminate\\\\Cont...', Array)
#11 C:\\laragon\\www\\license-server\\vendor\\laravel\\framework\\src\\Illuminate\\Foundation\\helpers.php(138): Illuminate\\Foundation\\Application->make('Illuminate\\\\Cont...', Array)
#12 C:\\laragon\\www\\license-server\\vendor\\laravel\\framework\\src\\Illuminate\\Foundation\\helpers.php(850): app('Illuminate\\\\Cont...')
#13 C:\\laragon\\www\\license-server\\vendor\\laravel\\framework\\src\\Illuminate\\Foundation\\Exceptions\\Handler.php(1004): response()
#14 C:\\laragon\\www\\license-server\\vendor\\laravel\\framework\\src\\Illuminate\\Foundation\\Exceptions\\Handler.php(737): Illuminate\\Foundation\\Exceptions\\Handler->prepareJsonResponse(Object(Illuminate\\Http\\Request), Object(Illuminate\\Contracts\\Container\\BindingResolutionException))
#15 C:\\laragon\\www\\license-server\\vendor\\laravel\\framework\\src\\Illuminate\\Foundation\\Exceptions\\Handler.php(626): Illuminate\\Foundation\\Exceptions\\Handler->renderExceptionResponse(Object(Illuminate\\Http\\Request), Object(Illuminate\\Contracts\\Container\\BindingResolutionException))
#16 C:\\laragon\\www\\license-server\\vendor\\laravel\\framework\\src\\Illuminate\\Foundation\\Bootstrap\\HandleExceptions.php(225): Illuminate\\Foundation\\Exceptions\\Handler->render(Object(Illuminate\\Http\\Request), Object(Illuminate\\Contracts\\Container\\BindingResolutionException))
#17 C:\\laragon\\www\\license-server\\vendor\\laravel\\framework\\src\\Illuminate\\Foundation\\Bootstrap\\HandleExceptions.php(202): Illuminate\\Foundation\\Bootstrap\\HandleExceptions->renderHttpResponse(Object(Illuminate\\Contracts\\Container\\BindingResolutionException))
#18 C:\\laragon\\www\\license-server\\vendor\\laravel\\framework\\src\\Illuminate\\Foundation\\Bootstrap\\HandleExceptions.php(262): Illuminate\\Foundation\\Bootstrap\\HandleExceptions->handleException(Object(Illuminate\\Contracts\\Container\\BindingResolutionException))
#19 [internal function]: Illuminate\\Foundation\\Bootstrap\\HandleExceptions->Illuminate\\Foundation\\Bootstrap\\{closure}(Object(Illuminate\\Contracts\\Container\\BindingResolutionException))
#20 {main}
  thrown at C:/laragon/www/license-server/vendor/laravel/framework/src/Illuminate/Container/Container.php:1124)
[stacktrace]
#0 {main}
"} 
[2026-08-01 03:28:18] local.ERROR: The C:\laragon\www\license-server\bootstrap\cache directory must be present and writable. {"exception":"[object] (Exception(code: 0): The C:\\laragon\\www\\license-server\\bootstrap\\cache directory must be present and writable. at C:/laragon/www/license-server/vendor/laravel/framework/src/Illuminate/Foundation/PackageManifest.php:179)
[stacktrace]
#0 C:/laragon/www/license-server/vendor/laravel/framework/src/Illuminate/Foundation/PackageManifest.php(132): Illuminate/Foundation/PackageManifest->write(Array)
#1 C:/laragon/www/license-server/vendor/laravel/framework/src/Illuminate/Foundation/PackageManifest.php(108): Illuminate/Foundation/PackageManifest->build()
#2 C:/laragon/www/license-server/vendor/laravel/framework/src/Illuminate/Foundation/PackageManifest.php(90): Illuminate/Foundation/PackageManifest->getManifest()
#3 C:/laragon/www/license-server/vendor/laravel/framework/src/Illuminate/Foundation/PackageManifest.php(79): Illuminate/Foundation/PackageManifest->config('aliases')
#4 C:/laragon/www/license-server/vendor/laravel/framework/src/Illuminate/Foundation/Bootstrap/RegisterFacades.php(26): Illuminate/Foundation/PackageManifest->aliases()
#5 C:/laragon/www/license-server/vendor/laravel/framework/src/Illuminate/Foundation/Application.php(342): Illuminate/Foundation/Bootstrap/RegisterFacades->bootstrap(Object(Illuminate/Foundation/Application))
#6 C:/laragon/www/license-server/vendor/laravel/framework/src/Illuminate/Foundation/Http/Kernel.php(186): Illuminate/Foundation/Application->bootstrapWith(Array)
#7 C:/laragon/www/license-server/vendor/laravel/framework/src/Illuminate/Foundation/Http/Kernel.php(170): Illuminate/Foundation/Http/Kernel->bootstrap()
#8 C:/laragon/www/license-server/vendor/laravel/framework/src/Illuminate/Foundation/Http/Kernel.php(144): Illuminate/Foundation/Http/Kernel->sendRequestThroughRouter(Object(Illuminate/Http/Request))
#9 C:/laragon/www/license-server/vendor/laravel/framework/src/Illuminate/Foundation/Application.php(1220): Illuminate/Foundation/Http/Kernel->handle(Object(Illuminate/Http/Request))
#10 C:/laragon/www/license-server/public/index.php(20): Illuminate/Foundation/Application->handleRequest(Object(Illuminate/Http/Request))
#11 {main}
"} 
[2026-08-01 03:28:18] local.ERROR: Target class [view] does not exist. {"exception":"[object] (Illuminate\\Contracts\\Container\\BindingResolutionException(code: 0): Target class [view] does not exist. at C:/laragon/www/license-server/vendor/laravel/framework/src/Illuminate/Container/Container.php:1124)
[stacktrace]
#0 C:/laragon/www/license-server/vendor/laravel/framework/src/Illuminate/Container/Container.php(933): Illuminate/Container/Container->build('view')
#1 C:/laragon/www/license-server/vendor/laravel/framework/src/Illuminate/Foundation/Application.php(1078): Illuminate/Container/Container->resolve('view', Array, true)
#2 C:/laragon/www/license-server/vendor/laravel/framework/src/Illuminate/Container/Container.php(864): Illuminate/Foundation/Application->resolve('view', Array)
#3 C:/laragon/www/license-server/vendor/laravel/framework/src/Illuminate/Foundation/Application.php(1058): Illuminate/Container/Container->make('view', Array)
#4 C:/laragon/www/license-server/vendor/laravel/framework/src/Illuminate/Container/Container.php(1805): Illuminate/Foundation/Application->make('view')
#5 C:/laragon/www/license-server/vendor/laravel/framework/src/Illuminate/Routing/RoutingServiceProvider.php(177): Illuminate/Container/Container->offsetGet('Illuminate//Cont...')
#6 C:/laragon/www/license-server/vendor/laravel/framework/src/Illuminate/Container/Container.php(1115): Illuminate/Routing/RoutingServiceProvider->Illuminate/Routing/{closure}(Object(Illuminate/Foundation/Application), Array)
#7 C:/laragon/www/license-server/vendor/laravel/framework/src/Illuminate/Container/Container.php(933): Illuminate/Container/Container->build(Object(Closure))
#8 C:/laragon/www/license-server/vendor/laravel/framework/src/Illuminate/Foundation/Application.php(1078): Illuminate/Container/Container->resolve('Illuminate//Cont...', Array, true)
#9 C:/laragon/www/license-server/vendor/laravel/framework/src/Illuminate/Container/Container.php(864): Illuminate/Foundation/Application->resolve('Illuminate//Cont...', Array)
#10 C:/laragon/www/license-server/vendor/laravel/framework/src/Illuminate/Foundation/Application.php(1058): Illuminate/Container/Container->make('Illuminate//Cont...', Array)
#11 C:/laragon/www/license-server/vendor/laravel/framework/src/Illuminate/Foundation/helpers.php(138): Illuminate/Foundation/Application->make('Illuminate//Cont...', Array)
#12 C:/laragon/www/license-server/vendor/laravel/framework/src/Illuminate/Foundation/helpers.php(850): app('Illuminate//Cont...')
#13 C:/laragon/www/license-server/vendor/laravel/framework/src/Illuminate/Foundation/Exceptions/Handler.php(1004): response()
#14 C:/laragon/www/license-server/vendor/laravel/framework/src/Illuminate/Foundation/Exceptions/Handler.php(737): Illuminate/Foundation/Exceptions/Handler->prepareJsonResponse(Object(Illuminate/Http/Request), Object(Exception))
#15 C:/laragon/www/license-server/vendor/laravel/framework/src/Illuminate/Foundation/Exceptions/Handler.php(626): Illuminate/Foundation/Exceptions/Handler->renderExceptionResponse(Object(Illuminate/Http/Request), Object(Exception))
#16 C:/laragon/www/license-server/vendor/laravel/framework/src/Illuminate/Foundation/Http/Kernel.php(574): Illuminate/Foundation/Exceptions/Handler->render(Object(Illuminate/Http/Request), Object(Exception))
#17 C:/laragon/www/license-server/vendor/laravel/framework/src/Illuminate/Foundation/Http/Kernel.php(148): Illuminate/Foundation/Http/Kernel->renderException(Object(Illuminate/Http/Request), Object(Exception))
#18 C:/laragon/www/license-server/vendor/laravel/framework/src/Illuminate/Foundation/Application.php(1220): Illuminate/Foundation/Http/Kernel->handle(Object(Illuminate/Http/Request))
#19 C:/laragon/www/license-server/public/index.php(20): Illuminate/Foundation/Application->handleRequest(Object(Illuminate/Http/Request))
#20 {main}

[previous exception] [object] (ReflectionException(code: -1): Class \"view\" does not exist at C:/laragon/www/license-server/vendor/laravel/framework/src/Illuminate/Container/Container.php:1122)
[stacktrace]
#0 C:/laragon/www/license-server/vendor/laravel/framework/src/Illuminate/Container/Container.php(1122): ReflectionClass->__construct('view')
#1 C:/laragon/www/license-server/vendor/laravel/framework/src/Illuminate/Container/Container.php(933): Illuminate/Container/Container->build('view')
#2 C:/laragon/www/license-server/vendor/laravel/framework/src/Illuminate/Foundation/Application.php(1078): Illuminate/Container/Container->resolve('view', Array, true)
#3 C:/laragon/www/license-server/vendor/laravel/framework/src/Illuminate/Container/Container.php(864): Illuminate/Foundation/Application->resolve('view', Array)
#4 C:/laragon/www/license-server/vendor/laravel/framework/src/Illuminate/Foundation/Application.php(1058): Illuminate/Container/Container->make('view', Array)
#5 C:/laragon/www/license-server/vendor/laravel/framework/src/Illuminate/Container/Container.php(1805): Illuminate/Foundation/Application->make('view')
#6 C:/laragon/www/license-server/vendor/laravel/framework/src/Illuminate/Routing/RoutingServiceProvider.php(177): Illuminate/Container/Container->offsetGet('Illuminate//Cont...')
#7 C:/laragon/www/license-server/vendor/laravel/framework/src/Illuminate/Container/Container.php(1115): Illuminate/Routing/RoutingServiceProvider->Illuminate/Routing/{closure}(Object(Illuminate/Foundation/Application), Array)
#8 C:/laragon/www/license-server/vendor/laravel/framework/src/Illuminate/Container/Container.php(933): Illuminate/Container/Container->build(Object(Closure))
#9 C:/laragon/www/license-server/vendor/laravel/framework/src/Illuminate/Foundation/Application.php(1078): Illuminate/Container/Container->resolve('Illuminate//Cont...', Array, true)
#10 C:/laragon/www/license-server/vendor/laravel/framework/src/Illuminate/Container/Container.php(864): Illuminate/Foundation/Application->resolve('Illuminate//Cont...', Array)
#11 C:/laragon/www/license-server/vendor/laravel/framework/src/Illuminate/Foundation/Application.php(1058): Illuminate/Container/Container->make('Illuminate//Cont...', Array)
#12 C:/laragon/www/license-server/vendor/laravel/framework/src/Illuminate/Foundation/helpers.php(138): Illuminate/Foundation/Application->make('Illuminate//Cont...', Array)
#13 C:/laragon/www/license-server/vendor/laravel/framework/src/Illuminate/Foundation/helpers.php(850): app('Illuminate//Cont...')
#14 C:/laragon/www/license-server/vendor/laravel/framework/src/Illuminate/Foundation/Exceptions/Handler.php(1004): response()
#15 C:/laragon/www/license-server/vendor/laravel/framework/src/Illuminate/Foundation/Exceptions/Handler.php(737): Illuminate/Foundation/Exceptions/Handler->prepareJsonResponse(Object(Illuminate/Http/Request), Object(Exception))
#16 C:/laragon/www/license-server/vendor/laravel/framework/src/Illuminate/Foundation/Exceptions/Handler.php(626): Illuminate/Foundation/Exceptions/Handler->renderExceptionResponse(Object(Illuminate/Http/Request), Object(Exception))
#17 C:/laragon/www/license-server/vendor/laravel/framework/src/Illuminate/Foundation/Http/Kernel.php(574): Illuminate/Foundation/Exceptions/Handler->render(Object(Illuminate/Http/Request), Object(Exception))
#18 C:/laragon/www/license-server/vendor/laravel/framework/src/Illuminate/Foundation/Http/Kernel.php(148): Illuminate/Foundation/Http/Kernel->renderException(Object(Illuminate/Http/Request), Object(Exception))
#19 C:/laragon/www/license-server/vendor/laravel/framework/src/Illuminate/Foundation/Application.php(1220): Illuminate/Foundation/Http/Kernel->handle(Object(Illuminate/Http/Request))
#20 C:/laragon/www/license-server/public/index.php(20): Illuminate/Foundation/Application->handleRequest(Object(Illuminate/Http/Request))
#21 {main}
"} 
[2026-08-01 03:28:18] local.ERROR: Uncaught ReflectionException: Class "view" does not exist in C:\laragon\www\license-server\vendor\laravel\framework\src\Illuminate\Container\Container.php:1122
Stack trace:
#0 C:\laragon\www\license-server\vendor\laravel\framework\src\Illuminate\Container\Container.php(1122): ReflectionClass->__construct('view')
#1 C:\laragon\www\license-server\vendor\laravel\framework\src\Illuminate\Container\Container.php(933): Illuminate\Container\Container->build('view')
#2 C:\laragon\www\license-server\vendor\laravel\framework\src\Illuminate\Foundation\Application.php(1078): Illuminate\Container\Container->resolve('view', Array, true)
#3 C:\laragon\www\license-server\vendor\laravel\framework\src\Illuminate\Container\Container.php(864): Illuminate\Foundation\Application->resolve('view', Array)
#4 C:\laragon\www\license-server\vendor\laravel\framework\src\Illuminate\Foundation\Application.php(1058): Illuminate\Container\Container->make('view', Array)
#5 C:\laragon\www\license-server\vendor\laravel\framework\src\Illuminate\Container\Container.php(1805): Illuminate\Foundation\Application->make('view')
#6 C:\laragon\www\license-server\vendor\laravel\framework\src\Illuminate\Routing\RoutingServiceProvider.php(177): Illuminate\Container\Container->offsetGet('Illuminate\\Cont...')
#7 C:\laragon\www\license-server\vendor\laravel\framework\src\Illuminate\Container\Container.php(1115): Illuminate\Routing\RoutingServiceProvider->Illuminate\Routing\{closure}(Object(Illuminate\Foundation\Application), Array)
#8 C:\laragon\www\license-server\vendor\laravel\framework\src\Illuminate\Container\Container.php(933): Illuminate\Container\Container->build(Object(Closure))
#9 C:\laragon\www\license-server\vendor\laravel\framework\src\Illuminate\Foundation\Application.php(1078): Illuminate\Container\Container->resolve('Illuminate\\Cont...', Array, true)
#10 C:\laragon\www\license-server\vendor\laravel\framework\src\Illuminate\Container\Container.php(864): Illuminate\Foundation\Application->resolve('Illuminate\\Cont...', Array)
#11 C:\laragon\www\license-server\vendor\laravel\framework\src\Illuminate\Foundation\Application.php(1058): Illuminate\Container\Container->make('Illuminate\\Cont...', Array)
#12 C:\laragon\www\license-server\vendor\laravel\framework\src\Illuminate\Foundation\helpers.php(138): Illuminate\Foundation\Application->make('Illuminate\\Cont...', Array)
#13 C:\laragon\www\license-server\vendor\laravel\framework\src\Illuminate\Foundation\helpers.php(850): app('Illuminate\\Cont...')
#14 C:\laragon\www\license-server\vendor\laravel\framework\src\Illuminate\Foundation\Exceptions\Handler.php(1004): response()
#15 C:\laragon\www\license-server\vendor\laravel\framework\src\Illuminate\Foundation\Exceptions\Handler.php(737): Illuminate\Foundation\Exceptions\Handler->prepareJsonResponse(Object(Illuminate\Http\Request), Object(Illuminate\Contracts\Container\BindingResolutionException))
#16 C:\laragon\www\license-server\vendor\laravel\framework\src\Illuminate\Foundation\Exceptions\Handler.php(626): Illuminate\Foundation\Exceptions\Handler->renderExceptionResponse(Object(Illuminate\Http\Request), Object(Illuminate\Contracts\Container\BindingResolutionException))
#17 C:\laragon\www\license-server\vendor\laravel\framework\src\Illuminate\Foundation\Bootstrap\HandleExceptions.php(225): Illuminate\Foundation\Exceptions\Handler->render(Object(Illuminate\Http\Request), Object(Illuminate\Contracts\Container\BindingResolutionException))
#18 C:\laragon\www\license-server\vendor\laravel\framework\src\Illuminate\Foundation\Bootstrap\HandleExceptions.php(202): Illuminate\Foundation\Bootstrap\HandleExceptions->renderHttpResponse(Object(Illuminate\Contracts\Container\BindingResolutionException))
#19 C:\laragon\www\license-server\vendor\laravel\framework\src\Illuminate\Foundation\Bootstrap\HandleExceptions.php(262): Illuminate\Foundation\Bootstrap\HandleExceptions->handleException(Object(Illuminate\Contracts\Container\BindingResolutionException))
#20 [internal function]: Illuminate\Foundation\Bootstrap\HandleExceptions->Illuminate\Foundation\Bootstrap\{closure}(Object(Illuminate\Contracts\Container\BindingResolutionException))
#21 {main}

Next Illuminate\Contracts\Container\BindingResolutionException: Target class [view] does not exist. in C:\laragon\www\license-server\vendor\laravel\framework\src\Illuminate\Container\Container.php:1124
Stack trace:
#0 C:\laragon\www\license-server\vendor\laravel\framework\src\Illuminate\Container\Container.php(933): Illuminate\Container\Container->build('view')
#1 C:\laragon\www\license-server\vendor\laravel\framework\src\Illuminate\Foundation\Application.php(1078): Illuminate\Container\Container->resolve('view', Array, true)
#2 C:\laragon\www\license-server\vendor\laravel\framework\src\Illuminate\Container\Container.php(864): Illuminate\Foundation\Application->resolve('view', Array)
#3 C:\laragon\www\license-server\vendor\laravel\framework\src\Illuminate\Foundation\Application.php(1058): Illuminate\Container\Container->make('view', Array)
#4 C:\laragon\www\license-server\vendor\laravel\framework\src\Illuminate\Container\Container.php(1805): Illuminate\Foundation\Application->make('view')
#5 C:\laragon\www\license-server\vendor\laravel\framework\src\Illuminate\Routing\RoutingServiceProvider.php(177): Illuminate\Container\Container->offsetGet('Illuminate\\Cont...')
#6 C:\laragon\www\license-server\vendor\laravel\framework\src\Illuminate\Container\Container.php(1115): Illuminate\Routing\RoutingServiceProvider->Illuminate\Routing\{closure}(Object(Illuminate\Foundation\Application), Array)
#7 C:\laragon\www\license-server\vendor\laravel\framework\src\Illuminate\Container\Container.php(933): Illuminate\Container\Container->build(Object(Closure))
#8 C:\laragon\www\license-server\vendor\laravel\framework\src\Illuminate\Foundation\Application.php(1078): Illuminate\Container\Container->resolve('Illuminate\\Cont...', Array, true)
#9 C:\laragon\www\license-server\vendor\laravel\framework\src\Illuminate\Container\Container.php(864): Illuminate\Foundation\Application->resolve('Illuminate\\Cont...', Array)
#10 C:\laragon\www\license-server\vendor\laravel\framework\src\Illuminate\Foundation\Application.php(1058): Illuminate\Container\Container->make('Illuminate\\Cont...', Array)
#11 C:\laragon\www\license-server\vendor\laravel\framework\src\Illuminate\Foundation\helpers.php(138): Illuminate\Foundation\Application->make('Illuminate\\Cont...', Array)
#12 C:\laragon\www\license-server\vendor\laravel\framework\src\Illuminate\Foundation\helpers.php(850): app('Illuminate\\Cont...')
#13 C:\laragon\www\license-server\vendor\laravel\framework\src\Illuminate\Foundation\Exceptions\Handler.php(1004): response()
#14 C:\laragon\www\license-server\vendor\laravel\framework\src\Illuminate\Foundation\Exceptions\Handler.php(737): Illuminate\Foundation\Exceptions\Handler->prepareJsonResponse(Object(Illuminate\Http\Request), Object(Illuminate\Contracts\Container\BindingResolutionException))
#15 C:\laragon\www\license-server\vendor\laravel\framework\src\Illuminate\Foundation\Exceptions\Handler.php(626): Illuminate\Foundation\Exceptions\Handler->renderExceptionResponse(Object(Illuminate\Http\Request), Object(Illuminate\Contracts\Container\BindingResolutionException))
#16 C:\laragon\www\license-server\vendor\laravel\framework\src\Illuminate\Foundation\Bootstrap\HandleExceptions.php(225): Illuminate\Foundation\Exceptions\Handler->render(Object(Illuminate\Http\Request), Object(Illuminate\Contracts\Container\BindingResolutionException))
#17 C:\laragon\www\license-server\vendor\laravel\framework\src\Illuminate\Foundation\Bootstrap\HandleExceptions.php(202): Illuminate\Foundation\Bootstrap\HandleExceptions->renderHttpResponse(Object(Illuminate\Contracts\Container\BindingResolutionException))
#18 C:\laragon\www\license-server\vendor\laravel\framework\src\Illuminate\Foundation\Bootstrap\HandleExceptions.php(262): Illuminate\Foundation\Bootstrap\HandleExceptions->handleException(Object(Illuminate\Contracts\Container\BindingResolutionException))
#19 [internal function]: Illuminate\Foundation\Bootstrap\HandleExceptions->Illuminate\Foundation\Bootstrap\{closure}(Object(Illuminate\Contracts\Container\BindingResolutionException))
#20 {main}
  thrown {"exception":"[object] (Symfony\\Component\\ErrorHandler\\Error\\FatalError(code: 0): Uncaught ReflectionException: Class \"view\" does not exist in C:\\laragon\\www\\license-server\\vendor\\laravel\\framework\\src\\Illuminate\\Container\\Container.php:1122
Stack trace:
#0 C:\\laragon\\www\\license-server\\vendor\\laravel\\framework\\src\\Illuminate\\Container\\Container.php(1122): ReflectionClass->__construct('view')
#1 C:\\laragon\\www\\license-server\\vendor\\laravel\\framework\\src\\Illuminate\\Container\\Container.php(933): Illuminate\\Container\\Container->build('view')
#2 C:\\laragon\\www\\license-server\\vendor\\laravel\\framework\\src\\Illuminate\\Foundation\\Application.php(1078): Illuminate\\Container\\Container->resolve('view', Array, true)
#3 C:\\laragon\\www\\license-server\\vendor\\laravel\\framework\\src\\Illuminate\\Container\\Container.php(864): Illuminate\\Foundation\\Application->resolve('view', Array)
#4 C:\\laragon\\www\\license-server\\vendor\\laravel\\framework\\src\\Illuminate\\Foundation\\Application.php(1058): Illuminate\\Container\\Container->make('view', Array)
#5 C:\\laragon\\www\\license-server\\vendor\\laravel\\framework\\src\\Illuminate\\Container\\Container.php(1805): Illuminate\\Foundation\\Application->make('view')
#6 C:\\laragon\\www\\license-server\\vendor\\laravel\\framework\\src\\Illuminate\\Routing\\RoutingServiceProvider.php(177): Illuminate\\Container\\Container->offsetGet('Illuminate\\\\Cont...')
#7 C:\\laragon\\www\\license-server\\vendor\\laravel\\framework\\src\\Illuminate\\Container\\Container.php(1115): Illuminate\\Routing\\RoutingServiceProvider->Illuminate\\Routing\\{closure}(Object(Illuminate\\Foundation\\Application), Array)
#8 C:\\laragon\\www\\license-server\\vendor\\laravel\\framework\\src\\Illuminate\\Container\\Container.php(933): Illuminate\\Container\\Container->build(Object(Closure))
#9 C:\\laragon\\www\\license-server\\vendor\\laravel\\framework\\src\\Illuminate\\Foundation\\Application.php(1078): Illuminate\\Container\\Container->resolve('Illuminate\\\\Cont...', Array, true)
#10 C:\\laragon\\www\\license-server\\vendor\\laravel\\framework\\src\\Illuminate\\Container\\Container.php(864): Illuminate\\Foundation\\Application->resolve('Illuminate\\\\Cont...', Array)
#11 C:\\laragon\\www\\license-server\\vendor\\laravel\\framework\\src\\Illuminate\\Foundation\\Application.php(1058): Illuminate\\Container\\Container->make('Illuminate\\\\Cont...', Array)
#12 C:\\laragon\\www\\license-server\\vendor\\laravel\\framework\\src\\Illuminate\\Foundation\\helpers.php(138): Illuminate\\Foundation\\Application->make('Illuminate\\\\Cont...', Array)
#13 C:\\laragon\\www\\license-server\\vendor\\laravel\\framework\\src\\Illuminate\\Foundation\\helpers.php(850): app('Illuminate\\\\Cont...')
#14 C:\\laragon\\www\\license-server\\vendor\\laravel\\framework\\src\\Illuminate\\Foundation\\Exceptions\\Handler.php(1004): response()
#15 C:\\laragon\\www\\license-server\\vendor\\laravel\\framework\\src\\Illuminate\\Foundation\\Exceptions\\Handler.php(737): Illuminate\\Foundation\\Exceptions\\Handler->prepareJsonResponse(Object(Illuminate\\Http\\Request), Object(Illuminate\\Contracts\\Container\\BindingResolutionException))
#16 C:\\laragon\\www\\license-server\\vendor\\laravel\\framework\\src\\Illuminate\\Foundation\\Exceptions\\Handler.php(626): Illuminate\\Foundation\\Exceptions\\Handler->renderExceptionResponse(Object(Illuminate\\Http\\Request), Object(Illuminate\\Contracts\\Container\\BindingResolutionException))
#17 C:\\laragon\\www\\license-server\\vendor\\laravel\\framework\\src\\Illuminate\\Foundation\\Bootstrap\\HandleExceptions.php(225): Illuminate\\Foundation\\Exceptions\\Handler->render(Object(Illuminate\\Http\\Request), Object(Illuminate\\Contracts\\Container\\BindingResolutionException))
#18 C:\\laragon\\www\\license-server\\vendor\\laravel\\framework\\src\\Illuminate\\Foundation\\Bootstrap\\HandleExceptions.php(202): Illuminate\\Foundation\\Bootstrap\\HandleExceptions->renderHttpResponse(Object(Illuminate\\Contracts\\Container\\BindingResolutionException))
#19 C:\\laragon\\www\\license-server\\vendor\\laravel\\framework\\src\\Illuminate\\Foundation\\Bootstrap\\HandleExceptions.php(262): Illuminate\\Foundation\\Bootstrap\\HandleExceptions->handleException(Object(Illuminate\\Contracts\\Container\\BindingResolutionException))
#20 [internal function]: Illuminate\\Foundation\\Bootstrap\\HandleExceptions->Illuminate\\Foundation\\Bootstrap\\{closure}(Object(Illuminate\\Contracts\\Container\\BindingResolutionException))
#21 {main}

Next Illuminate\\Contracts\\Container\\BindingResolutionException: Target class [view] does not exist. in C:\\laragon\\www\\license-server\\vendor\\laravel\\framework\\src\\Illuminate\\Container\\Container.php:1124
Stack trace:
#0 C:\\laragon\\www\\license-server\\vendor\\laravel\\framework\\src\\Illuminate\\Container\\Container.php(933): Illuminate\\Container\\Container->build('view')
#1 C:\\laragon\\www\\license-server\\vendor\\laravel\\framework\\src\\Illuminate\\Foundation\\Application.php(1078): Illuminate\\Container\\Container->resolve('view', Array, true)
#2 C:\\laragon\\www\\license-server\\vendor\\laravel\\framework\\src\\Illuminate\\Container\\Container.php(864): Illuminate\\Foundation\\Application->resolve('view', Array)
#3 C:\\laragon\\www\\license-server\\vendor\\laravel\\framework\\src\\Illuminate\\Foundation\\Application.php(1058): Illuminate\\Container\\Container->make('view', Array)
#4 C:\\laragon\\www\\license-server\\vendor\\laravel\\framework\\src\\Illuminate\\Container\\Container.php(1805): Illuminate\\Foundation\\Application->make('view')
#5 C:\\laragon\\www\\license-server\\vendor\\laravel\\framework\\src\\Illuminate\\Routing\\RoutingServiceProvider.php(177): Illuminate\\Container\\Container->offsetGet('Illuminate\\\\Cont...')
#6 C:\\laragon\\www\\license-server\\vendor\\laravel\\framework\\src\\Illuminate\\Container\\Container.php(1115): Illuminate\\Routing\\RoutingServiceProvider->Illuminate\\Routing\\{closure}(Object(Illuminate\\Foundation\\Application), Array)
#7 C:\\laragon\\www\\license-server\\vendor\\laravel\\framework\\src\\Illuminate\\Container\\Container.php(933): Illuminate\\Container\\Container->build(Object(Closure))
#8 C:\\laragon\\www\\license-server\\vendor\\laravel\\framework\\src\\Illuminate\\Foundation\\Application.php(1078): Illuminate\\Container\\Container->resolve('Illuminate\\\\Cont...', Array, true)
#9 C:\\laragon\\www\\license-server\\vendor\\laravel\\framework\\src\\Illuminate\\Container\\Container.php(864): Illuminate\\Foundation\\Application->resolve('Illuminate\\\\Cont...', Array)
#10 C:\\laragon\\www\\license-server\\vendor\\laravel\\framework\\src\\Illuminate\\Foundation\\Application.php(1058): Illuminate\\Container\\Container->make('Illuminate\\\\Cont...', Array)
#11 C:\\laragon\\www\\license-server\\vendor\\laravel\\framework\\src\\Illuminate\\Foundation\\helpers.php(138): Illuminate\\Foundation\\Application->make('Illuminate\\\\Cont...', Array)
#12 C:\\laragon\\www\\license-server\\vendor\\laravel\\framework\\src\\Illuminate\\Foundation\\helpers.php(850): app('Illuminate\\\\Cont...')
#13 C:\\laragon\\www\\license-server\\vendor\\laravel\\framework\\src\\Illuminate\\Foundation\\Exceptions\\Handler.php(1004): response()
#14 C:\\laragon\\www\\license-server\\vendor\\laravel\\framework\\src\\Illuminate\\Foundation\\Exceptions\\Handler.php(737): Illuminate\\Foundation\\Exceptions\\Handler->prepareJsonResponse(Object(Illuminate\\Http\\Request), Object(Illuminate\\Contracts\\Container\\BindingResolutionException))
#15 C:\\laragon\\www\\license-server\\vendor\\laravel\\framework\\src\\Illuminate\\Foundation\\Exceptions\\Handler.php(626): Illuminate\\Foundation\\Exceptions\\Handler->renderExceptionResponse(Object(Illuminate\\Http\\Request), Object(Illuminate\\Contracts\\Container\\BindingResolutionException))
#16 C:\\laragon\\www\\license-server\\vendor\\laravel\\framework\\src\\Illuminate\\Foundation\\Bootstrap\\HandleExceptions.php(225): Illuminate\\Foundation\\Exceptions\\Handler->render(Object(Illuminate\\Http\\Request), Object(Illuminate\\Contracts\\Container\\BindingResolutionException))
#17 C:\\laragon\\www\\license-server\\vendor\\laravel\\framework\\src\\Illuminate\\Foundation\\Bootstrap\\HandleExceptions.php(202): Illuminate\\Foundation\\Bootstrap\\HandleExceptions->renderHttpResponse(Object(Illuminate\\Contracts\\Container\\BindingResolutionException))
#18 C:\\laragon\\www\\license-server\\vendor\\laravel\\framework\\src\\Illuminate\\Foundation\\Bootstrap\\HandleExceptions.php(262): Illuminate\\Foundation\\Bootstrap\\HandleExceptions->handleException(Object(Illuminate\\Contracts\\Container\\BindingResolutionException))
#19 [internal function]: Illuminate\\Foundation\\Bootstrap\\HandleExceptions->Illuminate\\Foundation\\Bootstrap\\{closure}(Object(Illuminate\\Contracts\\Container\\BindingResolutionException))
#20 {main}
  thrown at C:/laragon/www/license-server/vendor/laravel/framework/src/Illuminate/Container/Container.php:1124)
[stacktrace]
#0 {main}
"} 
[2026-08-01 03:28:48] local.ERROR: The C:\laragon\www\license-server\bootstrap\cache directory must be present and writable. {"exception":"[object] (Exception(code: 0): The C:\\laragon\\www\\license-server\\bootstrap\\cache directory must be present and writable. at C:/laragon/www/license-server/vendor/laravel/framework/src/Illuminate/Foundation/PackageManifest.php:179)
[stacktrace]
#0 C:/laragon/www/license-server/vendor/laravel/framework/src/Illuminate/Foundation/PackageManifest.php(132): Illuminate/Foundation/PackageManifest->write(Array)
#1 C:/laragon/www/license-server/vendor/laravel/framework/src/Illuminate/Foundation/PackageManifest.php(108): Illuminate/Foundation/PackageManifest->build()
#2 C:/laragon/www/license-server/vendor/laravel/framework/src/Illuminate/Foundation/PackageManifest.php(90): Illuminate/Foundation/PackageManifest->getManifest()
#3 C:/laragon/www/license-server/vendor/laravel/framework/src/Illuminate/Foundation/PackageManifest.php(79): Illuminate/Foundation/PackageManifest->config('aliases')
#4 C:/laragon/www/license-server/vendor/laravel/framework/src/Illuminate/Foundation/Bootstrap/RegisterFacades.php(26): Illuminate/Foundation/PackageManifest->aliases()
#5 C:/laragon/www/license-server/vendor/laravel/framework/src/Illuminate/Foundation/Application.php(342): Illuminate/Foundation/Bootstrap/RegisterFacades->bootstrap(Object(Illuminate/Foundation/Application))
#6 C:/laragon/www/license-server/vendor/laravel/framework/src/Illuminate/Foundation/Http/Kernel.php(186): Illuminate/Foundation/Application->bootstrapWith(Array)
#7 C:/laragon/www/license-server/vendor/laravel/framework/src/Illuminate/Foundation/Http/Kernel.php(170): Illuminate/Foundation/Http/Kernel->bootstrap()
#8 C:/laragon/www/license-server/vendor/laravel/framework/src/Illuminate/Foundation/Http/Kernel.php(144): Illuminate/Foundation/Http/Kernel->sendRequestThroughRouter(Object(Illuminate/Http/Request))
#9 C:/laragon/www/license-server/vendor/laravel/framework/src/Illuminate/Foundation/Application.php(1220): Illuminate/Foundation/Http/Kernel->handle(Object(Illuminate/Http/Request))
#10 C:/laragon/www/license-server/public/index.php(20): Illuminate/Foundation/Application->handleRequest(Object(Illuminate/Http/Request))
#11 {main}
"} 
[2026-08-01 03:28:48] local.ERROR: Target class [view] does not exist. {"exception":"[object] (Illuminate\\Contracts\\Container\\BindingResolutionException(code: 0): Target class [view] does not exist. at C:/laragon/www/license-server/vendor/laravel/framework/src/Illuminate/Container/Container.php:1124)
[stacktrace]
#0 C:/laragon/www/license-server/vendor/laravel/framework/src/Illuminate/Container/Container.php(933): Illuminate/Container/Container->build('view')
#1 C:/laragon/www/license-server/vendor/laravel/framework/src/Illuminate/Foundation/Application.php(1078): Illuminate/Container/Container->resolve('view', Array, true)
#2 C:/laragon/www/license-server/vendor/laravel/framework/src/Illuminate/Container/Container.php(864): Illuminate/Foundation/Application->resolve('view', Array)
#3 C:/laragon/www/license-server/vendor/laravel/framework/src/Illuminate/Foundation/Application.php(1058): Illuminate/Container/Container->make('view', Array)
#4 C:/laragon/www/license-server/vendor/laravel/framework/src/Illuminate/Container/Container.php(1805): Illuminate/Foundation/Application->make('view')
#5 C:/laragon/www/license-server/vendor/laravel/framework/src/Illuminate/Routing/RoutingServiceProvider.php(177): Illuminate/Container/Container->offsetGet('Illuminate//Cont...')
#6 C:/laragon/www/license-server/vendor/laravel/framework/src/Illuminate/Container/Container.php(1115): Illuminate/Routing/RoutingServiceProvider->Illuminate/Routing/{closure}(Object(Illuminate/Foundation/Application), Array)
#7 C:/laragon/www/license-server/vendor/laravel/framework/src/Illuminate/Container/Container.php(933): Illuminate/Container/Container->build(Object(Closure))
#8 C:/laragon/www/license-server/vendor/laravel/framework/src/Illuminate/Foundation/Application.php(1078): Illuminate/Container/Container->resolve('Illuminate//Cont...', Array, true)
#9 C:/laragon/www/license-server/vendor/laravel/framework/src/Illuminate/Container/Container.php(864): Illuminate/Foundation/Application->resolve('Illuminate//Cont...', Array)
#10 C:/laragon/www/license-server/vendor/laravel/framework/src/Illuminate/Foundation/Application.php(1058): Illuminate/Container/Container->make('Illuminate//Cont...', Array)
#11 C:/laragon/www/license-server/vendor/laravel/framework/src/Illuminate/Foundation/helpers.php(138): Illuminate/Foundation/Application->make('Illuminate//Cont...', Array)
#12 C:/laragon/www/license-server/vendor/laravel/framework/src/Illuminate/Foundation/helpers.php(850): app('Illuminate//Cont...')
#13 C:/laragon/www/license-server/vendor/laravel/framework/src/Illuminate/Foundation/Exceptions/Handler.php(1004): response()
#14 C:/laragon/www/license-server/vendor/laravel/framework/src/Illuminate/Foundation/Exceptions/Handler.php(737): Illuminate/Foundation/Exceptions/Handler->prepareJsonResponse(Object(Illuminate/Http/Request), Object(Exception))
#15 C:/laragon/www/license-server/vendor/laravel/framework/src/Illuminate/Foundation/Exceptions/Handler.php(626): Illuminate/Foundation/Exceptions/Handler->renderExceptionResponse(Object(Illuminate/Http/Request), Object(Exception))
#16 C:/laragon/www/license-server/vendor/laravel/framework/src/Illuminate/Foundation/Http/Kernel.php(574): Illuminate/Foundation/Exceptions/Handler->render(Object(Illuminate/Http/Request), Object(Exception))
#17 C:/laragon/www/license-server/vendor/laravel/framework/src/Illuminate/Foundation/Http/Kernel.php(148): Illuminate/Foundation/Http/Kernel->renderException(Object(Illuminate/Http/Request), Object(Exception))
#18 C:/laragon/www/license-server/vendor/laravel/framework/src/Illuminate/Foundation/Application.php(1220): Illuminate/Foundation/Http/Kernel->handle(Object(Illuminate/Http/Request))
#19 C:/laragon/www/license-server/public/index.php(20): Illuminate/Foundation/Application->handleRequest(Object(Illuminate/Http/Request))
#20 {main}

[previous exception] [object] (ReflectionException(code: -1): Class \"view\" does not exist at C:/laragon/www/license-server/vendor/laravel/framework/src/Illuminate/Container/Container.php:1122)
[stacktrace]
#0 C:/laragon/www/license-server/vendor/laravel/framework/src/Illuminate/Container/Container.php(1122): ReflectionClass->__construct('view')
#1 C:/laragon/www/license-server/vendor/laravel/framework/src/Illuminate/Container/Container.php(933): Illuminate/Container/Container->build('view')
#2 C:/laragon/www/license-server/vendor/laravel/framework/src/Illuminate/Foundation/Application.php(1078): Illuminate/Container/Container->resolve('view', Array, true)
#3 C:/laragon/www/license-server/vendor/laravel/framework/src/Illuminate/Container/Container.php(864): Illuminate/Foundation/Application->resolve('view', Array)
#4 C:/laragon/www/license-server/vendor/laravel/framework/src/Illuminate/Foundation/Application.php(1058): Illuminate/Container/Container->make('view', Array)
#5 C:/laragon/www/license-server/vendor/laravel/framework/src/Illuminate/Container/Container.php(1805): Illuminate/Foundation/Application->make('view')
#6 C:/laragon/www/license-server/vendor/laravel/framework/src/Illuminate/Routing/RoutingServiceProvider.php(177): Illuminate/Container/Container->offsetGet('Illuminate//Cont...')
#7 C:/laragon/www/license-server/vendor/laravel/framework/src/Illuminate/Container/Container.php(1115): Illuminate/Routing/RoutingServiceProvider->Illuminate/Routing/{closure}(Object(Illuminate/Foundation/Application), Array)
#8 C:/laragon/www/license-server/vendor/laravel/framework/src/Illuminate/Container/Container.php(933): Illuminate/Container/Container->build(Object(Closure))
#9 C:/laragon/www/license-server/vendor/laravel/framework/src/Illuminate/Foundation/Application.php(1078): Illuminate/Container/Container->resolve('Illuminate//Cont...', Array, true)
#10 C:/laragon/www/license-server/vendor/laravel/framework/src/Illuminate/Container/Container.php(864): Illuminate/Foundation/Application->resolve('Illuminate//Cont...', Array)
#11 C:/laragon/www/license-server/vendor/laravel/framework/src/Illuminate/Foundation/Application.php(1058): Illuminate/Container/Container->make('Illuminate//Cont...', Array)
#12 C:/laragon/www/license-server/vendor/laravel/framework/src/Illuminate/Foundation/helpers.php(138): Illuminate/Foundation/Application->make('Illuminate//Cont...', Array)
#13 C:/laragon/www/license-server/vendor/laravel/framework/src/Illuminate/Foundation/helpers.php(850): app('Illuminate//Cont...')
#14 C:/laragon/www/license-server/vendor/laravel/framework/src/Illuminate/Foundation/Exceptions/Handler.php(1004): response()
#15 C:/laragon/www/license-server/vendor/laravel/framework/src/Illuminate/Foundation/Exceptions/Handler.php(737): Illuminate/Foundation/Exceptions/Handler->prepareJsonResponse(Object(Illuminate/Http/Request), Object(Exception))
#16 C:/laragon/www/license-server/vendor/laravel/framework/src/Illuminate/Foundation/Exceptions/Handler.php(626): Illuminate/Foundation/Exceptions/Handler->renderExceptionResponse(Object(Illuminate/Http/Request), Object(Exception))
#17 C:/laragon/www/license-server/vendor/laravel/framework/src/Illuminate/Foundation/Http/Kernel.php(574): Illuminate/Foundation/Exceptions/Handler->render(Object(Illuminate/Http/Request), Object(Exception))
#18 C:/laragon/www/license-server/vendor/laravel/framework/src/Illuminate/Foundation/Http/Kernel.php(148): Illuminate/Foundation/Http/Kernel->renderException(Object(Illuminate/Http/Request), Object(Exception))
#19 C:/laragon/www/license-server/vendor/laravel/framework/src/Illuminate/Foundation/Application.php(1220): Illuminate/Foundation/Http/Kernel->handle(Object(Illuminate/Http/Request))
#20 C:/laragon/www/license-server/public/index.php(20): Illuminate/Foundation/Application->handleRequest(Object(Illuminate/Http/Request))
#21 {main}
"} 
[2026-08-01 03:28:48] local.ERROR: Uncaught ReflectionException: Class "view" does not exist in C:\laragon\www\license-server\vendor\laravel\framework\src\Illuminate\Container\Container.php:1122
Stack trace:
#0 C:\laragon\www\license-server\vendor\laravel\framework\src\Illuminate\Container\Container.php(1122): ReflectionClass->__construct('view')
#1 C:\laragon\www\license-server\vendor\laravel\framework\src\Illuminate\Container\Container.php(933): Illuminate\Container\Container->build('view')
#2 C:\laragon\www\license-server\vendor\laravel\framework\src\Illuminate\Foundation\Application.php(1078): Illuminate\Container\Container->resolve('view', Array, true)
#3 C:\laragon\www\license-server\vendor\laravel\framework\src\Illuminate\Container\Container.php(864): Illuminate\Foundation\Application->resolve('view', Array)
#4 C:\laragon\www\license-server\vendor\laravel\framework\src\Illuminate\Foundation\Application.php(1058): Illuminate\Container\Container->make('view', Array)
#5 C:\laragon\www\license-server\vendor\laravel\framework\src\Illuminate\Container\Container.php(1805): Illuminate\Foundation\Application->make('view')
#6 C:\laragon\www\license-server\vendor\laravel\framework\src\Illuminate\Routing\RoutingServiceProvider.php(177): Illuminate\Container\Container->offsetGet('Illuminate\\Cont...')
#7 C:\laragon\www\license-server\vendor\laravel\framework\src\Illuminate\Container\Container.php(1115): Illuminate\Routing\RoutingServiceProvider->Illuminate\Routing\{closure}(Object(Illuminate\Foundation\Application), Array)
#8 C:\laragon\www\license-server\vendor\laravel\framework\src\Illuminate\Container\Container.php(933): Illuminate\Container\Container->build(Object(Closure))
#9 C:\laragon\www\license-server\vendor\laravel\framework\src\Illuminate\Foundation\Application.php(1078): Illuminate\Container\Container->resolve('Illuminate\\Cont...', Array, true)
#10 C:\laragon\www\license-server\vendor\laravel\framework\src\Illuminate\Container\Container.php(864): Illuminate\Foundation\Application->resolve('Illuminate\\Cont...', Array)
#11 C:\laragon\www\license-server\vendor\laravel\framework\src\Illuminate\Foundation\Application.php(1058): Illuminate\Container\Container->make('Illuminate\\Cont...', Array)
#12 C:\laragon\www\license-server\vendor\laravel\framework\src\Illuminate\Foundation\helpers.php(138): Illuminate\Foundation\Application->make('Illuminate\\Cont...', Array)
#13 C:\laragon\www\license-server\vendor\laravel\framework\src\Illuminate\Foundation\helpers.php(850): app('Illuminate\\Cont...')
#14 C:\laragon\www\license-server\vendor\laravel\framework\src\Illuminate\Foundation\Exceptions\Handler.php(1004): response()
#15 C:\laragon\www\license-server\vendor\laravel\framework\src\Illuminate\Foundation\Exceptions\Handler.php(737): Illuminate\Foundation\Exceptions\Handler->prepareJsonResponse(Object(Illuminate\Http\Request), Object(Illuminate\Contracts\Container\BindingResolutionException))
#16 C:\laragon\www\license-server\vendor\laravel\framework\src\Illuminate\Foundation\Exceptions\Handler.php(626): Illuminate\Foundation\Exceptions\Handler->renderExceptionResponse(Object(Illuminate\Http\Request), Object(Illuminate\Contracts\Container\BindingResolutionException))
#17 C:\laragon\www\license-server\vendor\laravel\framework\src\Illuminate\Foundation\Bootstrap\HandleExceptions.php(225): Illuminate\Foundation\Exceptions\Handler->render(Object(Illuminate\Http\Request), Object(Illuminate\Contracts\Container\BindingResolutionException))
#18 C:\laragon\www\license-server\vendor\laravel\framework\src\Illuminate\Foundation\Bootstrap\HandleExceptions.php(202): Illuminate\Foundation\Bootstrap\HandleExceptions->renderHttpResponse(Object(Illuminate\Contracts\Container\BindingResolutionException))
#19 C:\laragon\www\license-server\vendor\laravel\framework\src\Illuminate\Foundation\Bootstrap\HandleExceptions.php(262): Illuminate\Foundation\Bootstrap\HandleExceptions->handleException(Object(Illuminate\Contracts\Container\BindingResolutionException))
#20 [internal function]: Illuminate\Foundation\Bootstrap\HandleExceptions->Illuminate\Foundation\Bootstrap\{closure}(Object(Illuminate\Contracts\Container\BindingResolutionException))
#21 {main}

Next Illuminate\Contracts\Container\BindingResolutionException: Target class [view] does not exist. in C:\laragon\www\license-server\vendor\laravel\framework\src\Illuminate\Container\Container.php:1124
Stack trace:
#0 C:\laragon\www\license-server\vendor\laravel\framework\src\Illuminate\Container\Container.php(933): Illuminate\Container\Container->build('view')
#1 C:\laragon\www\license-server\vendor\laravel\framework\src\Illuminate\Foundation\Application.php(1078): Illuminate\Container\Container->resolve('view', Array, true)
#2 C:\laragon\www\license-server\vendor\laravel\framework\src\Illuminate\Container\Container.php(864): Illuminate\Foundation\Application->resolve('view', Array)
#3 C:\laragon\www\license-server\vendor\laravel\framework\src\Illuminate\Foundation\Application.php(1058): Illuminate\Container\Container->make('view', Array)
#4 C:\laragon\www\license-server\vendor\laravel\framework\src\Illuminate\Container\Container.php(1805): Illuminate\Foundation\Application->make('view')
#5 C:\laragon\www\license-server\vendor\laravel\framework\src\Illuminate\Routing\RoutingServiceProvider.php(177): Illuminate\Container\Container->offsetGet('Illuminate\\Cont...')
#6 C:\laragon\www\license-server\vendor\laravel\framework\src\Illuminate\Container\Container.php(1115): Illuminate\Routing\RoutingServiceProvider->Illuminate\Routing\{closure}(Object(Illuminate\Foundation\Application), Array)
#7 C:\laragon\www\license-server\vendor\laravel\framework\src\Illuminate\Container\Container.php(933): Illuminate\Container\Container->build(Object(Closure))
#8 C:\laragon\www\license-server\vendor\laravel\framework\src\Illuminate\Foundation\Application.php(1078): Illuminate\Container\Container->resolve('Illuminate\\Cont...', Array, true)
#9 C:\laragon\www\license-server\vendor\laravel\framework\src\Illuminate\Container\Container.php(864): Illuminate\Foundation\Application->resolve('Illuminate\\Cont...', Array)
#10 C:\laragon\www\license-server\vendor\laravel\framework\src\Illuminate\Foundation\Application.php(1058): Illuminate\Container\Container->make('Illuminate\\Cont...', Array)
#11 C:\laragon\www\license-server\vendor\laravel\framework\src\Illuminate\Foundation\helpers.php(138): Illuminate\Foundation\Application->make('Illuminate\\Cont...', Array)
#12 C:\laragon\www\license-server\vendor\laravel\framework\src\Illuminate\Foundation\helpers.php(850): app('Illuminate\\Cont...')
#13 C:\laragon\www\license-server\vendor\laravel\framework\src\Illuminate\Foundation\Exceptions\Handler.php(1004): response()
#14 C:\laragon\www\license-server\vendor\laravel\framework\src\Illuminate\Foundation\Exceptions\Handler.php(737): Illuminate\Foundation\Exceptions\Handler->prepareJsonResponse(Object(Illuminate\Http\Request), Object(Illuminate\Contracts\Container\BindingResolutionException))
#15 C:\laragon\www\license-server\vendor\laravel\framework\src\Illuminate\Foundation\Exceptions\Handler.php(626): Illuminate\Foundation\Exceptions\Handler->renderExceptionResponse(Object(Illuminate\Http\Request), Object(Illuminate\Contracts\Container\BindingResolutionException))
#16 C:\laragon\www\license-server\vendor\laravel\framework\src\Illuminate\Foundation\Bootstrap\HandleExceptions.php(225): Illuminate\Foundation\Exceptions\Handler->render(Object(Illuminate\Http\Request), Object(Illuminate\Contracts\Container\BindingResolutionException))
#17 C:\laragon\www\license-server\vendor\laravel\framework\src\Illuminate\Foundation\Bootstrap\HandleExceptions.php(202): Illuminate\Foundation\Bootstrap\HandleExceptions->renderHttpResponse(Object(Illuminate\Contracts\Container\BindingResolutionException))
#18 C:\laragon\www\license-server\vendor\laravel\framework\src\Illuminate\Foundation\Bootstrap\HandleExceptions.php(262): Illuminate\Foundation\Bootstrap\HandleExceptions->handleException(Object(Illuminate\Contracts\Container\BindingResolutionException))
#19 [internal function]: Illuminate\Foundation\Bootstrap\HandleExceptions->Illuminate\Foundation\Bootstrap\{closure}(Object(Illuminate\Contracts\Container\BindingResolutionException))
#20 {main}
  thrown {"exception":"[object] (Symfony\\Component\\ErrorHandler\\Error\\FatalError(code: 0): Uncaught ReflectionException: Class \"view\" does not exist in C:\\laragon\\www\\license-server\\vendor\\laravel\\framework\\src\\Illuminate\\Container\\Container.php:1122
Stack trace:
#0 C:\\laragon\\www\\license-server\\vendor\\laravel\\framework\\src\\Illuminate\\Container\\Container.php(1122): ReflectionClass->__construct('view')
#1 C:\\laragon\\www\\license-server\\vendor\\laravel\\framework\\src\\Illuminate\\Container\\Container.php(933): Illuminate\\Container\\Container->build('view')
#2 C:\\laragon\\www\\license-server\\vendor\\laravel\\framework\\src\\Illuminate\\Foundation\\Application.php(1078): Illuminate\\Container\\Container->resolve('view', Array, true)
#3 C:\\laragon\\www\\license-server\\vendor\\laravel\\framework\\src\\Illuminate\\Container\\Container.php(864): Illuminate\\Foundation\\Application->resolve('view', Array)
#4 C:\\laragon\\www\\license-server\\vendor\\laravel\\framework\\src\\Illuminate\\Foundation\\Application.php(1058): Illuminate\\Container\\Container->make('view', Array)
#5 C:\\laragon\\www\\license-server\\vendor\\laravel\\framework\\src\\Illuminate\\Container\\Container.php(1805): Illuminate\\Foundation\\Application->make('view')
#6 C:\\laragon\\www\\license-server\\vendor\\laravel\\framework\\src\\Illuminate\\Routing\\RoutingServiceProvider.php(177): Illuminate\\Container\\Container->offsetGet('Illuminate\\\\Cont...')
#7 C:\\laragon\\www\\license-server\\vendor\\laravel\\framework\\src\\Illuminate\\Container\\Container.php(1115): Illuminate\\Routing\\RoutingServiceProvider->Illuminate\\Routing\\{closure}(Object(Illuminate\\Foundation\\Application), Array)
#8 C:\\laragon\\www\\license-server\\vendor\\laravel\\framework\\src\\Illuminate\\Container\\Container.php(933): Illuminate\\Container\\Container->build(Object(Closure))
#9 C:\\laragon\\www\\license-server\\vendor\\laravel\\framework\\src\\Illuminate\\Foundation\\Application.php(1078): Illuminate\\Container\\Container->resolve('Illuminate\\\\Cont...', Array, true)
#10 C:\\laragon\\www\\license-server\\vendor\\laravel\\framework\\src\\Illuminate\\Container\\Container.php(864): Illuminate\\Foundation\\Application->resolve('Illuminate\\\\Cont...', Array)
#11 C:\\laragon\\www\\license-server\\vendor\\laravel\\framework\\src\\Illuminate\\Foundation\\Application.php(1058): Illuminate\\Container\\Container->make('Illuminate\\\\Cont...', Array)
#12 C:\\laragon\\www\\license-server\\vendor\\laravel\\framework\\src\\Illuminate\\Foundation\\helpers.php(138): Illuminate\\Foundation\\Application->make('Illuminate\\\\Cont...', Array)
#13 C:\\laragon\\www\\license-server\\vendor\\laravel\\framework\\src\\Illuminate\\Foundation\\helpers.php(850): app('Illuminate\\\\Cont...')
#14 C:\\laragon\\www\\license-server\\vendor\\laravel\\framework\\src\\Illuminate\\Foundation\\Exceptions\\Handler.php(1004): response()
#15 C:\\laragon\\www\\license-server\\vendor\\laravel\\framework\\src\\Illuminate\\Foundation\\Exceptions\\Handler.php(737): Illuminate\\Foundation\\Exceptions\\Handler->prepareJsonResponse(Object(Illuminate\\Http\\Request), Object(Illuminate\\Contracts\\Container\\BindingResolutionException))
#16 C:\\laragon\\www\\license-server\\vendor\\laravel\\framework\\src\\Illuminate\\Foundation\\Exceptions\\Handler.php(626): Illuminate\\Foundation\\Exceptions\\Handler->renderExceptionResponse(Object(Illuminate\\Http\\Request), Object(Illuminate\\Contracts\\Container\\BindingResolutionException))
#17 C:\\laragon\\www\\license-server\\vendor\\laravel\\framework\\src\\Illuminate\\Foundation\\Bootstrap\\HandleExceptions.php(225): Illuminate\\Foundation\\Exceptions\\Handler->render(Object(Illuminate\\Http\\Request), Object(Illuminate\\Contracts\\Container\\BindingResolutionException))
#18 C:\\laragon\\www\\license-server\\vendor\\laravel\\framework\\src\\Illuminate\\Foundation\\Bootstrap\\HandleExceptions.php(202): Illuminate\\Foundation\\Bootstrap\\HandleExceptions->renderHttpResponse(Object(Illuminate\\Contracts\\Container\\BindingResolutionException))
#19 C:\\laragon\\www\\license-server\\vendor\\laravel\\framework\\src\\Illuminate\\Foundation\\Bootstrap\\HandleExceptions.php(262): Illuminate\\Foundation\\Bootstrap\\HandleExceptions->handleException(Object(Illuminate\\Contracts\\Container\\BindingResolutionException))
#20 [internal function]: Illuminate\\Foundation\\Bootstrap\\HandleExceptions->Illuminate\\Foundation\\Bootstrap\\{closure}(Object(Illuminate\\Contracts\\Container\\BindingResolutionException))
#21 {main}

Next Illuminate\\Contracts\\Container\\BindingResolutionException: Target class [view] does not exist. in C:\\laragon\\www\\license-server\\vendor\\laravel\\framework\\src\\Illuminate\\Container\\Container.php:1124
Stack trace:
#0 C:\\laragon\\www\\license-server\\vendor\\laravel\\framework\\src\\Illuminate\\Container\\Container.php(933): Illuminate\\Container\\Container->build('view')
#1 C:\\laragon\\www\\license-server\\vendor\\laravel\\framework\\src\\Illuminate\\Foundation\\Application.php(1078): Illuminate\\Container\\Container->resolve('view', Array, true)
#2 C:\\laragon\\www\\license-server\\vendor\\laravel\\framework\\src\\Illuminate\\Container\\Container.php(864): Illuminate\\Foundation\\Application->resolve('view', Array)
#3 C:\\laragon\\www\\license-server\\vendor\\laravel\\framework\\src\\Illuminate\\Foundation\\Application.php(1058): Illuminate\\Container\\Container->make('view', Array)
#4 C:\\laragon\\www\\license-server\\vendor\\laravel\\framework\\src\\Illuminate\\Container\\Container.php(1805): Illuminate\\Foundation\\Application->make('view')
#5 C:\\laragon\\www\\license-server\\vendor\\laravel\\framework\\src\\Illuminate\\Routing\\RoutingServiceProvider.php(177): Illuminate\\Container\\Container->offsetGet('Illuminate\\\\Cont...')
#6 C:\\laragon\\www\\license-server\\vendor\\laravel\\framework\\src\\Illuminate\\Container\\Container.php(1115): Illuminate\\Routing\\RoutingServiceProvider->Illuminate\\Routing\\{closure}(Object(Illuminate\\Foundation\\Application), Array)
#7 C:\\laragon\\www\\license-server\\vendor\\laravel\\framework\\src\\Illuminate\\Container\\Container.php(933): Illuminate\\Container\\Container->build(Object(Closure))
#8 C:\\laragon\\www\\license-server\\vendor\\laravel\\framework\\src\\Illuminate\\Foundation\\Application.php(1078): Illuminate\\Container\\Container->resolve('Illuminate\\\\Cont...', Array, true)
#9 C:\\laragon\\www\\license-server\\vendor\\laravel\\framework\\src\\Illuminate\\Container\\Container.php(864): Illuminate\\Foundation\\Application->resolve('Illuminate\\\\Cont...', Array)
#10 C:\\laragon\\www\\license-server\\vendor\\laravel\\framework\\src\\Illuminate\\Foundation\\Application.php(1058): Illuminate\\Container\\Container->make('Illuminate\\\\Cont...', Array)
#11 C:\\laragon\\www\\license-server\\vendor\\laravel\\framework\\src\\Illuminate\\Foundation\\helpers.php(138): Illuminate\\Foundation\\Application->make('Illuminate\\\\Cont...', Array)
#12 C:\\laragon\\www\\license-server\\vendor\\laravel\\framework\\src\\Illuminate\\Foundation\\helpers.php(850): app('Illuminate\\\\Cont...')
#13 C:\\laragon\\www\\license-server\\vendor\\laravel\\framework\\src\\Illuminate\\Foundation\\Exceptions\\Handler.php(1004): response()
#14 C:\\laragon\\www\\license-server\\vendor\\laravel\\framework\\src\\Illuminate\\Foundation\\Exceptions\\Handler.php(737): Illuminate\\Foundation\\Exceptions\\Handler->prepareJsonResponse(Object(Illuminate\\Http\\Request), Object(Illuminate\\Contracts\\Container\\BindingResolutionException))
#15 C:\\laragon\\www\\license-server\\vendor\\laravel\\framework\\src\\Illuminate\\Foundation\\Exceptions\\Handler.php(626): Illuminate\\Foundation\\Exceptions\\Handler->renderExceptionResponse(Object(Illuminate\\Http\\Request), Object(Illuminate\\Contracts\\Container\\BindingResolutionException))
#16 C:\\laragon\\www\\license-server\\vendor\\laravel\\framework\\src\\Illuminate\\Foundation\\Bootstrap\\HandleExceptions.php(225): Illuminate\\Foundation\\Exceptions\\Handler->render(Object(Illuminate\\Http\\Request), Object(Illuminate\\Contracts\\Container\\BindingResolutionException))
#17 C:\\laragon\\www\\license-server\\vendor\\laravel\\framework\\src\\Illuminate\\Foundation\\Bootstrap\\HandleExceptions.php(202): Illuminate\\Foundation\\Bootstrap\\HandleExceptions->renderHttpResponse(Object(Illuminate\\Contracts\\Container\\BindingResolutionException))
#18 C:\\laragon\\www\\license-server\\vendor\\laravel\\framework\\src\\Illuminate\\Foundation\\Bootstrap\\HandleExceptions.php(262): Illuminate\\Foundation\\Bootstrap\\HandleExceptions->handleException(Object(Illuminate\\Contracts\\Container\\BindingResolutionException))
#19 [internal function]: Illuminate\\Foundation\\Bootstrap\\HandleExceptions->Illuminate\\Foundation\\Bootstrap\\{closure}(Object(Illuminate\\Contracts\\Container\\BindingResolutionException))
#20 {main}
  thrown at C:/laragon/www/license-server/vendor/laravel/framework/src/Illuminate/Container/Container.php:1124)
[stacktrace]
#0 {main}
"} 
[2026-08-01 03:29:16] local.ERROR: The C:\laragon\www\license-server\bootstrap\cache directory must be present and writable. {"exception":"[object] (Exception(code: 0): The C:\\laragon\\www\\license-server\\bootstrap\\cache directory must be present and writable. at C:/laragon/www/license-server/vendor/laravel/framework/src/Illuminate/Foundation/PackageManifest.php:179)
[stacktrace]
#0 C:/laragon/www/license-server/vendor/laravel/framework/src/Illuminate/Foundation/PackageManifest.php(132): Illuminate/Foundation/PackageManifest->write(Array)
#1 C:/laragon/www/license-server/vendor/laravel/framework/src/Illuminate/Foundation/PackageManifest.php(108): Illuminate/Foundation/PackageManifest->build()
#2 C:/laragon/www/license-server/vendor/laravel/framework/src/Illuminate/Foundation/PackageManifest.php(90): Illuminate/Foundation/PackageManifest->getManifest()
#3 C:/laragon/www/license-server/vendor/laravel/framework/src/Illuminate/Foundation/PackageManifest.php(79): Illuminate/Foundation/PackageManifest->config('aliases')
#4 C:/laragon/www/license-server/vendor/laravel/framework/src/Illuminate/Foundation/Bootstrap/RegisterFacades.php(26): Illuminate/Foundation/PackageManifest->aliases()
#5 C:/laragon/www/license-server/vendor/laravel/framework/src/Illuminate/Foundation/Application.php(342): Illuminate/Foundation/Bootstrap/RegisterFacades->bootstrap(Object(Illuminate/Foundation/Application))
#6 C:/laragon/www/license-server/vendor/laravel/framework/src/Illuminate/Foundation/Console/Kernel.php(494): Illuminate/Foundation/Application->bootstrapWith(Array)
#7 C:/laragon/www/license-server/vendor/laravel/framework/src/Illuminate/Foundation/Console/Kernel.php(196): Illuminate/Foundation/Console/Kernel->bootstrap()
#8 C:/laragon/www/license-server/vendor/laravel/framework/src/Illuminate/Foundation/Application.php(1235): Illuminate/Foundation/Console/Kernel->handle(Object(Symfony/Component/Console/Input/ArgvInput), Object(Symfony/Component/Console/Output/ConsoleOutput))
#9 C:/laragon/www/license-server/artisan(12): Illuminate/Foundation/Application->handleCommand(Object(Symfony/Component/Console/Input/ArgvInput))
#10 {main}
"} 
[2026-08-01 03:29:17] local.ERROR: The C:\laragon\www\license-server\bootstrap\cache directory must be present and writable. {"exception":"[object] (Exception(code: 0): The C:\\laragon\\www\\license-server\\bootstrap\\cache directory must be present and writable. at C:/laragon/www/license-server/vendor/laravel/framework/src/Illuminate/Foundation/PackageManifest.php:179)
[stacktrace]
#0 C:/laragon/www/license-server/vendor/laravel/framework/src/Illuminate/Foundation/PackageManifest.php(132): Illuminate/Foundation/PackageManifest->write(Array)
#1 C:/laragon/www/license-server/vendor/laravel/framework/src/Illuminate/Foundation/PackageManifest.php(108): Illuminate/Foundation/PackageManifest->build()
#2 C:/laragon/www/license-server/vendor/laravel/framework/src/Illuminate/Foundation/PackageManifest.php(90): Illuminate/Foundation/PackageManifest->getManifest()
#3 C:/laragon/www/license-server/vendor/laravel/framework/src/Illuminate/Foundation/PackageManifest.php(79): Illuminate/Foundation/PackageManifest->config('aliases')
#4 C:/laragon/www/license-server/vendor/laravel/framework/src/Illuminate/Foundation/Bootstrap/RegisterFacades.php(26): Illuminate/Foundation/PackageManifest->aliases()
#5 C:/laragon/www/license-server/vendor/laravel/framework/src/Illuminate/Foundation/Application.php(342): Illuminate/Foundation/Bootstrap/RegisterFacades->bootstrap(Object(Illuminate/Foundation/Application))
#6 C:/laragon/www/license-server/vendor/laravel/framework/src/Illuminate/Foundation/Console/Kernel.php(494): Illuminate/Foundation/Application->bootstrapWith(Array)
#7 C:/laragon/www/license-server/vendor/laravel/framework/src/Illuminate/Foundation/Console/Kernel.php(196): Illuminate/Foundation/Console/Kernel->bootstrap()
#8 C:/laragon/www/license-server/vendor/laravel/framework/src/Illuminate/Foundation/Application.php(1235): Illuminate/Foundation/Console/Kernel->handle(Object(Symfony/Component/Console/Input/ArgvInput), Object(Symfony/Component/Console/Output/ConsoleOutput))
#9 C:/laragon/www/license-server/artisan(12): Illuminate/Foundation/Application->handleCommand(Object(Symfony/Component/Console/Input/ArgvInput))
#10 {main}
"} 
[2026-08-01 03:29:18] local.ERROR: The C:\laragon\www\license-server\bootstrap\cache directory must be present and writable. {"exception":"[object] (Exception(code: 0): The C:\\laragon\\www\\license-server\\bootstrap\\cache directory must be present and writable. at C:/laragon/www/license-server/vendor/laravel/framework/src/Illuminate/Foundation/PackageManifest.php:179)
[stacktrace]
#0 C:/laragon/www/license-server/vendor/laravel/framework/src/Illuminate/Foundation/PackageManifest.php(132): Illuminate/Foundation/PackageManifest->write(Array)
#1 C:/laragon/www/license-server/vendor/laravel/framework/src/Illuminate/Foundation/PackageManifest.php(108): Illuminate/Foundation/PackageManifest->build()
#2 C:/laragon/www/license-server/vendor/laravel/framework/src/Illuminate/Foundation/PackageManifest.php(90): Illuminate/Foundation/PackageManifest->getManifest()
#3 C:/laragon/www/license-server/vendor/laravel/framework/src/Illuminate/Foundation/PackageManifest.php(79): Illuminate/Foundation/PackageManifest->config('aliases')
#4 C:/laragon/www/license-server/vendor/laravel/framework/src/Illuminate/Foundation/Bootstrap/RegisterFacades.php(26): Illuminate/Foundation/PackageManifest->aliases()
#5 C:/laragon/www/license-server/vendor/laravel/framework/src/Illuminate/Foundation/Application.php(342): Illuminate/Foundation/Bootstrap/RegisterFacades->bootstrap(Object(Illuminate/Foundation/Application))
#6 C:/laragon/www/license-server/vendor/laravel/framework/src/Illuminate/Foundation/Http/Kernel.php(186): Illuminate/Foundation/Application->bootstrapWith(Array)
#7 C:/laragon/www/license-server/vendor/laravel/framework/src/Illuminate/Foundation/Http/Kernel.php(170): Illuminate/Foundation/Http/Kernel->bootstrap()
#8 C:/laragon/www/license-server/vendor/laravel/framework/src/Illuminate/Foundation/Http/Kernel.php(144): Illuminate/Foundation/Http/Kernel->sendRequestThroughRouter(Object(Illuminate/Http/Request))
#9 C:/laragon/www/license-server/vendor/laravel/framework/src/Illuminate/Foundation/Application.php(1220): Illuminate/Foundation/Http/Kernel->handle(Object(Illuminate/Http/Request))
#10 C:/laragon/www/license-server/public/index.php(20): Illuminate/Foundation/Application->handleRequest(Object(Illuminate/Http/Request))
#11 {main}
"} 
[2026-08-01 03:29:18] local.ERROR: Target class [view] does not exist. {"exception":"[object] (Illuminate\\Contracts\\Container\\BindingResolutionException(code: 0): Target class [view] does not exist. at C:/laragon/www/license-server/vendor/laravel/framework/src/Illuminate/Container/Container.php:1124)
[stacktrace]
#0 C:/laragon/www/license-server/vendor/laravel/framework/src/Illuminate/Container/Container.php(933): Illuminate/Container/Container->build('view')
#1 C:/laragon/www/license-server/vendor/laravel/framework/src/Illuminate/Foundation/Application.php(1078): Illuminate/Container/Container->resolve('view', Array, true)
#2 C:/laragon/www/license-server/vendor/laravel/framework/src/Illuminate/Container/Container.php(864): Illuminate/Foundation/Application->resolve('view', Array)
#3 C:/laragon/www/license-server/vendor/laravel/framework/src/Illuminate/Foundation/Application.php(1058): Illuminate/Container/Container->make('view', Array)
#4 C:/laragon/www/license-server/vendor/laravel/framework/src/Illuminate/Container/Container.php(1805): Illuminate/Foundation/Application->make('view')
#5 C:/laragon/www/license-server/vendor/laravel/framework/src/Illuminate/Routing/RoutingServiceProvider.php(177): Illuminate/Container/Container->offsetGet('Illuminate//Cont...')
#6 C:/laragon/www/license-server/vendor/laravel/framework/src/Illuminate/Container/Container.php(1115): Illuminate/Routing/RoutingServiceProvider->Illuminate/Routing/{closure}(Object(Illuminate/Foundation/Application), Array)
#7 C:/laragon/www/license-server/vendor/laravel/framework/src/Illuminate/Container/Container.php(933): Illuminate/Container/Container->build(Object(Closure))
#8 C:/laragon/www/license-server/vendor/laravel/framework/src/Illuminate/Foundation/Application.php(1078): Illuminate/Container/Container->resolve('Illuminate//Cont...', Array, true)
#9 C:/laragon/www/license-server/vendor/laravel/framework/src/Illuminate/Container/Container.php(864): Illuminate/Foundation/Application->resolve('Illuminate//Cont...', Array)
#10 C:/laragon/www/license-server/vendor/laravel/framework/src/Illuminate/Foundation/Application.php(1058): Illuminate/Container/Container->make('Illuminate//Cont...', Array)
#11 C:/laragon/www/license-server/vendor/laravel/framework/src/Illuminate/Foundation/helpers.php(138): Illuminate/Foundation/Application->make('Illuminate//Cont...', Array)
#12 C:/laragon/www/license-server/vendor/laravel/framework/src/Illuminate/Foundation/helpers.php(850): app('Illuminate//Cont...')
#13 C:/laragon/www/license-server/vendor/laravel/framework/src/Illuminate/Foundation/Exceptions/Handler.php(1004): response()
#14 C:/laragon/www/license-server/vendor/laravel/framework/src/Illuminate/Foundation/Exceptions/Handler.php(737): Illuminate/Foundation/Exceptions/Handler->prepareJsonResponse(Object(Illuminate/Http/Request), Object(Exception))
#15 C:/laragon/www/license-server/vendor/laravel/framework/src/Illuminate/Foundation/Exceptions/Handler.php(626): Illuminate/Foundation/Exceptions/Handler->renderExceptionResponse(Object(Illuminate/Http/Request), Object(Exception))
#16 C:/laragon/www/license-server/vendor/laravel/framework/src/Illuminate/Foundation/Http/Kernel.php(574): Illuminate/Foundation/Exceptions/Handler->render(Object(Illuminate/Http/Request), Object(Exception))
#17 C:/laragon/www/license-server/vendor/laravel/framework/src/Illuminate/Foundation/Http/Kernel.php(148): Illuminate/Foundation/Http/Kernel->renderException(Object(Illuminate/Http/Request), Object(Exception))
#18 C:/laragon/www/license-server/vendor/laravel/framework/src/Illuminate/Foundation/Application.php(1220): Illuminate/Foundation/Http/Kernel->handle(Object(Illuminate/Http/Request))
#19 C:/laragon/www/license-server/public/index.php(20): Illuminate/Foundation/Application->handleRequest(Object(Illuminate/Http/Request))
#20 {main}

[previous exception] [object] (ReflectionException(code: -1): Class \"view\" does not exist at C:/laragon/www/license-server/vendor/laravel/framework/src/Illuminate/Container/Container.php:1122)
[stacktrace]
#0 C:/laragon/www/license-server/vendor/laravel/framework/src/Illuminate/Container/Container.php(1122): ReflectionClass->__construct('view')
#1 C:/laragon/www/license-server/vendor/laravel/framework/src/Illuminate/Container/Container.php(933): Illuminate/Container/Container->build('view')
#2 C:/laragon/www/license-server/vendor/laravel/framework/src/Illuminate/Foundation/Application.php(1078): Illuminate/Container/Container->resolve('view', Array, true)
#3 C:/laragon/www/license-server/vendor/laravel/framework/src/Illuminate/Container/Container.php(864): Illuminate/Foundation/Application->resolve('view', Array)
#4 C:/laragon/www/license-server/vendor/laravel/framework/src/Illuminate/Foundation/Application.php(1058): Illuminate/Container/Container->make('view', Array)
#5 C:/laragon/www/license-server/vendor/laravel/framework/src/Illuminate/Container/Container.php(1805): Illuminate/Foundation/Application->make('view')
#6 C:/laragon/www/license-server/vendor/laravel/framework/src/Illuminate/Routing/RoutingServiceProvider.php(177): Illuminate/Container/Container->offsetGet('Illuminate//Cont...')
#7 C:/laragon/www/license-server/vendor/laravel/framework/src/Illuminate/Container/Container.php(1115): Illuminate/Routing/RoutingServiceProvider->Illuminate/Routing/{closure}(Object(Illuminate/Foundation/Application), Array)
#8 C:/laragon/www/license-server/vendor/laravel/framework/src/Illuminate/Container/Container.php(933): Illuminate/Container/Container->build(Object(Closure))
#9 C:/laragon/www/license-server/vendor/laravel/framework/src/Illuminate/Foundation/Application.php(1078): Illuminate/Container/Container->resolve('Illuminate//Cont...', Array, true)
#10 C:/laragon/www/license-server/vendor/laravel/framework/src/Illuminate/Container/Container.php(864): Illuminate/Foundation/Application->resolve('Illuminate//Cont...', Array)
#11 C:/laragon/www/license-server/vendor/laravel/framework/src/Illuminate/Foundation/Application.php(1058): Illuminate/Container/Container->make('Illuminate//Cont...', Array)
#12 C:/laragon/www/license-server/vendor/laravel/framework/src/Illuminate/Foundation/helpers.php(138): Illuminate/Foundation/Application->make('Illuminate//Cont...', Array)
#13 C:/laragon/www/license-server/vendor/laravel/framework/src/Illuminate/Foundation/helpers.php(850): app('Illuminate//Cont...')
#14 C:/laragon/www/license-server/vendor/laravel/framework/src/Illuminate/Foundation/Exceptions/Handler.php(1004): response()
#15 C:/laragon/www/license-server/vendor/laravel/framework/src/Illuminate/Foundation/Exceptions/Handler.php(737): Illuminate/Foundation/Exceptions/Handler->prepareJsonResponse(Object(Illuminate/Http/Request), Object(Exception))
#16 C:/laragon/www/license-server/vendor/laravel/framework/src/Illuminate/Foundation/Exceptions/Handler.php(626): Illuminate/Foundation/Exceptions/Handler->renderExceptionResponse(Object(Illuminate/Http/Request), Object(Exception))
#17 C:/laragon/www/license-server/vendor/laravel/framework/src/Illuminate/Foundation/Http/Kernel.php(574): Illuminate/Foundation/Exceptions/Handler->render(Object(Illuminate/Http/Request), Object(Exception))
#18 C:/laragon/www/license-server/vendor/laravel/framework/src/Illuminate/Foundation/Http/Kernel.php(148): Illuminate/Foundation/Http/Kernel->renderException(Object(Illuminate/Http/Request), Object(Exception))
#19 C:/laragon/www/license-server/vendor/laravel/framework/src/Illuminate/Foundation/Application.php(1220): Illuminate/Foundation/Http/Kernel->handle(Object(Illuminate/Http/Request))
#20 C:/laragon/www/license-server/public/index.php(20): Illuminate/Foundation/Application->handleRequest(Object(Illuminate/Http/Request))
#21 {main}
"} 
[2026-08-01 03:29:18] local.ERROR: Uncaught ReflectionException: Class "view" does not exist in C:\laragon\www\license-server\vendor\laravel\framework\src\Illuminate\Container\Container.php:1122
Stack trace:
#0 C:\laragon\www\license-server\vendor\laravel\framework\src\Illuminate\Container\Container.php(1122): ReflectionClass->__construct('view')
#1 C:\laragon\www\license-server\vendor\laravel\framework\src\Illuminate\Container\Container.php(933): Illuminate\Container\Container->build('view')
#2 C:\laragon\www\license-server\vendor\laravel\framework\src\Illuminate\Foundation\Application.php(1078): Illuminate\Container\Container->resolve('view', Array, true)
#3 C:\laragon\www\license-server\vendor\laravel\framework\src\Illuminate\Container\Container.php(864): Illuminate\Foundation\Application->resolve('view', Array)
#4 C:\laragon\www\license-server\vendor\laravel\framework\src\Illuminate\Foundation\Application.php(1058): Illuminate\Container\Container->make('view', Array)
#5 C:\laragon\www\license-server\vendor\laravel\framework\src\Illuminate\Container\Container.php(1805): Illuminate\Foundation\Application->make('view')
#6 C:\laragon\www\license-server\vendor\laravel\framework\src\Illuminate\Routing\RoutingServiceProvider.php(177): Illuminate\Container\Container->offsetGet('Illuminate\\Cont...')
#7 C:\laragon\www\license-server\vendor\laravel\framework\src\Illuminate\Container\Container.php(1115): Illuminate\Routing\RoutingServiceProvider->Illuminate\Routing\{closure}(Object(Illuminate\Foundation\Application), Array)
#8 C:\laragon\www\license-server\vendor\laravel\framework\src\Illuminate\Container\Container.php(933): Illuminate\Container\Container->build(Object(Closure))
#9 C:\laragon\www\license-server\vendor\laravel\framework\src\Illuminate\Foundation\Application.php(1078): Illuminate\Container\Container->resolve('Illuminate\\Cont...', Array, true)
#10 C:\laragon\www\license-server\vendor\laravel\framework\src\Illuminate\Container\Container.php(864): Illuminate\Foundation\Application->resolve('Illuminate\\Cont...', Array)
#11 C:\laragon\www\license-server\vendor\laravel\framework\src\Illuminate\Foundation\Application.php(1058): Illuminate\Container\Container->make('Illuminate\\Cont...', Array)
#12 C:\laragon\www\license-server\vendor\laravel\framework\src\Illuminate\Foundation\helpers.php(138): Illuminate\Foundation\Application->make('Illuminate\\Cont...', Array)
#13 C:\laragon\www\license-server\vendor\laravel\framework\src\Illuminate\Foundation\helpers.php(850): app('Illuminate\\Cont...')
#14 C:\laragon\www\license-server\vendor\laravel\framework\src\Illuminate\Foundation\Exceptions\Handler.php(1004): response()
#15 C:\laragon\www\license-server\vendor\laravel\framework\src\Illuminate\Foundation\Exceptions\Handler.php(737): Illuminate\Foundation\Exceptions\Handler->prepareJsonResponse(Object(Illuminate\Http\Request), Object(Illuminate\Contracts\Container\BindingResolutionException))
#16 C:\laragon\www\license-server\vendor\laravel\framework\src\Illuminate\Foundation\Exceptions\Handler.php(626): Illuminate\Foundation\Exceptions\Handler->renderExceptionResponse(Object(Illuminate\Http\Request), Object(Illuminate\Contracts\Container\BindingResolutionException))
#17 C:\laragon\www\license-server\vendor\laravel\framework\src\Illuminate\Foundation\Bootstrap\HandleExceptions.php(225): Illuminate\Foundation\Exceptions\Handler->render(Object(Illuminate\Http\Request), Object(Illuminate\Contracts\Container\BindingResolutionException))
#18 C:\laragon\www\license-server\vendor\laravel\framework\src\Illuminate\Foundation\Bootstrap\HandleExceptions.php(202): Illuminate\Foundation\Bootstrap\HandleExceptions->renderHttpResponse(Object(Illuminate\Contracts\Container\BindingResolutionException))
#19 C:\laragon\www\license-server\vendor\laravel\framework\src\Illuminate\Foundation\Bootstrap\HandleExceptions.php(262): Illuminate\Foundation\Bootstrap\HandleExceptions->handleException(Object(Illuminate\Contracts\Container\BindingResolutionException))
#20 [internal function]: Illuminate\Foundation\Bootstrap\HandleExceptions->Illuminate\Foundation\Bootstrap\{closure}(Object(Illuminate\Contracts\Container\BindingResolutionException))
#21 {main}

Next Illuminate\Contracts\Container\BindingResolutionException: Target class [view] does not exist. in C:\laragon\www\license-server\vendor\laravel\framework\src\Illuminate\Container\Container.php:1124
Stack trace:
#0 C:\laragon\www\license-server\vendor\laravel\framework\src\Illuminate\Container\Container.php(933): Illuminate\Container\Container->build('view')
#1 C:\laragon\www\license-server\vendor\laravel\framework\src\Illuminate\Foundation\Application.php(1078): Illuminate\Container\Container->resolve('view', Array, true)
#2 C:\laragon\www\license-server\vendor\laravel\framework\src\Illuminate\Container\Container.php(864): Illuminate\Foundation\Application->resolve('view', Array)
#3 C:\laragon\www\license-server\vendor\laravel\framework\src\Illuminate\Foundation\Application.php(1058): Illuminate\Container\Container->make('view', Array)
#4 C:\laragon\www\license-server\vendor\laravel\framework\src\Illuminate\Container\Container.php(1805): Illuminate\Foundation\Application->make('view')
#5 C:\laragon\www\license-server\vendor\laravel\framework\src\Illuminate\Routing\RoutingServiceProvider.php(177): Illuminate\Container\Container->offsetGet('Illuminate\\Cont...')
#6 C:\laragon\www\license-server\vendor\laravel\framework\src\Illuminate\Container\Container.php(1115): Illuminate\Routing\RoutingServiceProvider->Illuminate\Routing\{closure}(Object(Illuminate\Foundation\Application), Array)
#7 C:\laragon\www\license-server\vendor\laravel\framework\src\Illuminate\Container\Container.php(933): Illuminate\Container\Container->build(Object(Closure))
#8 C:\laragon\www\license-server\vendor\laravel\framework\src\Illuminate\Foundation\Application.php(1078): Illuminate\Container\Container->resolve('Illuminate\\Cont...', Array, true)
#9 C:\laragon\www\license-server\vendor\laravel\framework\src\Illuminate\Container\Container.php(864): Illuminate\Foundation\Application->resolve('Illuminate\\Cont...', Array)
#10 C:\laragon\www\license-server\vendor\laravel\framework\src\Illuminate\Foundation\Application.php(1058): Illuminate\Container\Container->make('Illuminate\\Cont...', Array)
#11 C:\laragon\www\license-server\vendor\laravel\framework\src\Illuminate\Foundation\helpers.php(138): Illuminate\Foundation\Application->make('Illuminate\\Cont...', Array)
#12 C:\laragon\www\license-server\vendor\laravel\framework\src\Illuminate\Foundation\helpers.php(850): app('Illuminate\\Cont...')
#13 C:\laragon\www\license-server\vendor\laravel\framework\src\Illuminate\Foundation\Exceptions\Handler.php(1004): response()
#14 C:\laragon\www\license-server\vendor\laravel\framework\src\Illuminate\Foundation\Exceptions\Handler.php(737): Illuminate\Foundation\Exceptions\Handler->prepareJsonResponse(Object(Illuminate\Http\Request), Object(Illuminate\Contracts\Container\BindingResolutionException))
#15 C:\laragon\www\license-server\vendor\laravel\framework\src\Illuminate\Foundation\Exceptions\Handler.php(626): Illuminate\Foundation\Exceptions\Handler->renderExceptionResponse(Object(Illuminate\Http\Request), Object(Illuminate\Contracts\Container\BindingResolutionException))
#16 C:\laragon\www\license-server\vendor\laravel\framework\src\Illuminate\Foundation\Bootstrap\HandleExceptions.php(225): Illuminate\Foundation\Exceptions\Handler->render(Object(Illuminate\Http\Request), Object(Illuminate\Contracts\Container\BindingResolutionException))
#17 C:\laragon\www\license-server\vendor\laravel\framework\src\Illuminate\Foundation\Bootstrap\HandleExceptions.php(202): Illuminate\Foundation\Bootstrap\HandleExceptions->renderHttpResponse(Object(Illuminate\Contracts\Container\BindingResolutionException))
#18 C:\laragon\www\license-server\vendor\laravel\framework\src\Illuminate\Foundation\Bootstrap\HandleExceptions.php(262): Illuminate\Foundation\Bootstrap\HandleExceptions->handleException(Object(Illuminate\Contracts\Container\BindingResolutionException))
#19 [internal function]: Illuminate\Foundation\Bootstrap\HandleExceptions->Illuminate\Foundation\Bootstrap\{closure}(Object(Illuminate\Contracts\Container\BindingResolutionException))
#20 {main}
  thrown {"exception":"[object] (Symfony\\Component\\ErrorHandler\\Error\\FatalError(code: 0): Uncaught ReflectionException: Class \"view\" does not exist in C:\\laragon\\www\\license-server\\vendor\\laravel\\framework\\src\\Illuminate\\Container\\Container.php:1122
Stack trace:
#0 C:\\laragon\\www\\license-server\\vendor\\laravel\\framework\\src\\Illuminate\\Container\\Container.php(1122): ReflectionClass->__construct('view')
#1 C:\\laragon\\www\\license-server\\vendor\\laravel\\framework\\src\\Illuminate\\Container\\Container.php(933): Illuminate\\Container\\Container->build('view')
#2 C:\\laragon\\www\\license-server\\vendor\\laravel\\framework\\src\\Illuminate\\Foundation\\Application.php(1078): Illuminate\\Container\\Container->resolve('view', Array, true)
#3 C:\\laragon\\www\\license-server\\vendor\\laravel\\framework\\src\\Illuminate\\Container\\Container.php(864): Illuminate\\Foundation\\Application->resolve('view', Array)
#4 C:\\laragon\\www\\license-server\\vendor\\laravel\\framework\\src\\Illuminate\\Foundation\\Application.php(1058): Illuminate\\Container\\Container->make('view', Array)
#5 C:\\laragon\\www\\license-server\\vendor\\laravel\\framework\\src\\Illuminate\\Container\\Container.php(1805): Illuminate\\Foundation\\Application->make('view')
#6 C:\\laragon\\www\\license-server\\vendor\\laravel\\framework\\src\\Illuminate\\Routing\\RoutingServiceProvider.php(177): Illuminate\\Container\\Container->offsetGet('Illuminate\\\\Cont...')
#7 C:\\laragon\\www\\license-server\\vendor\\laravel\\framework\\src\\Illuminate\\Container\\Container.php(1115): Illuminate\\Routing\\RoutingServiceProvider->Illuminate\\Routing\\{closure}(Object(Illuminate\\Foundation\\Application), Array)
#8 C:\\laragon\\www\\license-server\\vendor\\laravel\\framework\\src\\Illuminate\\Container\\Container.php(933): Illuminate\\Container\\Container->build(Object(Closure))
#9 C:\\laragon\\www\\license-server\\vendor\\laravel\\framework\\src\\Illuminate\\Foundation\\Application.php(1078): Illuminate\\Container\\Container->resolve('Illuminate\\\\Cont...', Array, true)
#10 C:\\laragon\\www\\license-server\\vendor\\laravel\\framework\\src\\Illuminate\\Container\\Container.php(864): Illuminate\\Foundation\\Application->resolve('Illuminate\\\\Cont...', Array)
#11 C:\\laragon\\www\\license-server\\vendor\\laravel\\framework\\src\\Illuminate\\Foundation\\Application.php(1058): Illuminate\\Container\\Container->make('Illuminate\\\\Cont...', Array)
#12 C:\\laragon\\www\\license-server\\vendor\\laravel\\framework\\src\\Illuminate\\Foundation\\helpers.php(138): Illuminate\\Foundation\\Application->make('Illuminate\\\\Cont...', Array)
#13 C:\\laragon\\www\\license-server\\vendor\\laravel\\framework\\src\\Illuminate\\Foundation\\helpers.php(850): app('Illuminate\\\\Cont...')
#14 C:\\laragon\\www\\license-server\\vendor\\laravel\\framework\\src\\Illuminate\\Foundation\\Exceptions\\Handler.php(1004): response()
#15 C:\\laragon\\www\\license-server\\vendor\\laravel\\framework\\src\\Illuminate\\Foundation\\Exceptions\\Handler.php(737): Illuminate\\Foundation\\Exceptions\\Handler->prepareJsonResponse(Object(Illuminate\\Http\\Request), Object(Illuminate\\Contracts\\Container\\BindingResolutionException))
#16 C:\\laragon\\www\\license-server\\vendor\\laravel\\framework\\src\\Illuminate\\Foundation\\Exceptions\\Handler.php(626): Illuminate\\Foundation\\Exceptions\\Handler->renderExceptionResponse(Object(Illuminate\\Http\\Request), Object(Illuminate\\Contracts\\Container\\BindingResolutionException))
#17 C:\\laragon\\www\\license-server\\vendor\\laravel\\framework\\src\\Illuminate\\Foundation\\Bootstrap\\HandleExceptions.php(225): Illuminate\\Foundation\\Exceptions\\Handler->render(Object(Illuminate\\Http\\Request), Object(Illuminate\\Contracts\\Container\\BindingResolutionException))
#18 C:\\laragon\\www\\license-server\\vendor\\laravel\\framework\\src\\Illuminate\\Foundation\\Bootstrap\\HandleExceptions.php(202): Illuminate\\Foundation\\Bootstrap\\HandleExceptions->renderHttpResponse(Object(Illuminate\\Contracts\\Container\\BindingResolutionException))
#19 C:\\laragon\\www\\license-server\\vendor\\laravel\\framework\\src\\Illuminate\\Foundation\\Bootstrap\\HandleExceptions.php(262): Illuminate\\Foundation\\Bootstrap\\HandleExceptions->handleException(Object(Illuminate\\Contracts\\Container\\BindingResolutionException))
#20 [internal function]: Illuminate\\Foundation\\Bootstrap\\HandleExceptions->Illuminate\\Foundation\\Bootstrap\\{closure}(Object(Illuminate\\Contracts\\Container\\BindingResolutionException))
#21 {main}

Next Illuminate\\Contracts\\Container\\BindingResolutionException: Target class [view] does not exist. in C:\\laragon\\www\\license-server\\vendor\\laravel\\framework\\src\\Illuminate\\Container\\Container.php:1124
Stack trace:
#0 C:\\laragon\\www\\license-server\\vendor\\laravel\\framework\\src\\Illuminate\\Container\\Container.php(933): Illuminate\\Container\\Container->build('view')
#1 C:\\laragon\\www\\license-server\\vendor\\laravel\\framework\\src\\Illuminate\\Foundation\\Application.php(1078): Illuminate\\Container\\Container->resolve('view', Array, true)
#2 C:\\laragon\\www\\license-server\\vendor\\laravel\\framework\\src\\Illuminate\\Container\\Container.php(864): Illuminate\\Foundation\\Application->resolve('view', Array)
#3 C:\\laragon\\www\\license-server\\vendor\\laravel\\framework\\src\\Illuminate\\Foundation\\Application.php(1058): Illuminate\\Container\\Container->make('view', Array)
#4 C:\\laragon\\www\\license-server\\vendor\\laravel\\framework\\src\\Illuminate\\Container\\Container.php(1805): Illuminate\\Foundation\\Application->make('view')
#5 C:\\laragon\\www\\license-server\\vendor\\laravel\\framework\\src\\Illuminate\\Routing\\RoutingServiceProvider.php(177): Illuminate\\Container\\Container->offsetGet('Illuminate\\\\Cont...')
#6 C:\\laragon\\www\\license-server\\vendor\\laravel\\framework\\src\\Illuminate\\Container\\Container.php(1115): Illuminate\\Routing\\RoutingServiceProvider->Illuminate\\Routing\\{closure}(Object(Illuminate\\Foundation\\Application), Array)
#7 C:\\laragon\\www\\license-server\\vendor\\laravel\\framework\\src\\Illuminate\\Container\\Container.php(933): Illuminate\\Container\\Container->build(Object(Closure))
#8 C:\\laragon\\www\\license-server\\vendor\\laravel\\framework\\src\\Illuminate\\Foundation\\Application.php(1078): Illuminate\\Container\\Container->resolve('Illuminate\\\\Cont...', Array, true)
#9 C:\\laragon\\www\\license-server\\vendor\\laravel\\framework\\src\\Illuminate\\Container\\Container.php(864): Illuminate\\Foundation\\Application->resolve('Illuminate\\\\Cont...', Array)
#10 C:\\laragon\\www\\license-server\\vendor\\laravel\\framework\\src\\Illuminate\\Foundation\\Application.php(1058): Illuminate\\Container\\Container->make('Illuminate\\\\Cont...', Array)
#11 C:\\laragon\\www\\license-server\\vendor\\laravel\\framework\\src\\Illuminate\\Foundation\\helpers.php(138): Illuminate\\Foundation\\Application->make('Illuminate\\\\Cont...', Array)
#12 C:\\laragon\\www\\license-server\\vendor\\laravel\\framework\\src\\Illuminate\\Foundation\\helpers.php(850): app('Illuminate\\\\Cont...')
#13 C:\\laragon\\www\\license-server\\vendor\\laravel\\framework\\src\\Illuminate\\Foundation\\Exceptions\\Handler.php(1004): response()
#14 C:\\laragon\\www\\license-server\\vendor\\laravel\\framework\\src\\Illuminate\\Foundation\\Exceptions\\Handler.php(737): Illuminate\\Foundation\\Exceptions\\Handler->prepareJsonResponse(Object(Illuminate\\Http\\Request), Object(Illuminate\\Contracts\\Container\\BindingResolutionException))
#15 C:\\laragon\\www\\license-server\\vendor\\laravel\\framework\\src\\Illuminate\\Foundation\\Exceptions\\Handler.php(626): Illuminate\\Foundation\\Exceptions\\Handler->renderExceptionResponse(Object(Illuminate\\Http\\Request), Object(Illuminate\\Contracts\\Container\\BindingResolutionException))
#16 C:\\laragon\\www\\license-server\\vendor\\laravel\\framework\\src\\Illuminate\\Foundation\\Bootstrap\\HandleExceptions.php(225): Illuminate\\Foundation\\Exceptions\\Handler->render(Object(Illuminate\\Http\\Request), Object(Illuminate\\Contracts\\Container\\BindingResolutionException))
#17 C:\\laragon\\www\\license-server\\vendor\\laravel\\framework\\src\\Illuminate\\Foundation\\Bootstrap\\HandleExceptions.php(202): Illuminate\\Foundation\\Bootstrap\\HandleExceptions->renderHttpResponse(Object(Illuminate\\Contracts\\Container\\BindingResolutionException))
#18 C:\\laragon\\www\\license-server\\vendor\\laravel\\framework\\src\\Illuminate\\Foundation\\Bootstrap\\HandleExceptions.php(262): Illuminate\\Foundation\\Bootstrap\\HandleExceptions->handleException(Object(Illuminate\\Contracts\\Container\\BindingResolutionException))
#19 [internal function]: Illuminate\\Foundation\\Bootstrap\\HandleExceptions->Illuminate\\Foundation\\Bootstrap\\{closure}(Object(Illuminate\\Contracts\\Container\\BindingResolutionException))
#20 {main}
  thrown at C:/laragon/www/license-server/vendor/laravel/framework/src/Illuminate/Container/Container.php:1124)
[stacktrace]
#0 {main}
"} 
[2026-08-01 03:29:19] local.ERROR: The C:\laragon\www\license-server\bootstrap\cache directory must be present and writable. {"exception":"[object] (Exception(code: 0): The C:\\laragon\\www\\license-server\\bootstrap\\cache directory must be present and writable. at C:/laragon/www/license-server/vendor/laravel/framework/src/Illuminate/Foundation/PackageManifest.php:179)
[stacktrace]
#0 C:/laragon/www/license-server/vendor/laravel/framework/src/Illuminate/Foundation/PackageManifest.php(132): Illuminate/Foundation/PackageManifest->write(Array)
#1 C:/laragon/www/license-server/vendor/laravel/framework/src/Illuminate/Foundation/PackageManifest.php(108): Illuminate/Foundation/PackageManifest->build()
#2 C:/laragon/www/license-server/vendor/laravel/framework/src/Illuminate/Foundation/PackageManifest.php(90): Illuminate/Foundation/PackageManifest->getManifest()
#3 C:/laragon/www/license-server/vendor/laravel/framework/src/Illuminate/Foundation/PackageManifest.php(79): Illuminate/Foundation/PackageManifest->config('aliases')
#4 C:/laragon/www/license-server/vendor/laravel/framework/src/Illuminate/Foundation/Bootstrap/RegisterFacades.php(26): Illuminate/Foundation/PackageManifest->aliases()
#5 C:/laragon/www/license-server/vendor/laravel/framework/src/Illuminate/Foundation/Application.php(342): Illuminate/Foundation/Bootstrap/RegisterFacades->bootstrap(Object(Illuminate/Foundation/Application))
#6 C:/laragon/www/license-server/vendor/laravel/framework/src/Illuminate/Foundation/Console/Kernel.php(494): Illuminate/Foundation/Application->bootstrapWith(Array)
#7 C:/laragon/www/license-server/vendor/laravel/framework/src/Illuminate/Foundation/Console/Kernel.php(196): Illuminate/Foundation/Console/Kernel->bootstrap()
#8 C:/laragon/www/license-server/vendor/laravel/framework/src/Illuminate/Foundation/Application.php(1235): Illuminate/Foundation/Console/Kernel->handle(Object(Symfony/Component/Console/Input/ArgvInput), Object(Symfony/Component/Console/Output/ConsoleOutput))
#9 C:/laragon/www/license-server/artisan(12): Illuminate/Foundation/Application->handleCommand(Object(Symfony/Component/Console/Input/ArgvInput))
#10 {main}
"} 
[2026-08-01 03:29:22] local.ERROR: The C:\laragon\www\license-server\bootstrap\cache directory must be present and writable. {"exception":"[object] (Exception(code: 0): The C:\\laragon\\www\\license-server\\bootstrap\\cache directory must be present and writable. at C:/laragon/www/license-server/vendor/laravel/framework/src/Illuminate/Foundation/PackageManifest.php:179)
[stacktrace]
#0 C:/laragon/www/license-server/vendor/laravel/framework/src/Illuminate/Foundation/PackageManifest.php(132): Illuminate/Foundation/PackageManifest->write(Array)
#1 C:/laragon/www/license-server/vendor/laravel/framework/src/Illuminate/Foundation/PackageManifest.php(108): Illuminate/Foundation/PackageManifest->build()
#2 C:/laragon/www/license-server/vendor/laravel/framework/src/Illuminate/Foundation/PackageManifest.php(90): Illuminate/Foundation/PackageManifest->getManifest()
#3 C:/laragon/www/license-server/vendor/laravel/framework/src/Illuminate/Foundation/PackageManifest.php(79): Illuminate/Foundation/PackageManifest->config('aliases')
#4 C:/laragon/www/license-server/vendor/laravel/framework/src/Illuminate/Foundation/Bootstrap/RegisterFacades.php(26): Illuminate/Foundation/PackageManifest->aliases()
#5 C:/laragon/www/license-server/vendor/laravel/framework/src/Illuminate/Foundation/Application.php(342): Illuminate/Foundation/Bootstrap/RegisterFacades->bootstrap(Object(Illuminate/Foundation/Application))
#6 C:/laragon/www/license-server/vendor/laravel/framework/src/Illuminate/Foundation/Console/Kernel.php(494): Illuminate/Foundation/Application->bootstrapWith(Array)
#7 C:/laragon/www/license-server/vendor/laravel/framework/src/Illuminate/Foundation/Console/Kernel.php(196): Illuminate/Foundation/Console/Kernel->bootstrap()
#8 C:/laragon/www/license-server/vendor/laravel/framework/src/Illuminate/Foundation/Application.php(1235): Illuminate/Foundation/Console/Kernel->handle(Object(Symfony/Component/Console/Input/ArgvInput), Object(Symfony/Component/Console/Output/ConsoleOutput))
#9 C:/laragon/www/license-server/artisan(12): Illuminate/Foundation/Application->handleCommand(Object(Symfony/Component/Console/Input/ArgvInput))
#10 {main}
"} 
[2026-08-01 03:29:49] local.ERROR: The C:\laragon\www\license-server\bootstrap\cache directory must be present and writable. {"exception":"[object] (Exception(code: 0): The C:\\laragon\\www\\license-server\\bootstrap\\cache directory must be present and writable. at C:/laragon/www/license-server/vendor/laravel/framework/src/Illuminate/Foundation/PackageManifest.php:179)
[stacktrace]
#0 C:/laragon/www/license-server/vendor/laravel/framework/src/Illuminate/Foundation/PackageManifest.php(132): Illuminate/Foundation/PackageManifest->write(Array)
#1 C:/laragon/www/license-server/vendor/laravel/framework/src/Illuminate/Foundation/PackageManifest.php(108): Illuminate/Foundation/PackageManifest->build()
#2 C:/laragon/www/license-server/vendor/laravel/framework/src/Illuminate/Foundation/PackageManifest.php(90): Illuminate/Foundation/PackageManifest->getManifest()
#3 C:/laragon/www/license-server/vendor/laravel/framework/src/Illuminate/Foundation/PackageManifest.php(79): Illuminate/Foundation/PackageManifest->config('aliases')
#4 C:/laragon/www/license-server/vendor/laravel/framework/src/Illuminate/Foundation/Bootstrap/RegisterFacades.php(26): Illuminate/Foundation/PackageManifest->aliases()
#5 C:/laragon/www/license-server/vendor/laravel/framework/src/Illuminate/Foundation/Application.php(342): Illuminate/Foundation/Bootstrap/RegisterFacades->bootstrap(Object(Illuminate/Foundation/Application))
#6 C:/laragon/www/license-server/vendor/laravel/framework/src/Illuminate/Foundation/Http/Kernel.php(186): Illuminate/Foundation/Application->bootstrapWith(Array)
#7 C:/laragon/www/license-server/vendor/laravel/framework/src/Illuminate/Foundation/Http/Kernel.php(170): Illuminate/Foundation/Http/Kernel->bootstrap()
#8 C:/laragon/www/license-server/vendor/laravel/framework/src/Illuminate/Foundation/Http/Kernel.php(144): Illuminate/Foundation/Http/Kernel->sendRequestThroughRouter(Object(Illuminate/Http/Request))
#9 C:/laragon/www/license-server/vendor/laravel/framework/src/Illuminate/Foundation/Application.php(1220): Illuminate/Foundation/Http/Kernel->handle(Object(Illuminate/Http/Request))
#10 C:/laragon/www/license-server/public/index.php(20): Illuminate/Foundation/Application->handleRequest(Object(Illuminate/Http/Request))
#11 {main}
"} 
[2026-08-01 03:29:49] local.ERROR: Target class [view] does not exist. {"exception":"[object] (Illuminate\\Contracts\\Container\\BindingResolutionException(code: 0): Target class [view] does not exist. at C:/laragon/www/license-server/vendor/laravel/framework/src/Illuminate/Container/Container.php:1124)
[stacktrace]
#0 C:/laragon/www/license-server/vendor/laravel/framework/src/Illuminate/Container/Container.php(933): Illuminate/Container/Container->build('view')
#1 C:/laragon/www/license-server/vendor/laravel/framework/src/Illuminate/Foundation/Application.php(1078): Illuminate/Container/Container->resolve('view', Array, true)
#2 C:/laragon/www/license-server/vendor/laravel/framework/src/Illuminate/Container/Container.php(864): Illuminate/Foundation/Application->resolve('view', Array)
#3 C:/laragon/www/license-server/vendor/laravel/framework/src/Illuminate/Foundation/Application.php(1058): Illuminate/Container/Container->make('view', Array)
#4 C:/laragon/www/license-server/vendor/laravel/framework/src/Illuminate/Container/Container.php(1805): Illuminate/Foundation/Application->make('view')
#5 C:/laragon/www/license-server/vendor/laravel/framework/src/Illuminate/Routing/RoutingServiceProvider.php(177): Illuminate/Container/Container->offsetGet('Illuminate//Cont...')
#6 C:/laragon/www/license-server/vendor/laravel/framework/src/Illuminate/Container/Container.php(1115): Illuminate/Routing/RoutingServiceProvider->Illuminate/Routing/{closure}(Object(Illuminate/Foundation/Application), Array)
#7 C:/laragon/www/license-server/vendor/laravel/framework/src/Illuminate/Container/Container.php(933): Illuminate/Container/Container->build(Object(Closure))
#8 C:/laragon/www/license-server/vendor/laravel/framework/src/Illuminate/Foundation/Application.php(1078): Illuminate/Container/Container->resolve('Illuminate//Cont...', Array, true)
#9 C:/laragon/www/license-server/vendor/laravel/framework/src/Illuminate/Container/Container.php(864): Illuminate/Foundation/Application->resolve('Illuminate//Cont...', Array)
#10 C:/laragon/www/license-server/vendor/laravel/framework/src/Illuminate/Foundation/Application.php(1058): Illuminate/Container/Container->make('Illuminate//Cont...', Array)
#11 C:/laragon/www/license-server/vendor/laravel/framework/src/Illuminate/Foundation/helpers.php(138): Illuminate/Foundation/Application->make('Illuminate//Cont...', Array)
#12 C:/laragon/www/license-server/vendor/laravel/framework/src/Illuminate/Foundation/helpers.php(850): app('Illuminate//Cont...')
#13 C:/laragon/www/license-server/vendor/laravel/framework/src/Illuminate/Foundation/Exceptions/Handler.php(1004): response()
#14 C:/laragon/www/license-server/vendor/laravel/framework/src/Illuminate/Foundation/Exceptions/Handler.php(737): Illuminate/Foundation/Exceptions/Handler->prepareJsonResponse(Object(Illuminate/Http/Request), Object(Exception))
#15 C:/laragon/www/license-server/vendor/laravel/framework/src/Illuminate/Foundation/Exceptions/Handler.php(626): Illuminate/Foundation/Exceptions/Handler->renderExceptionResponse(Object(Illuminate/Http/Request), Object(Exception))
#16 C:/laragon/www/license-server/vendor/laravel/framework/src/Illuminate/Foundation/Http/Kernel.php(574): Illuminate/Foundation/Exceptions/Handler->render(Object(Illuminate/Http/Request), Object(Exception))
#17 C:/laragon/www/license-server/vendor/laravel/framework/src/Illuminate/Foundation/Http/Kernel.php(148): Illuminate/Foundation/Http/Kernel->renderException(Object(Illuminate/Http/Request), Object(Exception))
#18 C:/laragon/www/license-server/vendor/laravel/framework/src/Illuminate/Foundation/Application.php(1220): Illuminate/Foundation/Http/Kernel->handle(Object(Illuminate/Http/Request))
#19 C:/laragon/www/license-server/public/index.php(20): Illuminate/Foundation/Application->handleRequest(Object(Illuminate/Http/Request))
#20 {main}

[previous exception] [object] (ReflectionException(code: -1): Class \"view\" does not exist at C:/laragon/www/license-server/vendor/laravel/framework/src/Illuminate/Container/Container.php:1122)
[stacktrace]
#0 C:/laragon/www/license-server/vendor/laravel/framework/src/Illuminate/Container/Container.php(1122): ReflectionClass->__construct('view')
#1 C:/laragon/www/license-server/vendor/laravel/framework/src/Illuminate/Container/Container.php(933): Illuminate/Container/Container->build('view')
#2 C:/laragon/www/license-server/vendor/laravel/framework/src/Illuminate/Foundation/Application.php(1078): Illuminate/Container/Container->resolve('view', Array, true)
#3 C:/laragon/www/license-server/vendor/laravel/framework/src/Illuminate/Container/Container.php(864): Illuminate/Foundation/Application->resolve('view', Array)
#4 C:/laragon/www/license-server/vendor/laravel/framework/src/Illuminate/Foundation/Application.php(1058): Illuminate/Container/Container->make('view', Array)
#5 C:/laragon/www/license-server/vendor/laravel/framework/src/Illuminate/Container/Container.php(1805): Illuminate/Foundation/Application->make('view')
#6 C:/laragon/www/license-server/vendor/laravel/framework/src/Illuminate/Routing/RoutingServiceProvider.php(177): Illuminate/Container/Container->offsetGet('Illuminate//Cont...')
#7 C:/laragon/www/license-server/vendor/laravel/framework/src/Illuminate/Container/Container.php(1115): Illuminate/Routing/RoutingServiceProvider->Illuminate/Routing/{closure}(Object(Illuminate/Foundation/Application), Array)
#8 C:/laragon/www/license-server/vendor/laravel/framework/src/Illuminate/Container/Container.php(933): Illuminate/Container/Container->build(Object(Closure))
#9 C:/laragon/www/license-server/vendor/laravel/framework/src/Illuminate/Foundation/Application.php(1078): Illuminate/Container/Container->resolve('Illuminate//Cont...', Array, true)
#10 C:/laragon/www/license-server/vendor/laravel/framework/src/Illuminate/Container/Container.php(864): Illuminate/Foundation/Application->resolve('Illuminate//Cont...', Array)
#11 C:/laragon/www/license-server/vendor/laravel/framework/src/Illuminate/Foundation/Application.php(1058): Illuminate/Container/Container->make('Illuminate//Cont...', Array)
#12 C:/laragon/www/license-server/vendor/laravel/framework/src/Illuminate/Foundation/helpers.php(138): Illuminate/Foundation/Application->make('Illuminate//Cont...', Array)
#13 C:/laragon/www/license-server/vendor/laravel/framework/src/Illuminate/Foundation/helpers.php(850): app('Illuminate//Cont...')
#14 C:/laragon/www/license-server/vendor/laravel/framework/src/Illuminate/Foundation/Exceptions/Handler.php(1004): response()
#15 C:/laragon/www/license-server/vendor/laravel/framework/src/Illuminate/Foundation/Exceptions/Handler.php(737): Illuminate/Foundation/Exceptions/Handler->prepareJsonResponse(Object(Illuminate/Http/Request), Object(Exception))
#16 C:/laragon/www/license-server/vendor/laravel/framework/src/Illuminate/Foundation/Exceptions/Handler.php(626): Illuminate/Foundation/Exceptions/Handler->renderExceptionResponse(Object(Illuminate/Http/Request), Object(Exception))
#17 C:/laragon/www/license-server/vendor/laravel/framework/src/Illuminate/Foundation/Http/Kernel.php(574): Illuminate/Foundation/Exceptions/Handler->render(Object(Illuminate/Http/Request), Object(Exception))
#18 C:/laragon/www/license-server/vendor/laravel/framework/src/Illuminate/Foundation/Http/Kernel.php(148): Illuminate/Foundation/Http/Kernel->renderException(Object(Illuminate/Http/Request), Object(Exception))
#19 C:/laragon/www/license-server/vendor/laravel/framework/src/Illuminate/Foundation/Application.php(1220): Illuminate/Foundation/Http/Kernel->handle(Object(Illuminate/Http/Request))
#20 C:/laragon/www/license-server/public/index.php(20): Illuminate/Foundation/Application->handleRequest(Object(Illuminate/Http/Request))
#21 {main}
"} 
[2026-08-01 03:29:49] local.ERROR: Uncaught ReflectionException: Class "view" does not exist in C:\laragon\www\license-server\vendor\laravel\framework\src\Illuminate\Container\Container.php:1122
Stack trace:
#0 C:\laragon\www\license-server\vendor\laravel\framework\src\Illuminate\Container\Container.php(1122): ReflectionClass->__construct('view')
#1 C:\laragon\www\license-server\vendor\laravel\framework\src\Illuminate\Container\Container.php(933): Illuminate\Container\Container->build('view')
#2 C:\laragon\www\license-server\vendor\laravel\framework\src\Illuminate\Foundation\Application.php(1078): Illuminate\Container\Container->resolve('view', Array, true)
#3 C:\laragon\www\license-server\vendor\laravel\framework\src\Illuminate\Container\Container.php(864): Illuminate\Foundation\Application->resolve('view', Array)
#4 C:\laragon\www\license-server\vendor\laravel\framework\src\Illuminate\Foundation\Application.php(1058): Illuminate\Container\Container->make('view', Array)
#5 C:\laragon\www\license-server\vendor\laravel\framework\src\Illuminate\Container\Container.php(1805): Illuminate\Foundation\Application->make('view')
#6 C:\laragon\www\license-server\vendor\laravel\framework\src\Illuminate\Routing\RoutingServiceProvider.php(177): Illuminate\Container\Container->offsetGet('Illuminate\\Cont...')
#7 C:\laragon\www\license-server\vendor\laravel\framework\src\Illuminate\Container\Container.php(1115): Illuminate\Routing\RoutingServiceProvider->Illuminate\Routing\{closure}(Object(Illuminate\Foundation\Application), Array)
#8 C:\laragon\www\license-server\vendor\laravel\framework\src\Illuminate\Container\Container.php(933): Illuminate\Container\Container->build(Object(Closure))
#9 C:\laragon\www\license-server\vendor\laravel\framework\src\Illuminate\Foundation\Application.php(1078): Illuminate\Container\Container->resolve('Illuminate\\Cont...', Array, true)
#10 C:\laragon\www\license-server\vendor\laravel\framework\src\Illuminate\Container\Container.php(864): Illuminate\Foundation\Application->resolve('Illuminate\\Cont...', Array)
#11 C:\laragon\www\license-server\vendor\laravel\framework\src\Illuminate\Foundation\Application.php(1058): Illuminate\Container\Container->make('Illuminate\\Cont...', Array)
#12 C:\laragon\www\license-server\vendor\laravel\framework\src\Illuminate\Foundation\helpers.php(138): Illuminate\Foundation\Application->make('Illuminate\\Cont...', Array)
#13 C:\laragon\www\license-server\vendor\laravel\framework\src\Illuminate\Foundation\helpers.php(850): app('Illuminate\\Cont...')
#14 C:\laragon\www\license-server\vendor\laravel\framework\src\Illuminate\Foundation\Exceptions\Handler.php(1004): response()
#15 C:\laragon\www\license-server\vendor\laravel\framework\src\Illuminate\Foundation\Exceptions\Handler.php(737): Illuminate\Foundation\Exceptions\Handler->prepareJsonResponse(Object(Illuminate\Http\Request), Object(Illuminate\Contracts\Container\BindingResolutionException))
#16 C:\laragon\www\license-server\vendor\laravel\framework\src\Illuminate\Foundation\Exceptions\Handler.php(626): Illuminate\Foundation\Exceptions\Handler->renderExceptionResponse(Object(Illuminate\Http\Request), Object(Illuminate\Contracts\Container\BindingResolutionException))
#17 C:\laragon\www\license-server\vendor\laravel\framework\src\Illuminate\Foundation\Bootstrap\HandleExceptions.php(225): Illuminate\Foundation\Exceptions\Handler->render(Object(Illuminate\Http\Request), Object(Illuminate\Contracts\Container\BindingResolutionException))
#18 C:\laragon\www\license-server\vendor\laravel\framework\src\Illuminate\Foundation\Bootstrap\HandleExceptions.php(202): Illuminate\Foundation\Bootstrap\HandleExceptions->renderHttpResponse(Object(Illuminate\Contracts\Container\BindingResolutionException))
#19 C:\laragon\www\license-server\vendor\laravel\framework\src\Illuminate\Foundation\Bootstrap\HandleExceptions.php(262): Illuminate\Foundation\Bootstrap\HandleExceptions->handleException(Object(Illuminate\Contracts\Container\BindingResolutionException))
#20 [internal function]: Illuminate\Foundation\Bootstrap\HandleExceptions->Illuminate\Foundation\Bootstrap\{closure}(Object(Illuminate\Contracts\Container\BindingResolutionException))
#21 {main}

Next Illuminate\Contracts\Container\BindingResolutionException: Target class [view] does not exist. in C:\laragon\www\license-server\vendor\laravel\framework\src\Illuminate\Container\Container.php:1124
Stack trace:
#0 C:\laragon\www\license-server\vendor\laravel\framework\src\Illuminate\Container\Container.php(933): Illuminate\Container\Container->build('view')
#1 C:\laragon\www\license-server\vendor\laravel\framework\src\Illuminate\Foundation\Application.php(1078): Illuminate\Container\Container->resolve('view', Array, true)
#2 C:\laragon\www\license-server\vendor\laravel\framework\src\Illuminate\Container\Container.php(864): Illuminate\Foundation\Application->resolve('view', Array)
#3 C:\laragon\www\license-server\vendor\laravel\framework\src\Illuminate\Foundation\Application.php(1058): Illuminate\Container\Container->make('view', Array)
#4 C:\laragon\www\license-server\vendor\laravel\framework\src\Illuminate\Container\Container.php(1805): Illuminate\Foundation\Application->make('view')
#5 C:\laragon\www\license-server\vendor\laravel\framework\src\Illuminate\Routing\RoutingServiceProvider.php(177): Illuminate\Container\Container->offsetGet('Illuminate\\Cont...')
#6 C:\laragon\www\license-server\vendor\laravel\framework\src\Illuminate\Container\Container.php(1115): Illuminate\Routing\RoutingServiceProvider->Illuminate\Routing\{closure}(Object(Illuminate\Foundation\Application), Array)
#7 C:\laragon\www\license-server\vendor\laravel\framework\src\Illuminate\Container\Container.php(933): Illuminate\Container\Container->build(Object(Closure))
#8 C:\laragon\www\license-server\vendor\laravel\framework\src\Illuminate\Foundation\Application.php(1078): Illuminate\Container\Container->resolve('Illuminate\\Cont...', Array, true)
#9 C:\laragon\www\license-server\vendor\laravel\framework\src\Illuminate\Container\Container.php(864): Illuminate\Foundation\Application->resolve('Illuminate\\Cont...', Array)
#10 C:\laragon\www\license-server\vendor\laravel\framework\src\Illuminate\Foundation\Application.php(1058): Illuminate\Container\Container->make('Illuminate\\Cont...', Array)
#11 C:\laragon\www\license-server\vendor\laravel\framework\src\Illuminate\Foundation\helpers.php(138): Illuminate\Foundation\Application->make('Illuminate\\Cont...', Array)
#12 C:\laragon\www\license-server\vendor\laravel\framework\src\Illuminate\Foundation\helpers.php(850): app('Illuminate\\Cont...')
#13 C:\laragon\www\license-server\vendor\laravel\framework\src\Illuminate\Foundation\Exceptions\Handler.php(1004): response()
#14 C:\laragon\www\license-server\vendor\laravel\framework\src\Illuminate\Foundation\Exceptions\Handler.php(737): Illuminate\Foundation\Exceptions\Handler->prepareJsonResponse(Object(Illuminate\Http\Request), Object(Illuminate\Contracts\Container\BindingResolutionException))
#15 C:\laragon\www\license-server\vendor\laravel\framework\src\Illuminate\Foundation\Exceptions\Handler.php(626): Illuminate\Foundation\Exceptions\Handler->renderExceptionResponse(Object(Illuminate\Http\Request), Object(Illuminate\Contracts\Container\BindingResolutionException))
#16 C:\laragon\www\license-server\vendor\laravel\framework\src\Illuminate\Foundation\Bootstrap\HandleExceptions.php(225): Illuminate\Foundation\Exceptions\Handler->render(Object(Illuminate\Http\Request), Object(Illuminate\Contracts\Container\BindingResolutionException))
#17 C:\laragon\www\license-server\vendor\laravel\framework\src\Illuminate\Foundation\Bootstrap\HandleExceptions.php(202): Illuminate\Foundation\Bootstrap\HandleExceptions->renderHttpResponse(Object(Illuminate\Contracts\Container\BindingResolutionException))
#18 C:\laragon\www\license-server\vendor\laravel\framework\src\Illuminate\Foundation\Bootstrap\HandleExceptions.php(262): Illuminate\Foundation\Bootstrap\HandleExceptions->handleException(Object(Illuminate\Contracts\Container\BindingResolutionException))
#19 [internal function]: Illuminate\Foundation\Bootstrap\HandleExceptions->Illuminate\Foundation\Bootstrap\{closure}(Object(Illuminate\Contracts\Container\BindingResolutionException))
#20 {main}
  thrown {"exception":"[object] (Symfony\\Component\\ErrorHandler\\Error\\FatalError(code: 0): Uncaught ReflectionException: Class \"view\" does not exist in C:\\laragon\\www\\license-server\\vendor\\laravel\\framework\\src\\Illuminate\\Container\\Container.php:1122
Stack trace:
#0 C:\\laragon\\www\\license-server\\vendor\\laravel\\framework\\src\\Illuminate\\Container\\Container.php(1122): ReflectionClass->__construct('view')
#1 C:\\laragon\\www\\license-server\\vendor\\laravel\\framework\\src\\Illuminate\\Container\\Container.php(933): Illuminate\\Container\\Container->build('view')
#2 C:\\laragon\\www\\license-server\\vendor\\laravel\\framework\\src\\Illuminate\\Foundation\\Application.php(1078): Illuminate\\Container\\Container->resolve('view', Array, true)
#3 C:\\laragon\\www\\license-server\\vendor\\laravel\\framework\\src\\Illuminate\\Container\\Container.php(864): Illuminate\\Foundation\\Application->resolve('view', Array)
#4 C:\\laragon\\www\\license-server\\vendor\\laravel\\framework\\src\\Illuminate\\Foundation\\Application.php(1058): Illuminate\\Container\\Container->make('view', Array)
#5 C:\\laragon\\www\\license-server\\vendor\\laravel\\framework\\src\\Illuminate\\Container\\Container.php(1805): Illuminate\\Foundation\\Application->make('view')
#6 C:\\laragon\\www\\license-server\\vendor\\laravel\\framework\\src\\Illuminate\\Routing\\RoutingServiceProvider.php(177): Illuminate\\Container\\Container->offsetGet('Illuminate\\\\Cont...')
#7 C:\\laragon\\www\\license-server\\vendor\\laravel\\framework\\src\\Illuminate\\Container\\Container.php(1115): Illuminate\\Routing\\RoutingServiceProvider->Illuminate\\Routing\\{closure}(Object(Illuminate\\Foundation\\Application), Array)
#8 C:\\laragon\\www\\license-server\\vendor\\laravel\\framework\\src\\Illuminate\\Container\\Container.php(933): Illuminate\\Container\\Container->build(Object(Closure))
#9 C:\\laragon\\www\\license-server\\vendor\\laravel\\framework\\src\\Illuminate\\Foundation\\Application.php(1078): Illuminate\\Container\\Container->resolve('Illuminate\\\\Cont...', Array, true)
#10 C:\\laragon\\www\\license-server\\vendor\\laravel\\framework\\src\\Illuminate\\Container\\Container.php(864): Illuminate\\Foundation\\Application->resolve('Illuminate\\\\Cont...', Array)
#11 C:\\laragon\\www\\license-server\\vendor\\laravel\\framework\\src\\Illuminate\\Foundation\\Application.php(1058): Illuminate\\Container\\Container->make('Illuminate\\\\Cont...', Array)
#12 C:\\laragon\\www\\license-server\\vendor\\laravel\\framework\\src\\Illuminate\\Foundation\\helpers.php(138): Illuminate\\Foundation\\Application->make('Illuminate\\\\Cont...', Array)
#13 C:\\laragon\\www\\license-server\\vendor\\laravel\\framework\\src\\Illuminate\\Foundation\\helpers.php(850): app('Illuminate\\\\Cont...')
#14 C:\\laragon\\www\\license-server\\vendor\\laravel\\framework\\src\\Illuminate\\Foundation\\Exceptions\\Handler.php(1004): response()
#15 C:\\laragon\\www\\license-server\\vendor\\laravel\\framework\\src\\Illuminate\\Foundation\\Exceptions\\Handler.php(737): Illuminate\\Foundation\\Exceptions\\Handler->prepareJsonResponse(Object(Illuminate\\Http\\Request), Object(Illuminate\\Contracts\\Container\\BindingResolutionException))
#16 C:\\laragon\\www\\license-server\\vendor\\laravel\\framework\\src\\Illuminate\\Foundation\\Exceptions\\Handler.php(626): Illuminate\\Foundation\\Exceptions\\Handler->renderExceptionResponse(Object(Illuminate\\Http\\Request), Object(Illuminate\\Contracts\\Container\\BindingResolutionException))
#17 C:\\laragon\\www\\license-server\\vendor\\laravel\\framework\\src\\Illuminate\\Foundation\\Bootstrap\\HandleExceptions.php(225): Illuminate\\Foundation\\Exceptions\\Handler->render(Object(Illuminate\\Http\\Request), Object(Illuminate\\Contracts\\Container\\BindingResolutionException))
#18 C:\\laragon\\www\\license-server\\vendor\\laravel\\framework\\src\\Illuminate\\Foundation\\Bootstrap\\HandleExceptions.php(202): Illuminate\\Foundation\\Bootstrap\\HandleExceptions->renderHttpResponse(Object(Illuminate\\Contracts\\Container\\BindingResolutionException))
#19 C:\\laragon\\www\\license-server\\vendor\\laravel\\framework\\src\\Illuminate\\Foundation\\Bootstrap\\HandleExceptions.php(262): Illuminate\\Foundation\\Bootstrap\\HandleExceptions->handleException(Object(Illuminate\\Contracts\\Container\\BindingResolutionException))
#20 [internal function]: Illuminate\\Foundation\\Bootstrap\\HandleExceptions->Illuminate\\Foundation\\Bootstrap\\{closure}(Object(Illuminate\\Contracts\\Container\\BindingResolutionException))
#21 {main}

Next Illuminate\\Contracts\\Container\\BindingResolutionException: Target class [view] does not exist. in C:\\laragon\\www\\license-server\\vendor\\laravel\\framework\\src\\Illuminate\\Container\\Container.php:1124
Stack trace:
#0 C:\\laragon\\www\\license-server\\vendor\\laravel\\framework\\src\\Illuminate\\Container\\Container.php(933): Illuminate\\Container\\Container->build('view')
#1 C:\\laragon\\www\\license-server\\vendor\\laravel\\framework\\src\\Illuminate\\Foundation\\Application.php(1078): Illuminate\\Container\\Container->resolve('view', Array, true)
#2 C:\\laragon\\www\\license-server\\vendor\\laravel\\framework\\src\\Illuminate\\Container\\Container.php(864): Illuminate\\Foundation\\Application->resolve('view', Array)
#3 C:\\laragon\\www\\license-server\\vendor\\laravel\\framework\\src\\Illuminate\\Foundation\\Application.php(1058): Illuminate\\Container\\Container->make('view', Array)
#4 C:\\laragon\\www\\license-server\\vendor\\laravel\\framework\\src\\Illuminate\\Container\\Container.php(1805): Illuminate\\Foundation\\Application->make('view')
#5 C:\\laragon\\www\\license-server\\vendor\\laravel\\framework\\src\\Illuminate\\Routing\\RoutingServiceProvider.php(177): Illuminate\\Container\\Container->offsetGet('Illuminate\\\\Cont...')
#6 C:\\laragon\\www\\license-server\\vendor\\laravel\\framework\\src\\Illuminate\\Container\\Container.php(1115): Illuminate\\Routing\\RoutingServiceProvider->Illuminate\\Routing\\{closure}(Object(Illuminate\\Foundation\\Application), Array)
#7 C:\\laragon\\www\\license-server\\vendor\\laravel\\framework\\src\\Illuminate\\Container\\Container.php(933): Illuminate\\Container\\Container->build(Object(Closure))
#8 C:\\laragon\\www\\license-server\\vendor\\laravel\\framework\\src\\Illuminate\\Foundation\\Application.php(1078): Illuminate\\Container\\Container->resolve('Illuminate\\\\Cont...', Array, true)
#9 C:\\laragon\\www\\license-server\\vendor\\laravel\\framework\\src\\Illuminate\\Container\\Container.php(864): Illuminate\\Foundation\\Application->resolve('Illuminate\\\\Cont...', Array)
#10 C:\\laragon\\www\\license-server\\vendor\\laravel\\framework\\src\\Illuminate\\Foundation\\Application.php(1058): Illuminate\\Container\\Container->make('Illuminate\\\\Cont...', Array)
#11 C:\\laragon\\www\\license-server\\vendor\\laravel\\framework\\src\\Illuminate\\Foundation\\helpers.php(138): Illuminate\\Foundation\\Application->make('Illuminate\\\\Cont...', Array)
#12 C:\\laragon\\www\\license-server\\vendor\\laravel\\framework\\src\\Illuminate\\Foundation\\helpers.php(850): app('Illuminate\\\\Cont...')
#13 C:\\laragon\\www\\license-server\\vendor\\laravel\\framework\\src\\Illuminate\\Foundation\\Exceptions\\Handler.php(1004): response()
#14 C:\\laragon\\www\\license-server\\vendor\\laravel\\framework\\src\\Illuminate\\Foundation\\Exceptions\\Handler.php(737): Illuminate\\Foundation\\Exceptions\\Handler->prepareJsonResponse(Object(Illuminate\\Http\\Request), Object(Illuminate\\Contracts\\Container\\BindingResolutionException))
#15 C:\\laragon\\www\\license-server\\vendor\\laravel\\framework\\src\\Illuminate\\Foundation\\Exceptions\\Handler.php(626): Illuminate\\Foundation\\Exceptions\\Handler->renderExceptionResponse(Object(Illuminate\\Http\\Request), Object(Illuminate\\Contracts\\Container\\BindingResolutionException))
#16 C:\\laragon\\www\\license-server\\vendor\\laravel\\framework\\src\\Illuminate\\Foundation\\Bootstrap\\HandleExceptions.php(225): Illuminate\\Foundation\\Exceptions\\Handler->render(Object(Illuminate\\Http\\Request), Object(Illuminate\\Contracts\\Container\\BindingResolutionException))
#17 C:\\laragon\\www\\license-server\\vendor\\laravel\\framework\\src\\Illuminate\\Foundation\\Bootstrap\\HandleExceptions.php(202): Illuminate\\Foundation\\Bootstrap\\HandleExceptions->renderHttpResponse(Object(Illuminate\\Contracts\\Container\\BindingResolutionException))
#18 C:\\laragon\\www\\license-server\\vendor\\laravel\\framework\\src\\Illuminate\\Foundation\\Bootstrap\\HandleExceptions.php(262): Illuminate\\Foundation\\Bootstrap\\HandleExceptions->handleException(Object(Illuminate\\Contracts\\Container\\BindingResolutionException))
#19 [internal function]: Illuminate\\Foundation\\Bootstrap\\HandleExceptions->Illuminate\\Foundation\\Bootstrap\\{closure}(Object(Illuminate\\Contracts\\Container\\BindingResolutionException))
#20 {main}
  thrown at C:/laragon/www/license-server/vendor/laravel/framework/src/Illuminate/Container/Container.php:1124)
[stacktrace]
#0 {main}
"} 
[2026-08-01 03:30:20] local.ERROR: The C:\laragon\www\license-server\bootstrap\cache directory must be present and writable. {"exception":"[object] (Exception(code: 0): The C:\\laragon\\www\\license-server\\bootstrap\\cache directory must be present and writable. at C:/laragon/www/license-server/vendor/laravel/framework/src/Illuminate/Foundation/PackageManifest.php:179)
[stacktrace]
#0 C:/laragon/www/license-server/vendor/laravel/framework/src/Illuminate/Foundation/PackageManifest.php(132): Illuminate/Foundation/PackageManifest->write(Array)
#1 C:/laragon/www/license-server/vendor/laravel/framework/src/Illuminate/Foundation/PackageManifest.php(108): Illuminate/Foundation/PackageManifest->build()
#2 C:/laragon/www/license-server/vendor/laravel/framework/src/Illuminate/Foundation/PackageManifest.php(90): Illuminate/Foundation/PackageManifest->getManifest()
#3 C:/laragon/www/license-server/vendor/laravel/framework/src/Illuminate/Foundation/PackageManifest.php(79): Illuminate/Foundation/PackageManifest->config('aliases')
#4 C:/laragon/www/license-server/vendor/laravel/framework/src/Illuminate/Foundation/Bootstrap/RegisterFacades.php(26): Illuminate/Foundation/PackageManifest->aliases()
#5 C:/laragon/www/license-server/vendor/laravel/framework/src/Illuminate/Foundation/Application.php(342): Illuminate/Foundation/Bootstrap/RegisterFacades->bootstrap(Object(Illuminate/Foundation/Application))
#6 C:/laragon/www/license-server/vendor/laravel/framework/src/Illuminate/Foundation/Http/Kernel.php(186): Illuminate/Foundation/Application->bootstrapWith(Array)
#7 C:/laragon/www/license-server/vendor/laravel/framework/src/Illuminate/Foundation/Http/Kernel.php(170): Illuminate/Foundation/Http/Kernel->bootstrap()
#8 C:/laragon/www/license-server/vendor/laravel/framework/src/Illuminate/Foundation/Http/Kernel.php(144): Illuminate/Foundation/Http/Kernel->sendRequestThroughRouter(Object(Illuminate/Http/Request))
#9 C:/laragon/www/license-server/vendor/laravel/framework/src/Illuminate/Foundation/Application.php(1220): Illuminate/Foundation/Http/Kernel->handle(Object(Illuminate/Http/Request))
#10 C:/laragon/www/license-server/public/index.php(20): Illuminate/Foundation/Application->handleRequest(Object(Illuminate/Http/Request))
#11 {main}
"} 
[2026-08-01 03:30:20] local.ERROR: Target class [view] does not exist. {"exception":"[object] (Illuminate\\Contracts\\Container\\BindingResolutionException(code: 0): Target class [view] does not exist. at C:/laragon/www/license-server/vendor/laravel/framework/src/Illuminate/Container/Container.php:1124)
[stacktrace]
#0 C:/laragon/www/license-server/vendor/laravel/framework/src/Illuminate/Container/Container.php(933): Illuminate/Container/Container->build('view')
#1 C:/laragon/www/license-server/vendor/laravel/framework/src/Illuminate/Foundation/Application.php(1078): Illuminate/Container/Container->resolve('view', Array, true)
#2 C:/laragon/www/license-server/vendor/laravel/framework/src/Illuminate/Container/Container.php(864): Illuminate/Foundation/Application->resolve('view', Array)
#3 C:/laragon/www/license-server/vendor/laravel/framework/src/Illuminate/Foundation/Application.php(1058): Illuminate/Container/Container->make('view', Array)
#4 C:/laragon/www/license-server/vendor/laravel/framework/src/Illuminate/Container/Container.php(1805): Illuminate/Foundation/Application->make('view')
#5 C:/laragon/www/license-server/vendor/laravel/framework/src/Illuminate/Routing/RoutingServiceProvider.php(177): Illuminate/Container/Container->offsetGet('Illuminate//Cont...')
#6 C:/laragon/www/license-server/vendor/laravel/framework/src/Illuminate/Container/Container.php(1115): Illuminate/Routing/RoutingServiceProvider->Illuminate/Routing/{closure}(Object(Illuminate/Foundation/Application), Array)
#7 C:/laragon/www/license-server/vendor/laravel/framework/src/Illuminate/Container/Container.php(933): Illuminate/Container/Container->build(Object(Closure))
#8 C:/laragon/www/license-server/vendor/laravel/framework/src/Illuminate/Foundation/Application.php(1078): Illuminate/Container/Container->resolve('Illuminate//Cont...', Array, true)
#9 C:/laragon/www/license-server/vendor/laravel/framework/src/Illuminate/Container/Container.php(864): Illuminate/Foundation/Application->resolve('Illuminate//Cont...', Array)
#10 C:/laragon/www/license-server/vendor/laravel/framework/src/Illuminate/Foundation/Application.php(1058): Illuminate/Container/Container->make('Illuminate//Cont...', Array)
#11 C:/laragon/www/license-server/vendor/laravel/framework/src/Illuminate/Foundation/helpers.php(138): Illuminate/Foundation/Application->make('Illuminate//Cont...', Array)
#12 C:/laragon/www/license-server/vendor/laravel/framework/src/Illuminate/Foundation/helpers.php(850): app('Illuminate//Cont...')
#13 C:/laragon/www/license-server/vendor/laravel/framework/src/Illuminate/Foundation/Exceptions/Handler.php(1004): response()
#14 C:/laragon/www/license-server/vendor/laravel/framework/src/Illuminate/Foundation/Exceptions/Handler.php(737): Illuminate/Foundation/Exceptions/Handler->prepareJsonResponse(Object(Illuminate/Http/Request), Object(Exception))
#15 C:/laragon/www/license-server/vendor/laravel/framework/src/Illuminate/Foundation/Exceptions/Handler.php(626): Illuminate/Foundation/Exceptions/Handler->renderExceptionResponse(Object(Illuminate/Http/Request), Object(Exception))
#16 C:/laragon/www/license-server/vendor/laravel/framework/src/Illuminate/Foundation/Http/Kernel.php(574): Illuminate/Foundation/Exceptions/Handler->render(Object(Illuminate/Http/Request), Object(Exception))
#17 C:/laragon/www/license-server/vendor/laravel/framework/src/Illuminate/Foundation/Http/Kernel.php(148): Illuminate/Foundation/Http/Kernel->renderException(Object(Illuminate/Http/Request), Object(Exception))
#18 C:/laragon/www/license-server/vendor/laravel/framework/src/Illuminate/Foundation/Application.php(1220): Illuminate/Foundation/Http/Kernel->handle(Object(Illuminate/Http/Request))
#19 C:/laragon/www/license-server/public/index.php(20): Illuminate/Foundation/Application->handleRequest(Object(Illuminate/Http/Request))
#20 {main}

[previous exception] [object] (ReflectionException(code: -1): Class \"view\" does not exist at C:/laragon/www/license-server/vendor/laravel/framework/src/Illuminate/Container/Container.php:1122)
[stacktrace]
#0 C:/laragon/www/license-server/vendor/laravel/framework/src/Illuminate/Container/Container.php(1122): ReflectionClass->__construct('view')
#1 C:/laragon/www/license-server/vendor/laravel/framework/src/Illuminate/Container/Container.php(933): Illuminate/Container/Container->build('view')
#2 C:/laragon/www/license-server/vendor/laravel/framework/src/Illuminate/Foundation/Application.php(1078): Illuminate/Container/Container->resolve('view', Array, true)
#3 C:/laragon/www/license-server/vendor/laravel/framework/src/Illuminate/Container/Container.php(864): Illuminate/Foundation/Application->resolve('view', Array)
#4 C:/laragon/www/license-server/vendor/laravel/framework/src/Illuminate/Foundation/Application.php(1058): Illuminate/Container/Container->make('view', Array)
#5 C:/laragon/www/license-server/vendor/laravel/framework/src/Illuminate/Container/Container.php(1805): Illuminate/Foundation/Application->make('view')
#6 C:/laragon/www/license-server/vendor/laravel/framework/src/Illuminate/Routing/RoutingServiceProvider.php(177): Illuminate/Container/Container->offsetGet('Illuminate//Cont...')
#7 C:/laragon/www/license-server/vendor/laravel/framework/src/Illuminate/Container/Container.php(1115): Illuminate/Routing/RoutingServiceProvider->Illuminate/Routing/{closure}(Object(Illuminate/Foundation/Application), Array)
#8 C:/laragon/www/license-server/vendor/laravel/framework/src/Illuminate/Container/Container.php(933): Illuminate/Container/Container->build(Object(Closure))
#9 C:/laragon/www/license-server/vendor/laravel/framework/src/Illuminate/Foundation/Application.php(1078): Illuminate/Container/Container->resolve('Illuminate//Cont...', Array, true)
#10 C:/laragon/www/license-server/vendor/laravel/framework/src/Illuminate/Container/Container.php(864): Illuminate/Foundation/Application->resolve('Illuminate//Cont...', Array)
#11 C:/laragon/www/license-server/vendor/laravel/framework/src/Illuminate/Foundation/Application.php(1058): Illuminate/Container/Container->make('Illuminate//Cont...', Array)
#12 C:/laragon/www/license-server/vendor/laravel/framework/src/Illuminate/Foundation/helpers.php(138): Illuminate/Foundation/Application->make('Illuminate//Cont...', Array)
#13 C:/laragon/www/license-server/vendor/laravel/framework/src/Illuminate/Foundation/helpers.php(850): app('Illuminate//Cont...')
#14 C:/laragon/www/license-server/vendor/laravel/framework/src/Illuminate/Foundation/Exceptions/Handler.php(1004): response()
#15 C:/laragon/www/license-server/vendor/laravel/framework/src/Illuminate/Foundation/Exceptions/Handler.php(737): Illuminate/Foundation/Exceptions/Handler->prepareJsonResponse(Object(Illuminate/Http/Request), Object(Exception))
#16 C:/laragon/www/license-server/vendor/laravel/framework/src/Illuminate/Foundation/Exceptions/Handler.php(626): Illuminate/Foundation/Exceptions/Handler->renderExceptionResponse(Object(Illuminate/Http/Request), Object(Exception))
#17 C:/laragon/www/license-server/vendor/laravel/framework/src/Illuminate/Foundation/Http/Kernel.php(574): Illuminate/Foundation/Exceptions/Handler->render(Object(Illuminate/Http/Request), Object(Exception))
#18 C:/laragon/www/license-server/vendor/laravel/framework/src/Illuminate/Foundation/Http/Kernel.php(148): Illuminate/Foundation/Http/Kernel->renderException(Object(Illuminate/Http/Request), Object(Exception))
#19 C:/laragon/www/license-server/vendor/laravel/framework/src/Illuminate/Foundation/Application.php(1220): Illuminate/Foundation/Http/Kernel->handle(Object(Illuminate/Http/Request))
#20 C:/laragon/www/license-server/public/index.php(20): Illuminate/Foundation/Application->handleRequest(Object(Illuminate/Http/Request))
#21 {main}
"} 
[2026-08-01 03:30:20] local.ERROR: Uncaught ReflectionException: Class "view" does not exist in C:\laragon\www\license-server\vendor\laravel\framework\src\Illuminate\Container\Container.php:1122
Stack trace:
#0 C:\laragon\www\license-server\vendor\laravel\framework\src\Illuminate\Container\Container.php(1122): ReflectionClass->__construct('view')
#1 C:\laragon\www\license-server\vendor\laravel\framework\src\Illuminate\Container\Container.php(933): Illuminate\Container\Container->build('view')
#2 C:\laragon\www\license-server\vendor\laravel\framework\src\Illuminate\Foundation\Application.php(1078): Illuminate\Container\Container->resolve('view', Array, true)
#3 C:\laragon\www\license-server\vendor\laravel\framework\src\Illuminate\Container\Container.php(864): Illuminate\Foundation\Application->resolve('view', Array)
#4 C:\laragon\www\license-server\vendor\laravel\framework\src\Illuminate\Foundation\Application.php(1058): Illuminate\Container\Container->make('view', Array)
#5 C:\laragon\www\license-server\vendor\laravel\framework\src\Illuminate\Container\Container.php(1805): Illuminate\Foundation\Application->make('view')
#6 C:\laragon\www\license-server\vendor\laravel\framework\src\Illuminate\Routing\RoutingServiceProvider.php(177): Illuminate\Container\Container->offsetGet('Illuminate\\Cont...')
#7 C:\laragon\www\license-server\vendor\laravel\framework\src\Illuminate\Container\Container.php(1115): Illuminate\Routing\RoutingServiceProvider->Illuminate\Routing\{closure}(Object(Illuminate\Foundation\Application), Array)
#8 C:\laragon\www\license-server\vendor\laravel\framework\src\Illuminate\Container\Container.php(933): Illuminate\Container\Container->build(Object(Closure))
#9 C:\laragon\www\license-server\vendor\laravel\framework\src\Illuminate\Foundation\Application.php(1078): Illuminate\Container\Container->resolve('Illuminate\\Cont...', Array, true)
#10 C:\laragon\www\license-server\vendor\laravel\framework\src\Illuminate\Container\Container.php(864): Illuminate\Foundation\Application->resolve('Illuminate\\Cont...', Array)
#11 C:\laragon\www\license-server\vendor\laravel\framework\src\Illuminate\Foundation\Application.php(1058): Illuminate\Container\Container->make('Illuminate\\Cont...', Array)
#12 C:\laragon\www\license-server\vendor\laravel\framework\src\Illuminate\Foundation\helpers.php(138): Illuminate\Foundation\Application->make('Illuminate\\Cont...', Array)
#13 C:\laragon\www\license-server\vendor\laravel\framework\src\Illuminate\Foundation\helpers.php(850): app('Illuminate\\Cont...')
#14 C:\laragon\www\license-server\vendor\laravel\framework\src\Illuminate\Foundation\Exceptions\Handler.php(1004): response()
#15 C:\laragon\www\license-server\vendor\laravel\framework\src\Illuminate\Foundation\Exceptions\Handler.php(737): Illuminate\Foundation\Exceptions\Handler->prepareJsonResponse(Object(Illuminate\Http\Request), Object(Illuminate\Contracts\Container\BindingResolutionException))
#16 C:\laragon\www\license-server\vendor\laravel\framework\src\Illuminate\Foundation\Exceptions\Handler.php(626): Illuminate\Foundation\Exceptions\Handler->renderExceptionResponse(Object(Illuminate\Http\Request), Object(Illuminate\Contracts\Container\BindingResolutionException))
#17 C:\laragon\www\license-server\vendor\laravel\framework\src\Illuminate\Foundation\Bootstrap\HandleExceptions.php(225): Illuminate\Foundation\Exceptions\Handler->render(Object(Illuminate\Http\Request), Object(Illuminate\Contracts\Container\BindingResolutionException))
#18 C:\laragon\www\license-server\vendor\laravel\framework\src\Illuminate\Foundation\Bootstrap\HandleExceptions.php(202): Illuminate\Foundation\Bootstrap\HandleExceptions->renderHttpResponse(Object(Illuminate\Contracts\Container\BindingResolutionException))
#19 C:\laragon\www\license-server\vendor\laravel\framework\src\Illuminate\Foundation\Bootstrap\HandleExceptions.php(262): Illuminate\Foundation\Bootstrap\HandleExceptions->handleException(Object(Illuminate\Contracts\Container\BindingResolutionException))
#20 [internal function]: Illuminate\Foundation\Bootstrap\HandleExceptions->Illuminate\Foundation\Bootstrap\{closure}(Object(Illuminate\Contracts\Container\BindingResolutionException))
#21 {main}

Next Illuminate\Contracts\Container\BindingResolutionException: Target class [view] does not exist. in C:\laragon\www\license-server\vendor\laravel\framework\src\Illuminate\Container\Container.php:1124
Stack trace:
#0 C:\laragon\www\license-server\vendor\laravel\framework\src\Illuminate\Container\Container.php(933): Illuminate\Container\Container->build('view')
#1 C:\laragon\www\license-server\vendor\laravel\framework\src\Illuminate\Foundation\Application.php(1078): Illuminate\Container\Container->resolve('view', Array, true)
#2 C:\laragon\www\license-server\vendor\laravel\framework\src\Illuminate\Container\Container.php(864): Illuminate\Foundation\Application->resolve('view', Array)
#3 C:\laragon\www\license-server\vendor\laravel\framework\src\Illuminate\Foundation\Application.php(1058): Illuminate\Container\Container->make('view', Array)
#4 C:\laragon\www\license-server\vendor\laravel\framework\src\Illuminate\Container\Container.php(1805): Illuminate\Foundation\Application->make('view')
#5 C:\laragon\www\license-server\vendor\laravel\framework\src\Illuminate\Routing\RoutingServiceProvider.php(177): Illuminate\Container\Container->offsetGet('Illuminate\\Cont...')
#6 C:\laragon\www\license-server\vendor\laravel\framework\src\Illuminate\Container\Container.php(1115): Illuminate\Routing\RoutingServiceProvider->Illuminate\Routing\{closure}(Object(Illuminate\Foundation\Application), Array)
#7 C:\laragon\www\license-server\vendor\laravel\framework\src\Illuminate\Container\Container.php(933): Illuminate\Container\Container->build(Object(Closure))
#8 C:\laragon\www\license-server\vendor\laravel\framework\src\Illuminate\Foundation\Application.php(1078): Illuminate\Container\Container->resolve('Illuminate\\Cont...', Array, true)
#9 C:\laragon\www\license-server\vendor\laravel\framework\src\Illuminate\Container\Container.php(864): Illuminate\Foundation\Application->resolve('Illuminate\\Cont...', Array)
#10 C:\laragon\www\license-server\vendor\laravel\framework\src\Illuminate\Foundation\Application.php(1058): Illuminate\Container\Container->make('Illuminate\\Cont...', Array)
#11 C:\laragon\www\license-server\vendor\laravel\framework\src\Illuminate\Foundation\helpers.php(138): Illuminate\Foundation\Application->make('Illuminate\\Cont...', Array)
#12 C:\laragon\www\license-server\vendor\laravel\framework\src\Illuminate\Foundation\helpers.php(850): app('Illuminate\\Cont...')
#13 C:\laragon\www\license-server\vendor\laravel\framework\src\Illuminate\Foundation\Exceptions\Handler.php(1004): response()
#14 C:\laragon\www\license-server\vendor\laravel\framework\src\Illuminate\Foundation\Exceptions\Handler.php(737): Illuminate\Foundation\Exceptions\Handler->prepareJsonResponse(Object(Illuminate\Http\Request), Object(Illuminate\Contracts\Container\BindingResolutionException))
#15 C:\laragon\www\license-server\vendor\laravel\framework\src\Illuminate\Foundation\Exceptions\Handler.php(626): Illuminate\Foundation\Exceptions\Handler->renderExceptionResponse(Object(Illuminate\Http\Request), Object(Illuminate\Contracts\Container\BindingResolutionException))
#16 C:\laragon\www\license-server\vendor\laravel\framework\src\Illuminate\Foundation\Bootstrap\HandleExceptions.php(225): Illuminate\Foundation\Exceptions\Handler->render(Object(Illuminate\Http\Request), Object(Illuminate\Contracts\Container\BindingResolutionException))
#17 C:\laragon\www\license-server\vendor\laravel\framework\src\Illuminate\Foundation\Bootstrap\HandleExceptions.php(202): Illuminate\Foundation\Bootstrap\HandleExceptions->renderHttpResponse(Object(Illuminate\Contracts\Container\BindingResolutionException))
#18 C:\laragon\www\license-server\vendor\laravel\framework\src\Illuminate\Foundation\Bootstrap\HandleExceptions.php(262): Illuminate\Foundation\Bootstrap\HandleExceptions->handleException(Object(Illuminate\Contracts\Container\BindingResolutionException))
#19 [internal function]: Illuminate\Foundation\Bootstrap\HandleExceptions->Illuminate\Foundation\Bootstrap\{closure}(Object(Illuminate\Contracts\Container\BindingResolutionException))
#20 {main}
  thrown {"exception":"[object] (Symfony\\Component\\ErrorHandler\\Error\\FatalError(code: 0): Uncaught ReflectionException: Class \"view\" does not exist in C:\\laragon\\www\\license-server\\vendor\\laravel\\framework\\src\\Illuminate\\Container\\Container.php:1122
Stack trace:
#0 C:\\laragon\\www\\license-server\\vendor\\laravel\\framework\\src\\Illuminate\\Container\\Container.php(1122): ReflectionClass->__construct('view')
#1 C:\\laragon\\www\\license-server\\vendor\\laravel\\framework\\src\\Illuminate\\Container\\Container.php(933): Illuminate\\Container\\Container->build('view')
#2 C:\\laragon\\www\\license-server\\vendor\\laravel\\framework\\src\\Illuminate\\Foundation\\Application.php(1078): Illuminate\\Container\\Container->resolve('view', Array, true)
#3 C:\\laragon\\www\\license-server\\vendor\\laravel\\framework\\src\\Illuminate\\Container\\Container.php(864): Illuminate\\Foundation\\Application->resolve('view', Array)
#4 C:\\laragon\\www\\license-server\\vendor\\laravel\\framework\\src\\Illuminate\\Foundation\\Application.php(1058): Illuminate\\Container\\Container->make('view', Array)
#5 C:\\laragon\\www\\license-server\\vendor\\laravel\\framework\\src\\Illuminate\\Container\\Container.php(1805): Illuminate\\Foundation\\Application->make('view')
#6 C:\\laragon\\www\\license-server\\vendor\\laravel\\framework\\src\\Illuminate\\Routing\\RoutingServiceProvider.php(177): Illuminate\\Container\\Container->offsetGet('Illuminate\\\\Cont...')
#7 C:\\laragon\\www\\license-server\\vendor\\laravel\\framework\\src\\Illuminate\\Container\\Container.php(1115): Illuminate\\Routing\\RoutingServiceProvider->Illuminate\\Routing\\{closure}(Object(Illuminate\\Foundation\\Application), Array)
#8 C:\\laragon\\www\\license-server\\vendor\\laravel\\framework\\src\\Illuminate\\Container\\Container.php(933): Illuminate\\Container\\Container->build(Object(Closure))
#9 C:\\laragon\\www\\license-server\\vendor\\laravel\\framework\\src\\Illuminate\\Foundation\\Application.php(1078): Illuminate\\Container\\Container->resolve('Illuminate\\\\Cont...', Array, true)
#10 C:\\laragon\\www\\license-server\\vendor\\laravel\\framework\\src\\Illuminate\\Container\\Container.php(864): Illuminate\\Foundation\\Application->resolve('Illuminate\\\\Cont...', Array)
#11 C:\\laragon\\www\\license-server\\vendor\\laravel\\framework\\src\\Illuminate\\Foundation\\Application.php(1058): Illuminate\\Container\\Container->make('Illuminate\\\\Cont...', Array)
#12 C:\\laragon\\www\\license-server\\vendor\\laravel\\framework\\src\\Illuminate\\Foundation\\helpers.php(138): Illuminate\\Foundation\\Application->make('Illuminate\\\\Cont...', Array)
#13 C:\\laragon\\www\\license-server\\vendor\\laravel\\framework\\src\\Illuminate\\Foundation\\helpers.php(850): app('Illuminate\\\\Cont...')
#14 C:\\laragon\\www\\license-server\\vendor\\laravel\\framework\\src\\Illuminate\\Foundation\\Exceptions\\Handler.php(1004): response()
#15 C:\\laragon\\www\\license-server\\vendor\\laravel\\framework\\src\\Illuminate\\Foundation\\Exceptions\\Handler.php(737): Illuminate\\Foundation\\Exceptions\\Handler->prepareJsonResponse(Object(Illuminate\\Http\\Request), Object(Illuminate\\Contracts\\Container\\BindingResolutionException))
#16 C:\\laragon\\www\\license-server\\vendor\\laravel\\framework\\src\\Illuminate\\Foundation\\Exceptions\\Handler.php(626): Illuminate\\Foundation\\Exceptions\\Handler->renderExceptionResponse(Object(Illuminate\\Http\\Request), Object(Illuminate\\Contracts\\Container\\BindingResolutionException))
#17 C:\\laragon\\www\\license-server\\vendor\\laravel\\framework\\src\\Illuminate\\Foundation\\Bootstrap\\HandleExceptions.php(225): Illuminate\\Foundation\\Exceptions\\Handler->render(Object(Illuminate\\Http\\Request), Object(Illuminate\\Contracts\\Container\\BindingResolutionException))
#18 C:\\laragon\\www\\license-server\\vendor\\laravel\\framework\\src\\Illuminate\\Foundation\\Bootstrap\\HandleExceptions.php(202): Illuminate\\Foundation\\Bootstrap\\HandleExceptions->renderHttpResponse(Object(Illuminate\\Contracts\\Container\\BindingResolutionException))
#19 C:\\laragon\\www\\license-server\\vendor\\laravel\\framework\\src\\Illuminate\\Foundation\\Bootstrap\\HandleExceptions.php(262): Illuminate\\Foundation\\Bootstrap\\HandleExceptions->handleException(Object(Illuminate\\Contracts\\Container\\BindingResolutionException))
#20 [internal function]: Illuminate\\Foundation\\Bootstrap\\HandleExceptions->Illuminate\\Foundation\\Bootstrap\\{closure}(Object(Illuminate\\Contracts\\Container\\BindingResolutionException))
#21 {main}

Next Illuminate\\Contracts\\Container\\BindingResolutionException: Target class [view] does not exist. in C:\\laragon\\www\\license-server\\vendor\\laravel\\framework\\src\\Illuminate\\Container\\Container.php:1124
Stack trace:
#0 C:\\laragon\\www\\license-server\\vendor\\laravel\\framework\\src\\Illuminate\\Container\\Container.php(933): Illuminate\\Container\\Container->build('view')
#1 C:\\laragon\\www\\license-server\\vendor\\laravel\\framework\\src\\Illuminate\\Foundation\\Application.php(1078): Illuminate\\Container\\Container->resolve('view', Array, true)
#2 C:\\laragon\\www\\license-server\\vendor\\laravel\\framework\\src\\Illuminate\\Container\\Container.php(864): Illuminate\\Foundation\\Application->resolve('view', Array)
#3 C:\\laragon\\www\\license-server\\vendor\\laravel\\framework\\src\\Illuminate\\Foundation\\Application.php(1058): Illuminate\\Container\\Container->make('view', Array)
#4 C:\\laragon\\www\\license-server\\vendor\\laravel\\framework\\src\\Illuminate\\Container\\Container.php(1805): Illuminate\\Foundation\\Application->make('view')
#5 C:\\laragon\\www\\license-server\\vendor\\laravel\\framework\\src\\Illuminate\\Routing\\RoutingServiceProvider.php(177): Illuminate\\Container\\Container->offsetGet('Illuminate\\\\Cont...')
#6 C:\\laragon\\www\\license-server\\vendor\\laravel\\framework\\src\\Illuminate\\Container\\Container.php(1115): Illuminate\\Routing\\RoutingServiceProvider->Illuminate\\Routing\\{closure}(Object(Illuminate\\Foundation\\Application), Array)
#7 C:\\laragon\\www\\license-server\\vendor\\laravel\\framework\\src\\Illuminate\\Container\\Container.php(933): Illuminate\\Container\\Container->build(Object(Closure))
#8 C:\\laragon\\www\\license-server\\vendor\\laravel\\framework\\src\\Illuminate\\Foundation\\Application.php(1078): Illuminate\\Container\\Container->resolve('Illuminate\\\\Cont...', Array, true)
#9 C:\\laragon\\www\\license-server\\vendor\\laravel\\framework\\src\\Illuminate\\Container\\Container.php(864): Illuminate\\Foundation\\Application->resolve('Illuminate\\\\Cont...', Array)
#10 C:\\laragon\\www\\license-server\\vendor\\laravel\\framework\\src\\Illuminate\\Foundation\\Application.php(1058): Illuminate\\Container\\Container->make('Illuminate\\\\Cont...', Array)
#11 C:\\laragon\\www\\license-server\\vendor\\laravel\\framework\\src\\Illuminate\\Foundation\\helpers.php(138): Illuminate\\Foundation\\Application->make('Illuminate\\\\Cont...', Array)
#12 C:\\laragon\\www\\license-server\\vendor\\laravel\\framework\\src\\Illuminate\\Foundation\\helpers.php(850): app('Illuminate\\\\Cont...')
#13 C:\\laragon\\www\\license-server\\vendor\\laravel\\framework\\src\\Illuminate\\Foundation\\Exceptions\\Handler.php(1004): response()
#14 C:\\laragon\\www\\license-server\\vendor\\laravel\\framework\\src\\Illuminate\\Foundation\\Exceptions\\Handler.php(737): Illuminate\\Foundation\\Exceptions\\Handler->prepareJsonResponse(Object(Illuminate\\Http\\Request), Object(Illuminate\\Contracts\\Container\\BindingResolutionException))
#15 C:\\laragon\\www\\license-server\\vendor\\laravel\\framework\\src\\Illuminate\\Foundation\\Exceptions\\Handler.php(626): Illuminate\\Foundation\\Exceptions\\Handler->renderExceptionResponse(Object(Illuminate\\Http\\Request), Object(Illuminate\\Contracts\\Container\\BindingResolutionException))
#16 C:\\laragon\\www\\license-server\\vendor\\laravel\\framework\\src\\Illuminate\\Foundation\\Bootstrap\\HandleExceptions.php(225): Illuminate\\Foundation\\Exceptions\\Handler->render(Object(Illuminate\\Http\\Request), Object(Illuminate\\Contracts\\Container\\BindingResolutionException))
#17 C:\\laragon\\www\\license-server\\vendor\\laravel\\framework\\src\\Illuminate\\Foundation\\Bootstrap\\HandleExceptions.php(202): Illuminate\\Foundation\\Bootstrap\\HandleExceptions->renderHttpResponse(Object(Illuminate\\Contracts\\Container\\BindingResolutionException))
#18 C:\\laragon\\www\\license-server\\vendor\\laravel\\framework\\src\\Illuminate\\Foundation\\Bootstrap\\HandleExceptions.php(262): Illuminate\\Foundation\\Bootstrap\\HandleExceptions->handleException(Object(Illuminate\\Contracts\\Container\\BindingResolutionException))
#19 [internal function]: Illuminate\\Foundation\\Bootstrap\\HandleExceptions->Illuminate\\Foundation\\Bootstrap\\{closure}(Object(Illuminate\\Contracts\\Container\\BindingResolutionException))
#20 {main}
  thrown at C:/laragon/www/license-server/vendor/laravel/framework/src/Illuminate/Container/Container.php:1124)
[stacktrace]
#0 {main}
"} 
[2026-08-01 03:30:50] local.ERROR: The C:\laragon\www\license-server\bootstrap\cache directory must be present and writable. {"exception":"[object] (Exception(code: 0): The C:\\laragon\\www\\license-server\\bootstrap\\cache directory must be present and writable. at C:/laragon/www/license-server/vendor/laravel/framework/src/Illuminate/Foundation/PackageManifest.php:179)
[stacktrace]
#0 C:/laragon/www/license-server/vendor/laravel/framework/src/Illuminate/Foundation/PackageManifest.php(132): Illuminate/Foundation/PackageManifest->write(Array)
#1 C:/laragon/www/license-server/vendor/laravel/framework/src/Illuminate/Foundation/PackageManifest.php(108): Illuminate/Foundation/PackageManifest->build()
#2 C:/laragon/www/license-server/vendor/laravel/framework/src/Illuminate/Foundation/PackageManifest.php(90): Illuminate/Foundation/PackageManifest->getManifest()
#3 C:/laragon/www/license-server/vendor/laravel/framework/src/Illuminate/Foundation/PackageManifest.php(79): Illuminate/Foundation/PackageManifest->config('aliases')
#4 C:/laragon/www/license-server/vendor/laravel/framework/src/Illuminate/Foundation/Bootstrap/RegisterFacades.php(26): Illuminate/Foundation/PackageManifest->aliases()
#5 C:/laragon/www/license-server/vendor/laravel/framework/src/Illuminate/Foundation/Application.php(342): Illuminate/Foundation/Bootstrap/RegisterFacades->bootstrap(Object(Illuminate/Foundation/Application))
#6 C:/laragon/www/license-server/vendor/laravel/framework/src/Illuminate/Foundation/Http/Kernel.php(186): Illuminate/Foundation/Application->bootstrapWith(Array)
#7 C:/laragon/www/license-server/vendor/laravel/framework/src/Illuminate/Foundation/Http/Kernel.php(170): Illuminate/Foundation/Http/Kernel->bootstrap()
#8 C:/laragon/www/license-server/vendor/laravel/framework/src/Illuminate/Foundation/Http/Kernel.php(144): Illuminate/Foundation/Http/Kernel->sendRequestThroughRouter(Object(Illuminate/Http/Request))
#9 C:/laragon/www/license-server/vendor/laravel/framework/src/Illuminate/Foundation/Application.php(1220): Illuminate/Foundation/Http/Kernel->handle(Object(Illuminate/Http/Request))
#10 C:/laragon/www/license-server/public/index.php(20): Illuminate/Foundation/Application->handleRequest(Object(Illuminate/Http/Request))
#11 {main}
"} 
[2026-08-01 03:30:50] local.ERROR: Target class [view] does not exist. {"exception":"[object] (Illuminate\\Contracts\\Container\\BindingResolutionException(code: 0): Target class [view] does not exist. at C:/laragon/www/license-server/vendor/laravel/framework/src/Illuminate/Container/Container.php:1124)
[stacktrace]
#0 C:/laragon/www/license-server/vendor/laravel/framework/src/Illuminate/Container/Container.php(933): Illuminate/Container/Container->build('view')
#1 C:/laragon/www/license-server/vendor/laravel/framework/src/Illuminate/Foundation/Application.php(1078): Illuminate/Container/Container->resolve('view', Array, true)
#2 C:/laragon/www/license-server/vendor/laravel/framework/src/Illuminate/Container/Container.php(864): Illuminate/Foundation/Application->resolve('view', Array)
#3 C:/laragon/www/license-server/vendor/laravel/framework/src/Illuminate/Foundation/Application.php(1058): Illuminate/Container/Container->make('view', Array)
#4 C:/laragon/www/license-server/vendor/laravel/framework/src/Illuminate/Container/Container.php(1805): Illuminate/Foundation/Application->make('view')
#5 C:/laragon/www/license-server/vendor/laravel/framework/src/Illuminate/Routing/RoutingServiceProvider.php(177): Illuminate/Container/Container->offsetGet('Illuminate//Cont...')
#6 C:/laragon/www/license-server/vendor/laravel/framework/src/Illuminate/Container/Container.php(1115): Illuminate/Routing/RoutingServiceProvider->Illuminate/Routing/{closure}(Object(Illuminate/Foundation/Application), Array)
#7 C:/laragon/www/license-server/vendor/laravel/framework/src/Illuminate/Container/Container.php(933): Illuminate/Container/Container->build(Object(Closure))
#8 C:/laragon/www/license-server/vendor/laravel/framework/src/Illuminate/Foundation/Application.php(1078): Illuminate/Container/Container->resolve('Illuminate//Cont...', Array, true)
#9 C:/laragon/www/license-server/vendor/laravel/framework/src/Illuminate/Container/Container.php(864): Illuminate/Foundation/Application->resolve('Illuminate//Cont...', Array)
#10 C:/laragon/www/license-server/vendor/laravel/framework/src/Illuminate/Foundation/Application.php(1058): Illuminate/Container/Container->make('Illuminate//Cont...', Array)
#11 C:/laragon/www/license-server/vendor/laravel/framework/src/Illuminate/Foundation/helpers.php(138): Illuminate/Foundation/Application->make('Illuminate//Cont...', Array)
#12 C:/laragon/www/license-server/vendor/laravel/framework/src/Illuminate/Foundation/helpers.php(850): app('Illuminate//Cont...')
#13 C:/laragon/www/license-server/vendor/laravel/framework/src/Illuminate/Foundation/Exceptions/Handler.php(1004): response()
#14 C:/laragon/www/license-server/vendor/laravel/framework/src/Illuminate/Foundation/Exceptions/Handler.php(737): Illuminate/Foundation/Exceptions/Handler->prepareJsonResponse(Object(Illuminate/Http/Request), Object(Exception))
#15 C:/laragon/www/license-server/vendor/laravel/framework/src/Illuminate/Foundation/Exceptions/Handler.php(626): Illuminate/Foundation/Exceptions/Handler->renderExceptionResponse(Object(Illuminate/Http/Request), Object(Exception))
#16 C:/laragon/www/license-server/vendor/laravel/framework/src/Illuminate/Foundation/Http/Kernel.php(574): Illuminate/Foundation/Exceptions/Handler->render(Object(Illuminate/Http/Request), Object(Exception))
#17 C:/laragon/www/license-server/vendor/laravel/framework/src/Illuminate/Foundation/Http/Kernel.php(148): Illuminate/Foundation/Http/Kernel->renderException(Object(Illuminate/Http/Request), Object(Exception))
#18 C:/laragon/www/license-server/vendor/laravel/framework/src/Illuminate/Foundation/Application.php(1220): Illuminate/Foundation/Http/Kernel->handle(Object(Illuminate/Http/Request))
#19 C:/laragon/www/license-server/public/index.php(20): Illuminate/Foundation/Application->handleRequest(Object(Illuminate/Http/Request))
#20 {main}

[previous exception] [object] (ReflectionException(code: -1): Class \"view\" does not exist at C:/laragon/www/license-server/vendor/laravel/framework/src/Illuminate/Container/Container.php:1122)
[stacktrace]
#0 C:/laragon/www/license-server/vendor/laravel/framework/src/Illuminate/Container/Container.php(1122): ReflectionClass->__construct('view')
#1 C:/laragon/www/license-server/vendor/laravel/framework/src/Illuminate/Container/Container.php(933): Illuminate/Container/Container->build('view')
#2 C:/laragon/www/license-server/vendor/laravel/framework/src/Illuminate/Foundation/Application.php(1078): Illuminate/Container/Container->resolve('view', Array, true)
#3 C:/laragon/www/license-server/vendor/laravel/framework/src/Illuminate/Container/Container.php(864): Illuminate/Foundation/Application->resolve('view', Array)
#4 C:/laragon/www/license-server/vendor/laravel/framework/src/Illuminate/Foundation/Application.php(1058): Illuminate/Container/Container->make('view', Array)
#5 C:/laragon/www/license-server/vendor/laravel/framework/src/Illuminate/Container/Container.php(1805): Illuminate/Foundation/Application->make('view')
#6 C:/laragon/www/license-server/vendor/laravel/framework/src/Illuminate/Routing/RoutingServiceProvider.php(177): Illuminate/Container/Container->offsetGet('Illuminate//Cont...')
#7 C:/laragon/www/license-server/vendor/laravel/framework/src/Illuminate/Container/Container.php(1115): Illuminate/Routing/RoutingServiceProvider->Illuminate/Routing/{closure}(Object(Illuminate/Foundation/Application), Array)
#8 C:/laragon/www/license-server/vendor/laravel/framework/src/Illuminate/Container/Container.php(933): Illuminate/Container/Container->build(Object(Closure))
#9 C:/laragon/www/license-server/vendor/laravel/framework/src/Illuminate/Foundation/Application.php(1078): Illuminate/Container/Container->resolve('Illuminate//Cont...', Array, true)
#10 C:/laragon/www/license-server/vendor/laravel/framework/src/Illuminate/Container/Container.php(864): Illuminate/Foundation/Application->resolve('Illuminate//Cont...', Array)
#11 C:/laragon/www/license-server/vendor/laravel/framework/src/Illuminate/Foundation/Application.php(1058): Illuminate/Container/Container->make('Illuminate//Cont...', Array)
#12 C:/laragon/www/license-server/vendor/laravel/framework/src/Illuminate/Foundation/helpers.php(138): Illuminate/Foundation/Application->make('Illuminate//Cont...', Array)
#13 C:/laragon/www/license-server/vendor/laravel/framework/src/Illuminate/Foundation/helpers.php(850): app('Illuminate//Cont...')
#14 C:/laragon/www/license-server/vendor/laravel/framework/src/Illuminate/Foundation/Exceptions/Handler.php(1004): response()
#15 C:/laragon/www/license-server/vendor/laravel/framework/src/Illuminate/Foundation/Exceptions/Handler.php(737): Illuminate/Foundation/Exceptions/Handler->prepareJsonResponse(Object(Illuminate/Http/Request), Object(Exception))
#16 C:/laragon/www/license-server/vendor/laravel/framework/src/Illuminate/Foundation/Exceptions/Handler.php(626): Illuminate/Foundation/Exceptions/Handler->renderExceptionResponse(Object(Illuminate/Http/Request), Object(Exception))
#17 C:/laragon/www/license-server/vendor/laravel/framework/src/Illuminate/Foundation/Http/Kernel.php(574): Illuminate/Foundation/Exceptions/Handler->render(Object(Illuminate/Http/Request), Object(Exception))
#18 C:/laragon/www/license-server/vendor/laravel/framework/src/Illuminate/Foundation/Http/Kernel.php(148): Illuminate/Foundation/Http/Kernel->renderException(Object(Illuminate/Http/Request), Object(Exception))
#19 C:/laragon/www/license-server/vendor/laravel/framework/src/Illuminate/Foundation/Application.php(1220): Illuminate/Foundation/Http/Kernel->handle(Object(Illuminate/Http/Request))
#20 C:/laragon/www/license-server/public/index.php(20): Illuminate/Foundation/Application->handleRequest(Object(Illuminate/Http/Request))
#21 {main}
"} 
[2026-08-01 03:30:50] local.ERROR: Uncaught ReflectionException: Class "view" does not exist in C:\laragon\www\license-server\vendor\laravel\framework\src\Illuminate\Container\Container.php:1122
Stack trace:
#0 C:\laragon\www\license-server\vendor\laravel\framework\src\Illuminate\Container\Container.php(1122): ReflectionClass->__construct('view')
#1 C:\laragon\www\license-server\vendor\laravel\framework\src\Illuminate\Container\Container.php(933): Illuminate\Container\Container->build('view')
#2 C:\laragon\www\license-server\vendor\laravel\framework\src\Illuminate\Foundation\Application.php(1078): Illuminate\Container\Container->resolve('view', Array, true)
#3 C:\laragon\www\license-server\vendor\laravel\framework\src\Illuminate\Container\Container.php(864): Illuminate\Foundation\Application->resolve('view', Array)
#4 C:\laragon\www\license-server\vendor\laravel\framework\src\Illuminate\Foundation\Application.php(1058): Illuminate\Container\Container->make('view', Array)
#5 C:\laragon\www\license-server\vendor\laravel\framework\src\Illuminate\Container\Container.php(1805): Illuminate\Foundation\Application->make('view')
#6 C:\laragon\www\license-server\vendor\laravel\framework\src\Illuminate\Routing\RoutingServiceProvider.php(177): Illuminate\Container\Container->offsetGet('Illuminate\\Cont...')
#7 C:\laragon\www\license-server\vendor\laravel\framework\src\Illuminate\Container\Container.php(1115): Illuminate\Routing\RoutingServiceProvider->Illuminate\Routing\{closure}(Object(Illuminate\Foundation\Application), Array)
#8 C:\laragon\www\license-server\vendor\laravel\framework\src\Illuminate\Container\Container.php(933): Illuminate\Container\Container->build(Object(Closure))
#9 C:\laragon\www\license-server\vendor\laravel\framework\src\Illuminate\Foundation\Application.php(1078): Illuminate\Container\Container->resolve('Illuminate\\Cont...', Array, true)
#10 C:\laragon\www\license-server\vendor\laravel\framework\src\Illuminate\Container\Container.php(864): Illuminate\Foundation\Application->resolve('Illuminate\\Cont...', Array)
#11 C:\laragon\www\license-server\vendor\laravel\framework\src\Illuminate\Foundation\Application.php(1058): Illuminate\Container\Container->make('Illuminate\\Cont...', Array)
#12 C:\laragon\www\license-server\vendor\laravel\framework\src\Illuminate\Foundation\helpers.php(138): Illuminate\Foundation\Application->make('Illuminate\\Cont...', Array)
#13 C:\laragon\www\license-server\vendor\laravel\framework\src\Illuminate\Foundation\helpers.php(850): app('Illuminate\\Cont...')
#14 C:\laragon\www\license-server\vendor\laravel\framework\src\Illuminate\Foundation\Exceptions\Handler.php(1004): response()
#15 C:\laragon\www\license-server\vendor\laravel\framework\src\Illuminate\Foundation\Exceptions\Handler.php(737): Illuminate\Foundation\Exceptions\Handler->prepareJsonResponse(Object(Illuminate\Http\Request), Object(Illuminate\Contracts\Container\BindingResolutionException))
#16 C:\laragon\www\license-server\vendor\laravel\framework\src\Illuminate\Foundation\Exceptions\Handler.php(626): Illuminate\Foundation\Exceptions\Handler->renderExceptionResponse(Object(Illuminate\Http\Request), Object(Illuminate\Contracts\Container\BindingResolutionException))
#17 C:\laragon\www\license-server\vendor\laravel\framework\src\Illuminate\Foundation\Bootstrap\HandleExceptions.php(225): Illuminate\Foundation\Exceptions\Handler->render(Object(Illuminate\Http\Request), Object(Illuminate\Contracts\Container\BindingResolutionException))
#18 C:\laragon\www\license-server\vendor\laravel\framework\src\Illuminate\Foundation\Bootstrap\HandleExceptions.php(202): Illuminate\Foundation\Bootstrap\HandleExceptions->renderHttpResponse(Object(Illuminate\Contracts\Container\BindingResolutionException))
#19 C:\laragon\www\license-server\vendor\laravel\framework\src\Illuminate\Foundation\Bootstrap\HandleExceptions.php(262): Illuminate\Foundation\Bootstrap\HandleExceptions->handleException(Object(Illuminate\Contracts\Container\BindingResolutionException))
#20 [internal function]: Illuminate\Foundation\Bootstrap\HandleExceptions->Illuminate\Foundation\Bootstrap\{closure}(Object(Illuminate\Contracts\Container\BindingResolutionException))
#21 {main}

Next Illuminate\Contracts\Container\BindingResolutionException: Target class [view] does not exist. in C:\laragon\www\license-server\vendor\laravel\framework\src\Illuminate\Container\Container.php:1124
Stack trace:
#0 C:\laragon\www\license-server\vendor\laravel\framework\src\Illuminate\Container\Container.php(933): Illuminate\Container\Container->build('view')
#1 C:\laragon\www\license-server\vendor\laravel\framework\src\Illuminate\Foundation\Application.php(1078): Illuminate\Container\Container->resolve('view', Array, true)
#2 C:\laragon\www\license-server\vendor\laravel\framework\src\Illuminate\Container\Container.php(864): Illuminate\Foundation\Application->resolve('view', Array)
#3 C:\laragon\www\license-server\vendor\laravel\framework\src\Illuminate\Foundation\Application.php(1058): Illuminate\Container\Container->make('view', Array)
#4 C:\laragon\www\license-server\vendor\laravel\framework\src\Illuminate\Container\Container.php(1805): Illuminate\Foundation\Application->make('view')
#5 C:\laragon\www\license-server\vendor\laravel\framework\src\Illuminate\Routing\RoutingServiceProvider.php(177): Illuminate\Container\Container->offsetGet('Illuminate\\Cont...')
#6 C:\laragon\www\license-server\vendor\laravel\framework\src\Illuminate\Container\Container.php(1115): Illuminate\Routing\RoutingServiceProvider->Illuminate\Routing\{closure}(Object(Illuminate\Foundation\Application), Array)
#7 C:\laragon\www\license-server\vendor\laravel\framework\src\Illuminate\Container\Container.php(933): Illuminate\Container\Container->build(Object(Closure))
#8 C:\laragon\www\license-server\vendor\laravel\framework\src\Illuminate\Foundation\Application.php(1078): Illuminate\Container\Container->resolve('Illuminate\\Cont...', Array, true)
#9 C:\laragon\www\license-server\vendor\laravel\framework\src\Illuminate\Container\Container.php(864): Illuminate\Foundation\Application->resolve('Illuminate\\Cont...', Array)
#10 C:\laragon\www\license-server\vendor\laravel\framework\src\Illuminate\Foundation\Application.php(1058): Illuminate\Container\Container->make('Illuminate\\Cont...', Array)
#11 C:\laragon\www\license-server\vendor\laravel\framework\src\Illuminate\Foundation\helpers.php(138): Illuminate\Foundation\Application->make('Illuminate\\Cont...', Array)
#12 C:\laragon\www\license-server\vendor\laravel\framework\src\Illuminate\Foundation\helpers.php(850): app('Illuminate\\Cont...')
#13 C:\laragon\www\license-server\vendor\laravel\framework\src\Illuminate\Foundation\Exceptions\Handler.php(1004): response()
#14 C:\laragon\www\license-server\vendor\laravel\framework\src\Illuminate\Foundation\Exceptions\Handler.php(737): Illuminate\Foundation\Exceptions\Handler->prepareJsonResponse(Object(Illuminate\Http\Request), Object(Illuminate\Contracts\Container\BindingResolutionException))
#15 C:\laragon\www\license-server\vendor\laravel\framework\src\Illuminate\Foundation\Exceptions\Handler.php(626): Illuminate\Foundation\Exceptions\Handler->renderExceptionResponse(Object(Illuminate\Http\Request), Object(Illuminate\Contracts\Container\BindingResolutionException))
#16 C:\laragon\www\license-server\vendor\laravel\framework\src\Illuminate\Foundation\Bootstrap\HandleExceptions.php(225): Illuminate\Foundation\Exceptions\Handler->render(Object(Illuminate\Http\Request), Object(Illuminate\Contracts\Container\BindingResolutionException))
#17 C:\laragon\www\license-server\vendor\laravel\framework\src\Illuminate\Foundation\Bootstrap\HandleExceptions.php(202): Illuminate\Foundation\Bootstrap\HandleExceptions->renderHttpResponse(Object(Illuminate\Contracts\Container\BindingResolutionException))
#18 C:\laragon\www\license-server\vendor\laravel\framework\src\Illuminate\Foundation\Bootstrap\HandleExceptions.php(262): Illuminate\Foundation\Bootstrap\HandleExceptions->handleException(Object(Illuminate\Contracts\Container\BindingResolutionException))
#19 [internal function]: Illuminate\Foundation\Bootstrap\HandleExceptions->Illuminate\Foundation\Bootstrap\{closure}(Object(Illuminate\Contracts\Container\BindingResolutionException))
#20 {main}
  thrown {"exception":"[object] (Symfony\\Component\\ErrorHandler\\Error\\FatalError(code: 0): Uncaught ReflectionException: Class \"view\" does not exist in C:\\laragon\\www\\license-server\\vendor\\laravel\\framework\\src\\Illuminate\\Container\\Container.php:1122
Stack trace:
#0 C:\\laragon\\www\\license-server\\vendor\\laravel\\framework\\src\\Illuminate\\Container\\Container.php(1122): ReflectionClass->__construct('view')
#1 C:\\laragon\\www\\license-server\\vendor\\laravel\\framework\\src\\Illuminate\\Container\\Container.php(933): Illuminate\\Container\\Container->build('view')
#2 C:\\laragon\\www\\license-server\\vendor\\laravel\\framework\\src\\Illuminate\\Foundation\\Application.php(1078): Illuminate\\Container\\Container->resolve('view', Array, true)
#3 C:\\laragon\\www\\license-server\\vendor\\laravel\\framework\\src\\Illuminate\\Container\\Container.php(864): Illuminate\\Foundation\\Application->resolve('view', Array)
#4 C:\\laragon\\www\\license-server\\vendor\\laravel\\framework\\src\\Illuminate\\Foundation\\Application.php(1058): Illuminate\\Container\\Container->make('view', Array)
#5 C:\\laragon\\www\\license-server\\vendor\\laravel\\framework\\src\\Illuminate\\Container\\Container.php(1805): Illuminate\\Foundation\\Application->make('view')
#6 C:\\laragon\\www\\license-server\\vendor\\laravel\\framework\\src\\Illuminate\\Routing\\RoutingServiceProvider.php(177): Illuminate\\Container\\Container->offsetGet('Illuminate\\\\Cont...')
#7 C:\\laragon\\www\\license-server\\vendor\\laravel\\framework\\src\\Illuminate\\Container\\Container.php(1115): Illuminate\\Routing\\RoutingServiceProvider->Illuminate\\Routing\\{closure}(Object(Illuminate\\Foundation\\Application), Array)
#8 C:\\laragon\\www\\license-server\\vendor\\laravel\\framework\\src\\Illuminate\\Container\\Container.php(933): Illuminate\\Container\\Container->build(Object(Closure))
#9 C:\\laragon\\www\\license-server\\vendor\\laravel\\framework\\src\\Illuminate\\Foundation\\Application.php(1078): Illuminate\\Container\\Container->resolve('Illuminate\\\\Cont...', Array, true)
#10 C:\\laragon\\www\\license-server\\vendor\\laravel\\framework\\src\\Illuminate\\Container\\Container.php(864): Illuminate\\Foundation\\Application->resolve('Illuminate\\\\Cont...', Array)
#11 C:\\laragon\\www\\license-server\\vendor\\laravel\\framework\\src\\Illuminate\\Foundation\\Application.php(1058): Illuminate\\Container\\Container->make('Illuminate\\\\Cont...', Array)
#12 C:\\laragon\\www\\license-server\\vendor\\laravel\\framework\\src\\Illuminate\\Foundation\\helpers.php(138): Illuminate\\Foundation\\Application->make('Illuminate\\\\Cont...', Array)
#13 C:\\laragon\\www\\license-server\\vendor\\laravel\\framework\\src\\Illuminate\\Foundation\\helpers.php(850): app('Illuminate\\\\Cont...')
#14 C:\\laragon\\www\\license-server\\vendor\\laravel\\framework\\src\\Illuminate\\Foundation\\Exceptions\\Handler.php(1004): response()
#15 C:\\laragon\\www\\license-server\\vendor\\laravel\\framework\\src\\Illuminate\\Foundation\\Exceptions\\Handler.php(737): Illuminate\\Foundation\\Exceptions\\Handler->prepareJsonResponse(Object(Illuminate\\Http\\Request), Object(Illuminate\\Contracts\\Container\\BindingResolutionException))
#16 C:\\laragon\\www\\license-server\\vendor\\laravel\\framework\\src\\Illuminate\\Foundation\\Exceptions\\Handler.php(626): Illuminate\\Foundation\\Exceptions\\Handler->renderExceptionResponse(Object(Illuminate\\Http\\Request), Object(Illuminate\\Contracts\\Container\\BindingResolutionException))
#17 C:\\laragon\\www\\license-server\\vendor\\laravel\\framework\\src\\Illuminate\\Foundation\\Bootstrap\\HandleExceptions.php(225): Illuminate\\Foundation\\Exceptions\\Handler->render(Object(Illuminate\\Http\\Request), Object(Illuminate\\Contracts\\Container\\BindingResolutionException))
#18 C:\\laragon\\www\\license-server\\vendor\\laravel\\framework\\src\\Illuminate\\Foundation\\Bootstrap\\HandleExceptions.php(202): Illuminate\\Foundation\\Bootstrap\\HandleExceptions->renderHttpResponse(Object(Illuminate\\Contracts\\Container\\BindingResolutionException))
#19 C:\\laragon\\www\\license-server\\vendor\\laravel\\framework\\src\\Illuminate\\Foundation\\Bootstrap\\HandleExceptions.php(262): Illuminate\\Foundation\\Bootstrap\\HandleExceptions->handleException(Object(Illuminate\\Contracts\\Container\\BindingResolutionException))
#20 [internal function]: Illuminate\\Foundation\\Bootstrap\\HandleExceptions->Illuminate\\Foundation\\Bootstrap\\{closure}(Object(Illuminate\\Contracts\\Container\\BindingResolutionException))
#21 {main}

Next Illuminate\\Contracts\\Container\\BindingResolutionException: Target class [view] does not exist. in C:\\laragon\\www\\license-server\\vendor\\laravel\\framework\\src\\Illuminate\\Container\\Container.php:1124
Stack trace:
#0 C:\\laragon\\www\\license-server\\vendor\\laravel\\framework\\src\\Illuminate\\Container\\Container.php(933): Illuminate\\Container\\Container->build('view')
#1 C:\\laragon\\www\\license-server\\vendor\\laravel\\framework\\src\\Illuminate\\Foundation\\Application.php(1078): Illuminate\\Container\\Container->resolve('view', Array, true)
#2 C:\\laragon\\www\\license-server\\vendor\\laravel\\framework\\src\\Illuminate\\Container\\Container.php(864): Illuminate\\Foundation\\Application->resolve('view', Array)
#3 C:\\laragon\\www\\license-server\\vendor\\laravel\\framework\\src\\Illuminate\\Foundation\\Application.php(1058): Illuminate\\Container\\Container->make('view', Array)
#4 C:\\laragon\\www\\license-server\\vendor\\laravel\\framework\\src\\Illuminate\\Container\\Container.php(1805): Illuminate\\Foundation\\Application->make('view')
#5 C:\\laragon\\www\\license-server\\vendor\\laravel\\framework\\src\\Illuminate\\Routing\\RoutingServiceProvider.php(177): Illuminate\\Container\\Container->offsetGet('Illuminate\\\\Cont...')
#6 C:\\laragon\\www\\license-server\\vendor\\laravel\\framework\\src\\Illuminate\\Container\\Container.php(1115): Illuminate\\Routing\\RoutingServiceProvider->Illuminate\\Routing\\{closure}(Object(Illuminate\\Foundation\\Application), Array)
#7 C:\\laragon\\www\\license-server\\vendor\\laravel\\framework\\src\\Illuminate\\Container\\Container.php(933): Illuminate\\Container\\Container->build(Object(Closure))
#8 C:\\laragon\\www\\license-server\\vendor\\laravel\\framework\\src\\Illuminate\\Foundation\\Application.php(1078): Illuminate\\Container\\Container->resolve('Illuminate\\\\Cont...', Array, true)
#9 C:\\laragon\\www\\license-server\\vendor\\laravel\\framework\\src\\Illuminate\\Container\\Container.php(864): Illuminate\\Foundation\\Application->resolve('Illuminate\\\\Cont...', Array)
#10 C:\\laragon\\www\\license-server\\vendor\\laravel\\framework\\src\\Illuminate\\Foundation\\Application.php(1058): Illuminate\\Container\\Container->make('Illuminate\\\\Cont...', Array)
#11 C:\\laragon\\www\\license-server\\vendor\\laravel\\framework\\src\\Illuminate\\Foundation\\helpers.php(138): Illuminate\\Foundation\\Application->make('Illuminate\\\\Cont...', Array)
#12 C:\\laragon\\www\\license-server\\vendor\\laravel\\framework\\src\\Illuminate\\Foundation\\helpers.php(850): app('Illuminate\\\\Cont...')
#13 C:\\laragon\\www\\license-server\\vendor\\laravel\\framework\\src\\Illuminate\\Foundation\\Exceptions\\Handler.php(1004): response()
#14 C:\\laragon\\www\\license-server\\vendor\\laravel\\framework\\src\\Illuminate\\Foundation\\Exceptions\\Handler.php(737): Illuminate\\Foundation\\Exceptions\\Handler->prepareJsonResponse(Object(Illuminate\\Http\\Request), Object(Illuminate\\Contracts\\Container\\BindingResolutionException))
#15 C:\\laragon\\www\\license-server\\vendor\\laravel\\framework\\src\\Illuminate\\Foundation\\Exceptions\\Handler.php(626): Illuminate\\Foundation\\Exceptions\\Handler->renderExceptionResponse(Object(Illuminate\\Http\\Request), Object(Illuminate\\Contracts\\Container\\BindingResolutionException))
#16 C:\\laragon\\www\\license-server\\vendor\\laravel\\framework\\src\\Illuminate\\Foundation\\Bootstrap\\HandleExceptions.php(225): Illuminate\\Foundation\\Exceptions\\Handler->render(Object(Illuminate\\Http\\Request), Object(Illuminate\\Contracts\\Container\\BindingResolutionException))
#17 C:\\laragon\\www\\license-server\\vendor\\laravel\\framework\\src\\Illuminate\\Foundation\\Bootstrap\\HandleExceptions.php(202): Illuminate\\Foundation\\Bootstrap\\HandleExceptions->renderHttpResponse(Object(Illuminate\\Contracts\\Container\\BindingResolutionException))
#18 C:\\laragon\\www\\license-server\\vendor\\laravel\\framework\\src\\Illuminate\\Foundation\\Bootstrap\\HandleExceptions.php(262): Illuminate\\Foundation\\Bootstrap\\HandleExceptions->handleException(Object(Illuminate\\Contracts\\Container\\BindingResolutionException))
#19 [internal function]: Illuminate\\Foundation\\Bootstrap\\HandleExceptions->Illuminate\\Foundation\\Bootstrap\\{closure}(Object(Illuminate\\Contracts\\Container\\BindingResolutionException))
#20 {main}
  thrown at C:/laragon/www/license-server/vendor/laravel/framework/src/Illuminate/Container/Container.php:1124)
[stacktrace]
#0 {main}
"} 
[2026-08-01 03:31:21] local.ERROR: The C:\laragon\www\license-server\bootstrap\cache directory must be present and writable. {"exception":"[object] (Exception(code: 0): The C:\\laragon\\www\\license-server\\bootstrap\\cache directory must be present and writable. at C:/laragon/www/license-server/vendor/laravel/framework/src/Illuminate/Foundation/PackageManifest.php:179)
[stacktrace]
#0 C:/laragon/www/license-server/vendor/laravel/framework/src/Illuminate/Foundation/PackageManifest.php(132): Illuminate/Foundation/PackageManifest->write(Array)
#1 C:/laragon/www/license-server/vendor/laravel/framework/src/Illuminate/Foundation/PackageManifest.php(108): Illuminate/Foundation/PackageManifest->build()
#2 C:/laragon/www/license-server/vendor/laravel/framework/src/Illuminate/Foundation/PackageManifest.php(90): Illuminate/Foundation/PackageManifest->getManifest()
#3 C:/laragon/www/license-server/vendor/laravel/framework/src/Illuminate/Foundation/PackageManifest.php(79): Illuminate/Foundation/PackageManifest->config('aliases')
#4 C:/laragon/www/license-server/vendor/laravel/framework/src/Illuminate/Foundation/Bootstrap/RegisterFacades.php(26): Illuminate/Foundation/PackageManifest->aliases()
#5 C:/laragon/www/license-server/vendor/laravel/framework/src/Illuminate/Foundation/Application.php(342): Illuminate/Foundation/Bootstrap/RegisterFacades->bootstrap(Object(Illuminate/Foundation/Application))
#6 C:/laragon/www/license-server/vendor/laravel/framework/src/Illuminate/Foundation/Http/Kernel.php(186): Illuminate/Foundation/Application->bootstrapWith(Array)
#7 C:/laragon/www/license-server/vendor/laravel/framework/src/Illuminate/Foundation/Http/Kernel.php(170): Illuminate/Foundation/Http/Kernel->bootstrap()
#8 C:/laragon/www/license-server/vendor/laravel/framework/src/Illuminate/Foundation/Http/Kernel.php(144): Illuminate/Foundation/Http/Kernel->sendRequestThroughRouter(Object(Illuminate/Http/Request))
#9 C:/laragon/www/license-server/vendor/laravel/framework/src/Illuminate/Foundation/Application.php(1220): Illuminate/Foundation/Http/Kernel->handle(Object(Illuminate/Http/Request))
#10 C:/laragon/www/license-server/public/index.php(20): Illuminate/Foundation/Application->handleRequest(Object(Illuminate/Http/Request))
#11 {main}
"} 
[2026-08-01 03:31:21] local.ERROR: Target class [view] does not exist. {"exception":"[object] (Illuminate\\Contracts\\Container\\BindingResolutionException(code: 0): Target class [view] does not exist. at C:/laragon/www/license-server/vendor/laravel/framework/src/Illuminate/Container/Container.php:1124)
[stacktrace]
#0 C:/laragon/www/license-server/vendor/laravel/framework/src/Illuminate/Container/Container.php(933): Illuminate/Container/Container->build('view')
#1 C:/laragon/www/license-server/vendor/laravel/framework/src/Illuminate/Foundation/Application.php(1078): Illuminate/Container/Container->resolve('view', Array, true)
#2 C:/laragon/www/license-server/vendor/laravel/framework/src/Illuminate/Container/Container.php(864): Illuminate/Foundation/Application->resolve('view', Array)
#3 C:/laragon/www/license-server/vendor/laravel/framework/src/Illuminate/Foundation/Application.php(1058): Illuminate/Container/Container->make('view', Array)
#4 C:/laragon/www/license-server/vendor/laravel/framework/src/Illuminate/Container/Container.php(1805): Illuminate/Foundation/Application->make('view')
#5 C:/laragon/www/license-server/vendor/laravel/framework/src/Illuminate/Routing/RoutingServiceProvider.php(177): Illuminate/Container/Container->offsetGet('Illuminate//Cont...')
#6 C:/laragon/www/license-server/vendor/laravel/framework/src/Illuminate/Container/Container.php(1115): Illuminate/Routing/RoutingServiceProvider->Illuminate/Routing/{closure}(Object(Illuminate/Foundation/Application), Array)
#7 C:/laragon/www/license-server/vendor/laravel/framework/src/Illuminate/Container/Container.php(933): Illuminate/Container/Container->build(Object(Closure))
#8 C:/laragon/www/license-server/vendor/laravel/framework/src/Illuminate/Foundation/Application.php(1078): Illuminate/Container/Container->resolve('Illuminate//Cont...', Array, true)
#9 C:/laragon/www/license-server/vendor/laravel/framework/src/Illuminate/Container/Container.php(864): Illuminate/Foundation/Application->resolve('Illuminate//Cont...', Array)
#10 C:/laragon/www/license-server/vendor/laravel/framework/src/Illuminate/Foundation/Application.php(1058): Illuminate/Container/Container->make('Illuminate//Cont...', Array)
#11 C:/laragon/www/license-server/vendor/laravel/framework/src/Illuminate/Foundation/helpers.php(138): Illuminate/Foundation/Application->make('Illuminate//Cont...', Array)
#12 C:/laragon/www/license-server/vendor/laravel/framework/src/Illuminate/Foundation/helpers.php(850): app('Illuminate//Cont...')
#13 C:/laragon/www/license-server/vendor/laravel/framework/src/Illuminate/Foundation/Exceptions/Handler.php(1004): response()
#14 C:/laragon/www/license-server/vendor/laravel/framework/src/Illuminate/Foundation/Exceptions/Handler.php(737): Illuminate/Foundation/Exceptions/Handler->prepareJsonResponse(Object(Illuminate/Http/Request), Object(Exception))
#15 C:/laragon/www/license-server/vendor/laravel/framework/src/Illuminate/Foundation/Exceptions/Handler.php(626): Illuminate/Foundation/Exceptions/Handler->renderExceptionResponse(Object(Illuminate/Http/Request), Object(Exception))
#16 C:/laragon/www/license-server/vendor/laravel/framework/src/Illuminate/Foundation/Http/Kernel.php(574): Illuminate/Foundation/Exceptions/Handler->render(Object(Illuminate/Http/Request), Object(Exception))
#17 C:/laragon/www/license-server/vendor/laravel/framework/src/Illuminate/Foundation/Http/Kernel.php(148): Illuminate/Foundation/Http/Kernel->renderException(Object(Illuminate/Http/Request), Object(Exception))
#18 C:/laragon/www/license-server/vendor/laravel/framework/src/Illuminate/Foundation/Application.php(1220): Illuminate/Foundation/Http/Kernel->handle(Object(Illuminate/Http/Request))
#19 C:/laragon/www/license-server/public/index.php(20): Illuminate/Foundation/Application->handleRequest(Object(Illuminate/Http/Request))
#20 {main}

[previous exception] [object] (ReflectionException(code: -1): Class \"view\" does not exist at C:/laragon/www/license-server/vendor/laravel/framework/src/Illuminate/Container/Container.php:1122)
[stacktrace]
#0 C:/laragon/www/license-server/vendor/laravel/framework/src/Illuminate/Container/Container.php(1122): ReflectionClass->__construct('view')
#1 C:/laragon/www/license-server/vendor/laravel/framework/src/Illuminate/Container/Container.php(933): Illuminate/Container/Container->build('view')
#2 C:/laragon/www/license-server/vendor/laravel/framework/src/Illuminate/Foundation/Application.php(1078): Illuminate/Container/Container->resolve('view', Array, true)
#3 C:/laragon/www/license-server/vendor/laravel/framework/src/Illuminate/Container/Container.php(864): Illuminate/Foundation/Application->resolve('view', Array)
#4 C:/laragon/www/license-server/vendor/laravel/framework/src/Illuminate/Foundation/Application.php(1058): Illuminate/Container/Container->make('view', Array)
#5 C:/laragon/www/license-server/vendor/laravel/framework/src/Illuminate/Container/Container.php(1805): Illuminate/Foundation/Application->make('view')
#6 C:/laragon/www/license-server/vendor/laravel/framework/src/Illuminate/Routing/RoutingServiceProvider.php(177): Illuminate/Container/Container->offsetGet('Illuminate//Cont...')
#7 C:/laragon/www/license-server/vendor/laravel/framework/src/Illuminate/Container/Container.php(1115): Illuminate/Routing/RoutingServiceProvider->Illuminate/Routing/{closure}(Object(Illuminate/Foundation/Application), Array)
#8 C:/laragon/www/license-server/vendor/laravel/framework/src/Illuminate/Container/Container.php(933): Illuminate/Container/Container->build(Object(Closure))
#9 C:/laragon/www/license-server/vendor/laravel/framework/src/Illuminate/Foundation/Application.php(1078): Illuminate/Container/Container->resolve('Illuminate//Cont...', Array, true)
#10 C:/laragon/www/license-server/vendor/laravel/framework/src/Illuminate/Container/Container.php(864): Illuminate/Foundation/Application->resolve('Illuminate//Cont...', Array)
#11 C:/laragon/www/license-server/vendor/laravel/framework/src/Illuminate/Foundation/Application.php(1058): Illuminate/Container/Container->make('Illuminate//Cont...', Array)
#12 C:/laragon/www/license-server/vendor/laravel/framework/src/Illuminate/Foundation/helpers.php(138): Illuminate/Foundation/Application->make('Illuminate//Cont...', Array)
#13 C:/laragon/www/license-server/vendor/laravel/framework/src/Illuminate/Foundation/helpers.php(850): app('Illuminate//Cont...')
#14 C:/laragon/www/license-server/vendor/laravel/framework/src/Illuminate/Foundation/Exceptions/Handler.php(1004): response()
#15 C:/laragon/www/license-server/vendor/laravel/framework/src/Illuminate/Foundation/Exceptions/Handler.php(737): Illuminate/Foundation/Exceptions/Handler->prepareJsonResponse(Object(Illuminate/Http/Request), Object(Exception))
#16 C:/laragon/www/license-server/vendor/laravel/framework/src/Illuminate/Foundation/Exceptions/Handler.php(626): Illuminate/Foundation/Exceptions/Handler->renderExceptionResponse(Object(Illuminate/Http/Request), Object(Exception))
#17 C:/laragon/www/license-server/vendor/laravel/framework/src/Illuminate/Foundation/Http/Kernel.php(574): Illuminate/Foundation/Exceptions/Handler->render(Object(Illuminate/Http/Request), Object(Exception))
#18 C:/laragon/www/license-server/vendor/laravel/framework/src/Illuminate/Foundation/Http/Kernel.php(148): Illuminate/Foundation/Http/Kernel->renderException(Object(Illuminate/Http/Request), Object(Exception))
#19 C:/laragon/www/license-server/vendor/laravel/framework/src/Illuminate/Foundation/Application.php(1220): Illuminate/Foundation/Http/Kernel->handle(Object(Illuminate/Http/Request))
#20 C:/laragon/www/license-server/public/index.php(20): Illuminate/Foundation/Application->handleRequest(Object(Illuminate/Http/Request))
#21 {main}
"} 
[2026-08-01 03:31:21] local.ERROR: Uncaught ReflectionException: Class "view" does not exist in C:\laragon\www\license-server\vendor\laravel\framework\src\Illuminate\Container\Container.php:1122
Stack trace:
#0 C:\laragon\www\license-server\vendor\laravel\framework\src\Illuminate\Container\Container.php(1122): ReflectionClass->__construct('view')
#1 C:\laragon\www\license-server\vendor\laravel\framework\src\Illuminate\Container\Container.php(933): Illuminate\Container\Container->build('view')
#2 C:\laragon\www\license-server\vendor\laravel\framework\src\Illuminate\Foundation\Application.php(1078): Illuminate\Container\Container->resolve('view', Array, true)
#3 C:\laragon\www\license-server\vendor\laravel\framework\src\Illuminate\Container\Container.php(864): Illuminate\Foundation\Application->resolve('view', Array)
#4 C:\laragon\www\license-server\vendor\laravel\framework\src\Illuminate\Foundation\Application.php(1058): Illuminate\Container\Container->make('view', Array)
#5 C:\laragon\www\license-server\vendor\laravel\framework\src\Illuminate\Container\Container.php(1805): Illuminate\Foundation\Application->make('view')
#6 C:\laragon\www\license-server\vendor\laravel\framework\src\Illuminate\Routing\RoutingServiceProvider.php(177): Illuminate\Container\Container->offsetGet('Illuminate\\Cont...')
#7 C:\laragon\www\license-server\vendor\laravel\framework\src\Illuminate\Container\Container.php(1115): Illuminate\Routing\RoutingServiceProvider->Illuminate\Routing\{closure}(Object(Illuminate\Foundation\Application), Array)
#8 C:\laragon\www\license-server\vendor\laravel\framework\src\Illuminate\Container\Container.php(933): Illuminate\Container\Container->build(Object(Closure))
#9 C:\laragon\www\license-server\vendor\laravel\framework\src\Illuminate\Foundation\Application.php(1078): Illuminate\Container\Container->resolve('Illuminate\\Cont...', Array, true)
#10 C:\laragon\www\license-server\vendor\laravel\framework\src\Illuminate\Container\Container.php(864): Illuminate\Foundation\Application->resolve('Illuminate\\Cont...', Array)
#11 C:\laragon\www\license-server\vendor\laravel\framework\src\Illuminate\Foundation\Application.php(1058): Illuminate\Container\Container->make('Illuminate\\Cont...', Array)
#12 C:\laragon\www\license-server\vendor\laravel\framework\src\Illuminate\Foundation\helpers.php(138): Illuminate\Foundation\Application->make('Illuminate\\Cont...', Array)
#13 C:\laragon\www\license-server\vendor\laravel\framework\src\Illuminate\Foundation\helpers.php(850): app('Illuminate\\Cont...')
#14 C:\laragon\www\license-server\vendor\laravel\framework\src\Illuminate\Foundation\Exceptions\Handler.php(1004): response()
#15 C:\laragon\www\license-server\vendor\laravel\framework\src\Illuminate\Foundation\Exceptions\Handler.php(737): Illuminate\Foundation\Exceptions\Handler->prepareJsonResponse(Object(Illuminate\Http\Request), Object(Illuminate\Contracts\Container\BindingResolutionException))
#16 C:\laragon\www\license-server\vendor\laravel\framework\src\Illuminate\Foundation\Exceptions\Handler.php(626): Illuminate\Foundation\Exceptions\Handler->renderExceptionResponse(Object(Illuminate\Http\Request), Object(Illuminate\Contracts\Container\BindingResolutionException))
#17 C:\laragon\www\license-server\vendor\laravel\framework\src\Illuminate\Foundation\Bootstrap\HandleExceptions.php(225): Illuminate\Foundation\Exceptions\Handler->render(Object(Illuminate\Http\Request), Object(Illuminate\Contracts\Container\BindingResolutionException))
#18 C:\laragon\www\license-server\vendor\laravel\framework\src\Illuminate\Foundation\Bootstrap\HandleExceptions.php(202): Illuminate\Foundation\Bootstrap\HandleExceptions->renderHttpResponse(Object(Illuminate\Contracts\Container\BindingResolutionException))
#19 C:\laragon\www\license-server\vendor\laravel\framework\src\Illuminate\Foundation\Bootstrap\HandleExceptions.php(262): Illuminate\Foundation\Bootstrap\HandleExceptions->handleException(Object(Illuminate\Contracts\Container\BindingResolutionException))
#20 [internal function]: Illuminate\Foundation\Bootstrap\HandleExceptions->Illuminate\Foundation\Bootstrap\{closure}(Object(Illuminate\Contracts\Container\BindingResolutionException))
#21 {main}

Next Illuminate\Contracts\Container\BindingResolutionException: Target class [view] does not exist. in C:\laragon\www\license-server\vendor\laravel\framework\src\Illuminate\Container\Container.php:1124
Stack trace:
#0 C:\laragon\www\license-server\vendor\laravel\framework\src\Illuminate\Container\Container.php(933): Illuminate\Container\Container->build('view')
#1 C:\laragon\www\license-server\vendor\laravel\framework\src\Illuminate\Foundation\Application.php(1078): Illuminate\Container\Container->resolve('view', Array, true)
#2 C:\laragon\www\license-server\vendor\laravel\framework\src\Illuminate\Container\Container.php(864): Illuminate\Foundation\Application->resolve('view', Array)
#3 C:\laragon\www\license-server\vendor\laravel\framework\src\Illuminate\Foundation\Application.php(1058): Illuminate\Container\Container->make('view', Array)
#4 C:\laragon\www\license-server\vendor\laravel\framework\src\Illuminate\Container\Container.php(1805): Illuminate\Foundation\Application->make('view')
#5 C:\laragon\www\license-server\vendor\laravel\framework\src\Illuminate\Routing\RoutingServiceProvider.php(177): Illuminate\Container\Container->offsetGet('Illuminate\\Cont...')
#6 C:\laragon\www\license-server\vendor\laravel\framework\src\Illuminate\Container\Container.php(1115): Illuminate\Routing\RoutingServiceProvider->Illuminate\Routing\{closure}(Object(Illuminate\Foundation\Application), Array)
#7 C:\laragon\www\license-server\vendor\laravel\framework\src\Illuminate\Container\Container.php(933): Illuminate\Container\Container->build(Object(Closure))
#8 C:\laragon\www\license-server\vendor\laravel\framework\src\Illuminate\Foundation\Application.php(1078): Illuminate\Container\Container->resolve('Illuminate\\Cont...', Array, true)
#9 C:\laragon\www\license-server\vendor\laravel\framework\src\Illuminate\Container\Container.php(864): Illuminate\Foundation\Application->resolve('Illuminate\\Cont...', Array)
#10 C:\laragon\www\license-server\vendor\laravel\framework\src\Illuminate\Foundation\Application.php(1058): Illuminate\Container\Container->make('Illuminate\\Cont...', Array)
#11 C:\laragon\www\license-server\vendor\laravel\framework\src\Illuminate\Foundation\helpers.php(138): Illuminate\Foundation\Application->make('Illuminate\\Cont...', Array)
#12 C:\laragon\www\license-server\vendor\laravel\framework\src\Illuminate\Foundation\helpers.php(850): app('Illuminate\\Cont...')
#13 C:\laragon\www\license-server\vendor\laravel\framework\src\Illuminate\Foundation\Exceptions\Handler.php(1004): response()
#14 C:\laragon\www\license-server\vendor\laravel\framework\src\Illuminate\Foundation\Exceptions\Handler.php(737): Illuminate\Foundation\Exceptions\Handler->prepareJsonResponse(Object(Illuminate\Http\Request), Object(Illuminate\Contracts\Container\BindingResolutionException))
#15 C:\laragon\www\license-server\vendor\laravel\framework\src\Illuminate\Foundation\Exceptions\Handler.php(626): Illuminate\Foundation\Exceptions\Handler->renderExceptionResponse(Object(Illuminate\Http\Request), Object(Illuminate\Contracts\Container\BindingResolutionException))
#16 C:\laragon\www\license-server\vendor\laravel\framework\src\Illuminate\Foundation\Bootstrap\HandleExceptions.php(225): Illuminate\Foundation\Exceptions\Handler->render(Object(Illuminate\Http\Request), Object(Illuminate\Contracts\Container\BindingResolutionException))
#17 C:\laragon\www\license-server\vendor\laravel\framework\src\Illuminate\Foundation\Bootstrap\HandleExceptions.php(202): Illuminate\Foundation\Bootstrap\HandleExceptions->renderHttpResponse(Object(Illuminate\Contracts\Container\BindingResolutionException))
#18 C:\laragon\www\license-server\vendor\laravel\framework\src\Illuminate\Foundation\Bootstrap\HandleExceptions.php(262): Illuminate\Foundation\Bootstrap\HandleExceptions->handleException(Object(Illuminate\Contracts\Container\BindingResolutionException))
#19 [internal function]: Illuminate\Foundation\Bootstrap\HandleExceptions->Illuminate\Foundation\Bootstrap\{closure}(Object(Illuminate\Contracts\Container\BindingResolutionException))
#20 {main}
  thrown {"exception":"[object] (Symfony\\Component\\ErrorHandler\\Error\\FatalError(code: 0): Uncaught ReflectionException: Class \"view\" does not exist in C:\\laragon\\www\\license-server\\vendor\\laravel\\framework\\src\\Illuminate\\Container\\Container.php:1122
Stack trace:
#0 C:\\laragon\\www\\license-server\\vendor\\laravel\\framework\\src\\Illuminate\\Container\\Container.php(1122): ReflectionClass->__construct('view')
#1 C:\\laragon\\www\\license-server\\vendor\\laravel\\framework\\src\\Illuminate\\Container\\Container.php(933): Illuminate\\Container\\Container->build('view')
#2 C:\\laragon\\www\\license-server\\vendor\\laravel\\framework\\src\\Illuminate\\Foundation\\Application.php(1078): Illuminate\\Container\\Container->resolve('view', Array, true)
#3 C:\\laragon\\www\\license-server\\vendor\\laravel\\framework\\src\\Illuminate\\Container\\Container.php(864): Illuminate\\Foundation\\Application->resolve('view', Array)
#4 C:\\laragon\\www\\license-server\\vendor\\laravel\\framework\\src\\Illuminate\\Foundation\\Application.php(1058): Illuminate\\Container\\Container->make('view', Array)
#5 C:\\laragon\\www\\license-server\\vendor\\laravel\\framework\\src\\Illuminate\\Container\\Container.php(1805): Illuminate\\Foundation\\Application->make('view')
#6 C:\\laragon\\www\\license-server\\vendor\\laravel\\framework\\src\\Illuminate\\Routing\\RoutingServiceProvider.php(177): Illuminate\\Container\\Container->offsetGet('Illuminate\\\\Cont...')
#7 C:\\laragon\\www\\license-server\\vendor\\laravel\\framework\\src\\Illuminate\\Container\\Container.php(1115): Illuminate\\Routing\\RoutingServiceProvider->Illuminate\\Routing\\{closure}(Object(Illuminate\\Foundation\\Application), Array)
#8 C:\\laragon\\www\\license-server\\vendor\\laravel\\framework\\src\\Illuminate\\Container\\Container.php(933): Illuminate\\Container\\Container->build(Object(Closure))
#9 C:\\laragon\\www\\license-server\\vendor\\laravel\\framework\\src\\Illuminate\\Foundation\\Application.php(1078): Illuminate\\Container\\Container->resolve('Illuminate\\\\Cont...', Array, true)
#10 C:\\laragon\\www\\license-server\\vendor\\laravel\\framework\\src\\Illuminate\\Container\\Container.php(864): Illuminate\\Foundation\\Application->resolve('Illuminate\\\\Cont...', Array)
#11 C:\\laragon\\www\\license-server\\vendor\\laravel\\framework\\src\\Illuminate\\Foundation\\Application.php(1058): Illuminate\\Container\\Container->make('Illuminate\\\\Cont...', Array)
#12 C:\\laragon\\www\\license-server\\vendor\\laravel\\framework\\src\\Illuminate\\Foundation\\helpers.php(138): Illuminate\\Foundation\\Application->make('Illuminate\\\\Cont...', Array)
#13 C:\\laragon\\www\\license-server\\vendor\\laravel\\framework\\src\\Illuminate\\Foundation\\helpers.php(850): app('Illuminate\\\\Cont...')
#14 C:\\laragon\\www\\license-server\\vendor\\laravel\\framework\\src\\Illuminate\\Foundation\\Exceptions\\Handler.php(1004): response()
#15 C:\\laragon\\www\\license-server\\vendor\\laravel\\framework\\src\\Illuminate\\Foundation\\Exceptions\\Handler.php(737): Illuminate\\Foundation\\Exceptions\\Handler->prepareJsonResponse(Object(Illuminate\\Http\\Request), Object(Illuminate\\Contracts\\Container\\BindingResolutionException))
#16 C:\\laragon\\www\\license-server\\vendor\\laravel\\framework\\src\\Illuminate\\Foundation\\Exceptions\\Handler.php(626): Illuminate\\Foundation\\Exceptions\\Handler->renderExceptionResponse(Object(Illuminate\\Http\\Request), Object(Illuminate\\Contracts\\Container\\BindingResolutionException))
#17 C:\\laragon\\www\\license-server\\vendor\\laravel\\framework\\src\\Illuminate\\Foundation\\Bootstrap\\HandleExceptions.php(225): Illuminate\\Foundation\\Exceptions\\Handler->render(Object(Illuminate\\Http\\Request), Object(Illuminate\\Contracts\\Container\\BindingResolutionException))
#18 C:\\laragon\\www\\license-server\\vendor\\laravel\\framework\\src\\Illuminate\\Foundation\\Bootstrap\\HandleExceptions.php(202): Illuminate\\Foundation\\Bootstrap\\HandleExceptions->renderHttpResponse(Object(Illuminate\\Contracts\\Container\\BindingResolutionException))
#19 C:\\laragon\\www\\license-server\\vendor\\laravel\\framework\\src\\Illuminate\\Foundation\\Bootstrap\\HandleExceptions.php(262): Illuminate\\Foundation\\Bootstrap\\HandleExceptions->handleException(Object(Illuminate\\Contracts\\Container\\BindingResolutionException))
#20 [internal function]: Illuminate\\Foundation\\Bootstrap\\HandleExceptions->Illuminate\\Foundation\\Bootstrap\\{closure}(Object(Illuminate\\Contracts\\Container\\BindingResolutionException))
#21 {main}

Next Illuminate\\Contracts\\Container\\BindingResolutionException: Target class [view] does not exist. in C:\\laragon\\www\\license-server\\vendor\\laravel\\framework\\src\\Illuminate\\Container\\Container.php:1124
Stack trace:
#0 C:\\laragon\\www\\license-server\\vendor\\laravel\\framework\\src\\Illuminate\\Container\\Container.php(933): Illuminate\\Container\\Container->build('view')
#1 C:\\laragon\\www\\license-server\\vendor\\laravel\\framework\\src\\Illuminate\\Foundation\\Application.php(1078): Illuminate\\Container\\Container->resolve('view', Array, true)
#2 C:\\laragon\\www\\license-server\\vendor\\laravel\\framework\\src\\Illuminate\\Container\\Container.php(864): Illuminate\\Foundation\\Application->resolve('view', Array)
#3 C:\\laragon\\www\\license-server\\vendor\\laravel\\framework\\src\\Illuminate\\Foundation\\Application.php(1058): Illuminate\\Container\\Container->make('view', Array)
#4 C:\\laragon\\www\\license-server\\vendor\\laravel\\framework\\src\\Illuminate\\Container\\Container.php(1805): Illuminate\\Foundation\\Application->make('view')
#5 C:\\laragon\\www\\license-server\\vendor\\laravel\\framework\\src\\Illuminate\\Routing\\RoutingServiceProvider.php(177): Illuminate\\Container\\Container->offsetGet('Illuminate\\\\Cont...')
#6 C:\\laragon\\www\\license-server\\vendor\\laravel\\framework\\src\\Illuminate\\Container\\Container.php(1115): Illuminate\\Routing\\RoutingServiceProvider->Illuminate\\Routing\\{closure}(Object(Illuminate\\Foundation\\Application), Array)
#7 C:\\laragon\\www\\license-server\\vendor\\laravel\\framework\\src\\Illuminate\\Container\\Container.php(933): Illuminate\\Container\\Container->build(Object(Closure))
#8 C:\\laragon\\www\\license-server\\vendor\\laravel\\framework\\src\\Illuminate\\Foundation\\Application.php(1078): Illuminate\\Container\\Container->resolve('Illuminate\\\\Cont...', Array, true)
#9 C:\\laragon\\www\\license-server\\vendor\\laravel\\framework\\src\\Illuminate\\Container\\Container.php(864): Illuminate\\Foundation\\Application->resolve('Illuminate\\\\Cont...', Array)
#10 C:\\laragon\\www\\license-server\\vendor\\laravel\\framework\\src\\Illuminate\\Foundation\\Application.php(1058): Illuminate\\Container\\Container->make('Illuminate\\\\Cont...', Array)
#11 C:\\laragon\\www\\license-server\\vendor\\laravel\\framework\\src\\Illuminate\\Foundation\\helpers.php(138): Illuminate\\Foundation\\Application->make('Illuminate\\\\Cont...', Array)
#12 C:\\laragon\\www\\license-server\\vendor\\laravel\\framework\\src\\Illuminate\\Foundation\\helpers.php(850): app('Illuminate\\\\Cont...')
#13 C:\\laragon\\www\\license-server\\vendor\\laravel\\framework\\src\\Illuminate\\Foundation\\Exceptions\\Handler.php(1004): response()
#14 C:\\laragon\\www\\license-server\\vendor\\laravel\\framework\\src\\Illuminate\\Foundation\\Exceptions\\Handler.php(737): Illuminate\\Foundation\\Exceptions\\Handler->prepareJsonResponse(Object(Illuminate\\Http\\Request), Object(Illuminate\\Contracts\\Container\\BindingResolutionException))
#15 C:\\laragon\\www\\license-server\\vendor\\laravel\\framework\\src\\Illuminate\\Foundation\\Exceptions\\Handler.php(626): Illuminate\\Foundation\\Exceptions\\Handler->renderExceptionResponse(Object(Illuminate\\Http\\Request), Object(Illuminate\\Contracts\\Container\\BindingResolutionException))
#16 C:\\laragon\\www\\license-server\\vendor\\laravel\\framework\\src\\Illuminate\\Foundation\\Bootstrap\\HandleExceptions.php(225): Illuminate\\Foundation\\Exceptions\\Handler->render(Object(Illuminate\\Http\\Request), Object(Illuminate\\Contracts\\Container\\BindingResolutionException))
#17 C:\\laragon\\www\\license-server\\vendor\\laravel\\framework\\src\\Illuminate\\Foundation\\Bootstrap\\HandleExceptions.php(202): Illuminate\\Foundation\\Bootstrap\\HandleExceptions->renderHttpResponse(Object(Illuminate\\Contracts\\Container\\BindingResolutionException))
#18 C:\\laragon\\www\\license-server\\vendor\\laravel\\framework\\src\\Illuminate\\Foundation\\Bootstrap\\HandleExceptions.php(262): Illuminate\\Foundation\\Bootstrap\\HandleExceptions->handleException(Object(Illuminate\\Contracts\\Container\\BindingResolutionException))
#19 [internal function]: Illuminate\\Foundation\\Bootstrap\\HandleExceptions->Illuminate\\Foundation\\Bootstrap\\{closure}(Object(Illuminate\\Contracts\\Container\\BindingResolutionException))
#20 {main}
  thrown at C:/laragon/www/license-server/vendor/laravel/framework/src/Illuminate/Container/Container.php:1124)
[stacktrace]
#0 {main}
"} 
[2026-08-01 03:31:51] local.ERROR: The C:\laragon\www\license-server\bootstrap\cache directory must be present and writable. {"exception":"[object] (Exception(code: 0): The C:\\laragon\\www\\license-server\\bootstrap\\cache directory must be present and writable. at C:/laragon/www/license-server/vendor/laravel/framework/src/Illuminate/Foundation/PackageManifest.php:179)
[stacktrace]
#0 C:/laragon/www/license-server/vendor/laravel/framework/src/Illuminate/Foundation/PackageManifest.php(132): Illuminate/Foundation/PackageManifest->write(Array)
#1 C:/laragon/www/license-server/vendor/laravel/framework/src/Illuminate/Foundation/PackageManifest.php(108): Illuminate/Foundation/PackageManifest->build()
#2 C:/laragon/www/license-server/vendor/laravel/framework/src/Illuminate/Foundation/PackageManifest.php(90): Illuminate/Foundation/PackageManifest->getManifest()
#3 C:/laragon/www/license-server/vendor/laravel/framework/src/Illuminate/Foundation/PackageManifest.php(79): Illuminate/Foundation/PackageManifest->config('aliases')
#4 C:/laragon/www/license-server/vendor/laravel/framework/src/Illuminate/Foundation/Bootstrap/RegisterFacades.php(26): Illuminate/Foundation/PackageManifest->aliases()
#5 C:/laragon/www/license-server/vendor/laravel/framework/src/Illuminate/Foundation/Application.php(342): Illuminate/Foundation/Bootstrap/RegisterFacades->bootstrap(Object(Illuminate/Foundation/Application))
#6 C:/laragon/www/license-server/vendor/laravel/framework/src/Illuminate/Foundation/Http/Kernel.php(186): Illuminate/Foundation/Application->bootstrapWith(Array)
#7 C:/laragon/www/license-server/vendor/laravel/framework/src/Illuminate/Foundation/Http/Kernel.php(170): Illuminate/Foundation/Http/Kernel->bootstrap()
#8 C:/laragon/www/license-server/vendor/laravel/framework/src/Illuminate/Foundation/Http/Kernel.php(144): Illuminate/Foundation/Http/Kernel->sendRequestThroughRouter(Object(Illuminate/Http/Request))
#9 C:/laragon/www/license-server/vendor/laravel/framework/src/Illuminate/Foundation/Application.php(1220): Illuminate/Foundation/Http/Kernel->handle(Object(Illuminate/Http/Request))
#10 C:/laragon/www/license-server/public/index.php(20): Illuminate/Foundation/Application->handleRequest(Object(Illuminate/Http/Request))
#11 {main}
"} 
[2026-08-01 03:31:51] local.ERROR: Target class [view] does not exist. {"exception":"[object] (Illuminate\\Contracts\\Container\\BindingResolutionException(code: 0): Target class [view] does not exist. at C:/laragon/www/license-server/vendor/laravel/framework/src/Illuminate/Container/Container.php:1124)
[stacktrace]
#0 C:/laragon/www/license-server/vendor/laravel/framework/src/Illuminate/Container/Container.php(933): Illuminate/Container/Container->build('view')
#1 C:/laragon/www/license-server/vendor/laravel/framework/src/Illuminate/Foundation/Application.php(1078): Illuminate/Container/Container->resolve('view', Array, true)
#2 C:/laragon/www/license-server/vendor/laravel/framework/src/Illuminate/Container/Container.php(864): Illuminate/Foundation/Application->resolve('view', Array)
#3 C:/laragon/www/license-server/vendor/laravel/framework/src/Illuminate/Foundation/Application.php(1058): Illuminate/Container/Container->make('view', Array)
#4 C:/laragon/www/license-server/vendor/laravel/framework/src/Illuminate/Container/Container.php(1805): Illuminate/Foundation/Application->make('view')
#5 C:/laragon/www/license-server/vendor/laravel/framework/src/Illuminate/Routing/RoutingServiceProvider.php(177): Illuminate/Container/Container->offsetGet('Illuminate//Cont...')
#6 C:/laragon/www/license-server/vendor/laravel/framework/src/Illuminate/Container/Container.php(1115): Illuminate/Routing/RoutingServiceProvider->Illuminate/Routing/{closure}(Object(Illuminate/Foundation/Application), Array)
#7 C:/laragon/www/license-server/vendor/laravel/framework/src/Illuminate/Container/Container.php(933): Illuminate/Container/Container->build(Object(Closure))
#8 C:/laragon/www/license-server/vendor/laravel/framework/src/Illuminate/Foundation/Application.php(1078): Illuminate/Container/Container->resolve('Illuminate//Cont...', Array, true)
#9 C:/laragon/www/license-server/vendor/laravel/framework/src/Illuminate/Container/Container.php(864): Illuminate/Foundation/Application->resolve('Illuminate//Cont...', Array)
#10 C:/laragon/www/license-server/vendor/laravel/framework/src/Illuminate/Foundation/Application.php(1058): Illuminate/Container/Container->make('Illuminate//Cont...', Array)
#11 C:/laragon/www/license-server/vendor/laravel/framework/src/Illuminate/Foundation/helpers.php(138): Illuminate/Foundation/Application->make('Illuminate//Cont...', Array)
#12 C:/laragon/www/license-server/vendor/laravel/framework/src/Illuminate/Foundation/helpers.php(850): app('Illuminate//Cont...')
#13 C:/laragon/www/license-server/vendor/laravel/framework/src/Illuminate/Foundation/Exceptions/Handler.php(1004): response()
#14 C:/laragon/www/license-server/vendor/laravel/framework/src/Illuminate/Foundation/Exceptions/Handler.php(737): Illuminate/Foundation/Exceptions/Handler->prepareJsonResponse(Object(Illuminate/Http/Request), Object(Exception))
#15 C:/laragon/www/license-server/vendor/laravel/framework/src/Illuminate/Foundation/Exceptions/Handler.php(626): Illuminate/Foundation/Exceptions/Handler->renderExceptionResponse(Object(Illuminate/Http/Request), Object(Exception))
#16 C:/laragon/www/license-server/vendor/laravel/framework/src/Illuminate/Foundation/Http/Kernel.php(574): Illuminate/Foundation/Exceptions/Handler->render(Object(Illuminate/Http/Request), Object(Exception))
#17 C:/laragon/www/license-server/vendor/laravel/framework/src/Illuminate/Foundation/Http/Kernel.php(148): Illuminate/Foundation/Http/Kernel->renderException(Object(Illuminate/Http/Request), Object(Exception))
#18 C:/laragon/www/license-server/vendor/laravel/framework/src/Illuminate/Foundation/Application.php(1220): Illuminate/Foundation/Http/Kernel->handle(Object(Illuminate/Http/Request))
#19 C:/laragon/www/license-server/public/index.php(20): Illuminate/Foundation/Application->handleRequest(Object(Illuminate/Http/Request))
#20 {main}

[previous exception] [object] (ReflectionException(code: -1): Class \"view\" does not exist at C:/laragon/www/license-server/vendor/laravel/framework/src/Illuminate/Container/Container.php:1122)
[stacktrace]
#0 C:/laragon/www/license-server/vendor/laravel/framework/src/Illuminate/Container/Container.php(1122): ReflectionClass->__construct('view')
#1 C:/laragon/www/license-server/vendor/laravel/framework/src/Illuminate/Container/Container.php(933): Illuminate/Container/Container->build('view')
#2 C:/laragon/www/license-server/vendor/laravel/framework/src/Illuminate/Foundation/Application.php(1078): Illuminate/Container/Container->resolve('view', Array, true)
#3 C:/laragon/www/license-server/vendor/laravel/framework/src/Illuminate/Container/Container.php(864): Illuminate/Foundation/Application->resolve('view', Array)
#4 C:/laragon/www/license-server/vendor/laravel/framework/src/Illuminate/Foundation/Application.php(1058): Illuminate/Container/Container->make('view', Array)
#5 C:/laragon/www/license-server/vendor/laravel/framework/src/Illuminate/Container/Container.php(1805): Illuminate/Foundation/Application->make('view')
#6 C:/laragon/www/license-server/vendor/laravel/framework/src/Illuminate/Routing/RoutingServiceProvider.php(177): Illuminate/Container/Container->offsetGet('Illuminate//Cont...')
#7 C:/laragon/www/license-server/vendor/laravel/framework/src/Illuminate/Container/Container.php(1115): Illuminate/Routing/RoutingServiceProvider->Illuminate/Routing/{closure}(Object(Illuminate/Foundation/Application), Array)
#8 C:/laragon/www/license-server/vendor/laravel/framework/src/Illuminate/Container/Container.php(933): Illuminate/Container/Container->build(Object(Closure))
#9 C:/laragon/www/license-server/vendor/laravel/framework/src/Illuminate/Foundation/Application.php(1078): Illuminate/Container/Container->resolve('Illuminate//Cont...', Array, true)
#10 C:/laragon/www/license-server/vendor/laravel/framework/src/Illuminate/Container/Container.php(864): Illuminate/Foundation/Application->resolve('Illuminate//Cont...', Array)
#11 C:/laragon/www/license-server/vendor/laravel/framework/src/Illuminate/Foundation/Application.php(1058): Illuminate/Container/Container->make('Illuminate//Cont...', Array)
#12 C:/laragon/www/license-server/vendor/laravel/framework/src/Illuminate/Foundation/helpers.php(138): Illuminate/Foundation/Application->make('Illuminate//Cont...', Array)
#13 C:/laragon/www/license-server/vendor/laravel/framework/src/Illuminate/Foundation/helpers.php(850): app('Illuminate//Cont...')
#14 C:/laragon/www/license-server/vendor/laravel/framework/src/Illuminate/Foundation/Exceptions/Handler.php(1004): response()
#15 C:/laragon/www/license-server/vendor/laravel/framework/src/Illuminate/Foundation/Exceptions/Handler.php(737): Illuminate/Foundation/Exceptions/Handler->prepareJsonResponse(Object(Illuminate/Http/Request), Object(Exception))
#16 C:/laragon/www/license-server/vendor/laravel/framework/src/Illuminate/Foundation/Exceptions/Handler.php(626): Illuminate/Foundation/Exceptions/Handler->renderExceptionResponse(Object(Illuminate/Http/Request), Object(Exception))
#17 C:/laragon/www/license-server/vendor/laravel/framework/src/Illuminate/Foundation/Http/Kernel.php(574): Illuminate/Foundation/Exceptions/Handler->render(Object(Illuminate/Http/Request), Object(Exception))
#18 C:/laragon/www/license-server/vendor/laravel/framework/src/Illuminate/Foundation/Http/Kernel.php(148): Illuminate/Foundation/Http/Kernel->renderException(Object(Illuminate/Http/Request), Object(Exception))
#19 C:/laragon/www/license-server/vendor/laravel/framework/src/Illuminate/Foundation/Application.php(1220): Illuminate/Foundation/Http/Kernel->handle(Object(Illuminate/Http/Request))
#20 C:/laragon/www/license-server/public/index.php(20): Illuminate/Foundation/Application->handleRequest(Object(Illuminate/Http/Request))
#21 {main}
"} 
[2026-08-01 03:31:51] local.ERROR: Uncaught ReflectionException: Class "view" does not exist in C:\laragon\www\license-server\vendor\laravel\framework\src\Illuminate\Container\Container.php:1122
Stack trace:
#0 C:\laragon\www\license-server\vendor\laravel\framework\src\Illuminate\Container\Container.php(1122): ReflectionClass->__construct('view')
#1 C:\laragon\www\license-server\vendor\laravel\framework\src\Illuminate\Container\Container.php(933): Illuminate\Container\Container->build('view')
#2 C:\laragon\www\license-server\vendor\laravel\framework\src\Illuminate\Foundation\Application.php(1078): Illuminate\Container\Container->resolve('view', Array, true)
#3 C:\laragon\www\license-server\vendor\laravel\framework\src\Illuminate\Container\Container.php(864): Illuminate\Foundation\Application->resolve('view', Array)
#4 C:\laragon\www\license-server\vendor\laravel\framework\src\Illuminate\Foundation\Application.php(1058): Illuminate\Container\Container->make('view', Array)
#5 C:\laragon\www\license-server\vendor\laravel\framework\src\Illuminate\Container\Container.php(1805): Illuminate\Foundation\Application->make('view')
#6 C:\laragon\www\license-server\vendor\laravel\framework\src\Illuminate\Routing\RoutingServiceProvider.php(177): Illuminate\Container\Container->offsetGet('Illuminate\\Cont...')
#7 C:\laragon\www\license-server\vendor\laravel\framework\src\Illuminate\Container\Container.php(1115): Illuminate\Routing\RoutingServiceProvider->Illuminate\Routing\{closure}(Object(Illuminate\Foundation\Application), Array)
#8 C:\laragon\www\license-server\vendor\laravel\framework\src\Illuminate\Container\Container.php(933): Illuminate\Container\Container->build(Object(Closure))
#9 C:\laragon\www\license-server\vendor\laravel\framework\src\Illuminate\Foundation\Application.php(1078): Illuminate\Container\Container->resolve('Illuminate\\Cont...', Array, true)
#10 C:\laragon\www\license-server\vendor\laravel\framework\src\Illuminate\Container\Container.php(864): Illuminate\Foundation\Application->resolve('Illuminate\\Cont...', Array)
#11 C:\laragon\www\license-server\vendor\laravel\framework\src\Illuminate\Foundation\Application.php(1058): Illuminate\Container\Container->make('Illuminate\\Cont...', Array)
#12 C:\laragon\www\license-server\vendor\laravel\framework\src\Illuminate\Foundation\helpers.php(138): Illuminate\Foundation\Application->make('Illuminate\\Cont...', Array)
#13 C:\laragon\www\license-server\vendor\laravel\framework\src\Illuminate\Foundation\helpers.php(850): app('Illuminate\\Cont...')
#14 C:\laragon\www\license-server\vendor\laravel\framework\src\Illuminate\Foundation\Exceptions\Handler.php(1004): response()
#15 C:\laragon\www\license-server\vendor\laravel\framework\src\Illuminate\Foundation\Exceptions\Handler.php(737): Illuminate\Foundation\Exceptions\Handler->prepareJsonResponse(Object(Illuminate\Http\Request), Object(Illuminate\Contracts\Container\BindingResolutionException))
#16 C:\laragon\www\license-server\vendor\laravel\framework\src\Illuminate\Foundation\Exceptions\Handler.php(626): Illuminate\Foundation\Exceptions\Handler->renderExceptionResponse(Object(Illuminate\Http\Request), Object(Illuminate\Contracts\Container\BindingResolutionException))
#17 C:\laragon\www\license-server\vendor\laravel\framework\src\Illuminate\Foundation\Bootstrap\HandleExceptions.php(225): Illuminate\Foundation\Exceptions\Handler->render(Object(Illuminate\Http\Request), Object(Illuminate\Contracts\Container\BindingResolutionException))
#18 C:\laragon\www\license-server\vendor\laravel\framework\src\Illuminate\Foundation\Bootstrap\HandleExceptions.php(202): Illuminate\Foundation\Bootstrap\HandleExceptions->renderHttpResponse(Object(Illuminate\Contracts\Container\BindingResolutionException))
#19 C:\laragon\www\license-server\vendor\laravel\framework\src\Illuminate\Foundation\Bootstrap\HandleExceptions.php(262): Illuminate\Foundation\Bootstrap\HandleExceptions->handleException(Object(Illuminate\Contracts\Container\BindingResolutionException))
#20 [internal function]: Illuminate\Foundation\Bootstrap\HandleExceptions->Illuminate\Foundation\Bootstrap\{closure}(Object(Illuminate\Contracts\Container\BindingResolutionException))
#21 {main}

Next Illuminate\Contracts\Container\BindingResolutionException: Target class [view] does not exist. in C:\laragon\www\license-server\vendor\laravel\framework\src\Illuminate\Container\Container.php:1124
Stack trace:
#0 C:\laragon\www\license-server\vendor\laravel\framework\src\Illuminate\Container\Container.php(933): Illuminate\Container\Container->build('view')
#1 C:\laragon\www\license-server\vendor\laravel\framework\src\Illuminate\Foundation\Application.php(1078): Illuminate\Container\Container->resolve('view', Array, true)
#2 C:\laragon\www\license-server\vendor\laravel\framework\src\Illuminate\Container\Container.php(864): Illuminate\Foundation\Application->resolve('view', Array)
#3 C:\laragon\www\license-server\vendor\laravel\framework\src\Illuminate\Foundation\Application.php(1058): Illuminate\Container\Container->make('view', Array)
#4 C:\laragon\www\license-server\vendor\laravel\framework\src\Illuminate\Container\Container.php(1805): Illuminate\Foundation\Application->make('view')
#5 C:\laragon\www\license-server\vendor\laravel\framework\src\Illuminate\Routing\RoutingServiceProvider.php(177): Illuminate\Container\Container->offsetGet('Illuminate\\Cont...')
#6 C:\laragon\www\license-server\vendor\laravel\framework\src\Illuminate\Container\Container.php(1115): Illuminate\Routing\RoutingServiceProvider->Illuminate\Routing\{closure}(Object(Illuminate\Foundation\Application), Array)
#7 C:\laragon\www\license-server\vendor\laravel\framework\src\Illuminate\Container\Container.php(933): Illuminate\Container\Container->build(Object(Closure))
#8 C:\laragon\www\license-server\vendor\laravel\framework\src\Illuminate\Foundation\Application.php(1078): Illuminate\Container\Container->resolve('Illuminate\\Cont...', Array, true)
#9 C:\laragon\www\license-server\vendor\laravel\framework\src\Illuminate\Container\Container.php(864): Illuminate\Foundation\Application->resolve('Illuminate\\Cont...', Array)
#10 C:\laragon\www\license-server\vendor\laravel\framework\src\Illuminate\Foundation\Application.php(1058): Illuminate\Container\Container->make('Illuminate\\Cont...', Array)
#11 C:\laragon\www\license-server\vendor\laravel\framework\src\Illuminate\Foundation\helpers.php(138): Illuminate\Foundation\Application->make('Illuminate\\Cont...', Array)
#12 C:\laragon\www\license-server\vendor\laravel\framework\src\Illuminate\Foundation\helpers.php(850): app('Illuminate\\Cont...')
#13 C:\laragon\www\license-server\vendor\laravel\framework\src\Illuminate\Foundation\Exceptions\Handler.php(1004): response()
#14 C:\laragon\www\license-server\vendor\laravel\framework\src\Illuminate\Foundation\Exceptions\Handler.php(737): Illuminate\Foundation\Exceptions\Handler->prepareJsonResponse(Object(Illuminate\Http\Request), Object(Illuminate\Contracts\Container\BindingResolutionException))
#15 C:\laragon\www\license-server\vendor\laravel\framework\src\Illuminate\Foundation\Exceptions\Handler.php(626): Illuminate\Foundation\Exceptions\Handler->renderExceptionResponse(Object(Illuminate\Http\Request), Object(Illuminate\Contracts\Container\BindingResolutionException))
#16 C:\laragon\www\license-server\vendor\laravel\framework\src\Illuminate\Foundation\Bootstrap\HandleExceptions.php(225): Illuminate\Foundation\Exceptions\Handler->render(Object(Illuminate\Http\Request), Object(Illuminate\Contracts\Container\BindingResolutionException))
#17 C:\laragon\www\license-server\vendor\laravel\framework\src\Illuminate\Foundation\Bootstrap\HandleExceptions.php(202): Illuminate\Foundation\Bootstrap\HandleExceptions->renderHttpResponse(Object(Illuminate\Contracts\Container\BindingResolutionException))
#18 C:\laragon\www\license-server\vendor\laravel\framework\src\Illuminate\Foundation\Bootstrap\HandleExceptions.php(262): Illuminate\Foundation\Bootstrap\HandleExceptions->handleException(Object(Illuminate\Contracts\Container\BindingResolutionException))
#19 [internal function]: Illuminate\Foundation\Bootstrap\HandleExceptions->Illuminate\Foundation\Bootstrap\{closure}(Object(Illuminate\Contracts\Container\BindingResolutionException))
#20 {main}
  thrown {"exception":"[object] (Symfony\\Component\\ErrorHandler\\Error\\FatalError(code: 0): Uncaught ReflectionException: Class \"view\" does not exist in C:\\laragon\\www\\license-server\\vendor\\laravel\\framework\\src\\Illuminate\\Container\\Container.php:1122
Stack trace:
#0 C:\\laragon\\www\\license-server\\vendor\\laravel\\framework\\src\\Illuminate\\Container\\Container.php(1122): ReflectionClass->__construct('view')
#1 C:\\laragon\\www\\license-server\\vendor\\laravel\\framework\\src\\Illuminate\\Container\\Container.php(933): Illuminate\\Container\\Container->build('view')
#2 C:\\laragon\\www\\license-server\\vendor\\laravel\\framework\\src\\Illuminate\\Foundation\\Application.php(1078): Illuminate\\Container\\Container->resolve('view', Array, true)
#3 C:\\laragon\\www\\license-server\\vendor\\laravel\\framework\\src\\Illuminate\\Container\\Container.php(864): Illuminate\\Foundation\\Application->resolve('view', Array)
#4 C:\\laragon\\www\\license-server\\vendor\\laravel\\framework\\src\\Illuminate\\Foundation\\Application.php(1058): Illuminate\\Container\\Container->make('view', Array)
#5 C:\\laragon\\www\\license-server\\vendor\\laravel\\framework\\src\\Illuminate\\Container\\Container.php(1805): Illuminate\\Foundation\\Application->make('view')
#6 C:\\laragon\\www\\license-server\\vendor\\laravel\\framework\\src\\Illuminate\\Routing\\RoutingServiceProvider.php(177): Illuminate\\Container\\Container->offsetGet('Illuminate\\\\Cont...')
#7 C:\\laragon\\www\\license-server\\vendor\\laravel\\framework\\src\\Illuminate\\Container\\Container.php(1115): Illuminate\\Routing\\RoutingServiceProvider->Illuminate\\Routing\\{closure}(Object(Illuminate\\Foundation\\Application), Array)
#8 C:\\laragon\\www\\license-server\\vendor\\laravel\\framework\\src\\Illuminate\\Container\\Container.php(933): Illuminate\\Container\\Container->build(Object(Closure))
#9 C:\\laragon\\www\\license-server\\vendor\\laravel\\framework\\src\\Illuminate\\Foundation\\Application.php(1078): Illuminate\\Container\\Container->resolve('Illuminate\\\\Cont...', Array, true)
#10 C:\\laragon\\www\\license-server\\vendor\\laravel\\framework\\src\\Illuminate\\Container\\Container.php(864): Illuminate\\Foundation\\Application->resolve('Illuminate\\\\Cont...', Array)
#11 C:\\laragon\\www\\license-server\\vendor\\laravel\\framework\\src\\Illuminate\\Foundation\\Application.php(1058): Illuminate\\Container\\Container->make('Illuminate\\\\Cont...', Array)
#12 C:\\laragon\\www\\license-server\\vendor\\laravel\\framework\\src\\Illuminate\\Foundation\\helpers.php(138): Illuminate\\Foundation\\Application->make('Illuminate\\\\Cont...', Array)
#13 C:\\laragon\\www\\license-server\\vendor\\laravel\\framework\\src\\Illuminate\\Foundation\\helpers.php(850): app('Illuminate\\\\Cont...')
#14 C:\\laragon\\www\\license-server\\vendor\\laravel\\framework\\src\\Illuminate\\Foundation\\Exceptions\\Handler.php(1004): response()
#15 C:\\laragon\\www\\license-server\\vendor\\laravel\\framework\\src\\Illuminate\\Foundation\\Exceptions\\Handler.php(737): Illuminate\\Foundation\\Exceptions\\Handler->prepareJsonResponse(Object(Illuminate\\Http\\Request), Object(Illuminate\\Contracts\\Container\\BindingResolutionException))
#16 C:\\laragon\\www\\license-server\\vendor\\laravel\\framework\\src\\Illuminate\\Foundation\\Exceptions\\Handler.php(626): Illuminate\\Foundation\\Exceptions\\Handler->renderExceptionResponse(Object(Illuminate\\Http\\Request), Object(Illuminate\\Contracts\\Container\\BindingResolutionException))
#17 C:\\laragon\\www\\license-server\\vendor\\laravel\\framework\\src\\Illuminate\\Foundation\\Bootstrap\\HandleExceptions.php(225): Illuminate\\Foundation\\Exceptions\\Handler->render(Object(Illuminate\\Http\\Request), Object(Illuminate\\Contracts\\Container\\BindingResolutionException))
#18 C:\\laragon\\www\\license-server\\vendor\\laravel\\framework\\src\\Illuminate\\Foundation\\Bootstrap\\HandleExceptions.php(202): Illuminate\\Foundation\\Bootstrap\\HandleExceptions->renderHttpResponse(Object(Illuminate\\Contracts\\Container\\BindingResolutionException))
#19 C:\\laragon\\www\\license-server\\vendor\\laravel\\framework\\src\\Illuminate\\Foundation\\Bootstrap\\HandleExceptions.php(262): Illuminate\\Foundation\\Bootstrap\\HandleExceptions->handleException(Object(Illuminate\\Contracts\\Container\\BindingResolutionException))
#20 [internal function]: Illuminate\\Foundation\\Bootstrap\\HandleExceptions->Illuminate\\Foundation\\Bootstrap\\{closure}(Object(Illuminate\\Contracts\\Container\\BindingResolutionException))
#21 {main}

Next Illuminate\\Contracts\\Container\\BindingResolutionException: Target class [view] does not exist. in C:\\laragon\\www\\license-server\\vendor\\laravel\\framework\\src\\Illuminate\\Container\\Container.php:1124
Stack trace:
#0 C:\\laragon\\www\\license-server\\vendor\\laravel\\framework\\src\\Illuminate\\Container\\Container.php(933): Illuminate\\Container\\Container->build('view')
#1 C:\\laragon\\www\\license-server\\vendor\\laravel\\framework\\src\\Illuminate\\Foundation\\Application.php(1078): Illuminate\\Container\\Container->resolve('view', Array, true)
#2 C:\\laragon\\www\\license-server\\vendor\\laravel\\framework\\src\\Illuminate\\Container\\Container.php(864): Illuminate\\Foundation\\Application->resolve('view', Array)
#3 C:\\laragon\\www\\license-server\\vendor\\laravel\\framework\\src\\Illuminate\\Foundation\\Application.php(1058): Illuminate\\Container\\Container->make('view', Array)
#4 C:\\laragon\\www\\license-server\\vendor\\laravel\\framework\\src\\Illuminate\\Container\\Container.php(1805): Illuminate\\Foundation\\Application->make('view')
#5 C:\\laragon\\www\\license-server\\vendor\\laravel\\framework\\src\\Illuminate\\Routing\\RoutingServiceProvider.php(177): Illuminate\\Container\\Container->offsetGet('Illuminate\\\\Cont...')
#6 C:\\laragon\\www\\license-server\\vendor\\laravel\\framework\\src\\Illuminate\\Container\\Container.php(1115): Illuminate\\Routing\\RoutingServiceProvider->Illuminate\\Routing\\{closure}(Object(Illuminate\\Foundation\\Application), Array)
#7 C:\\laragon\\www\\license-server\\vendor\\laravel\\framework\\src\\Illuminate\\Container\\Container.php(933): Illuminate\\Container\\Container->build(Object(Closure))
#8 C:\\laragon\\www\\license-server\\vendor\\laravel\\framework\\src\\Illuminate\\Foundation\\Application.php(1078): Illuminate\\Container\\Container->resolve('Illuminate\\\\Cont...', Array, true)
#9 C:\\laragon\\www\\license-server\\vendor\\laravel\\framework\\src\\Illuminate\\Container\\Container.php(864): Illuminate\\Foundation\\Application->resolve('Illuminate\\\\Cont...', Array)
#10 C:\\laragon\\www\\license-server\\vendor\\laravel\\framework\\src\\Illuminate\\Foundation\\Application.php(1058): Illuminate\\Container\\Container->make('Illuminate\\\\Cont...', Array)
#11 C:\\laragon\\www\\license-server\\vendor\\laravel\\framework\\src\\Illuminate\\Foundation\\helpers.php(138): Illuminate\\Foundation\\Application->make('Illuminate\\\\Cont...', Array)
#12 C:\\laragon\\www\\license-server\\vendor\\laravel\\framework\\src\\Illuminate\\Foundation\\helpers.php(850): app('Illuminate\\\\Cont...')
#13 C:\\laragon\\www\\license-server\\vendor\\laravel\\framework\\src\\Illuminate\\Foundation\\Exceptions\\Handler.php(1004): response()
#14 C:\\laragon\\www\\license-server\\vendor\\laravel\\framework\\src\\Illuminate\\Foundation\\Exceptions\\Handler.php(737): Illuminate\\Foundation\\Exceptions\\Handler->prepareJsonResponse(Object(Illuminate\\Http\\Request), Object(Illuminate\\Contracts\\Container\\BindingResolutionException))
#15 C:\\laragon\\www\\license-server\\vendor\\laravel\\framework\\src\\Illuminate\\Foundation\\Exceptions\\Handler.php(626): Illuminate\\Foundation\\Exceptions\\Handler->renderExceptionResponse(Object(Illuminate\\Http\\Request), Object(Illuminate\\Contracts\\Container\\BindingResolutionException))
#16 C:\\laragon\\www\\license-server\\vendor\\laravel\\framework\\src\\Illuminate\\Foundation\\Bootstrap\\HandleExceptions.php(225): Illuminate\\Foundation\\Exceptions\\Handler->render(Object(Illuminate\\Http\\Request), Object(Illuminate\\Contracts\\Container\\BindingResolutionException))
#17 C:\\laragon\\www\\license-server\\vendor\\laravel\\framework\\src\\Illuminate\\Foundation\\Bootstrap\\HandleExceptions.php(202): Illuminate\\Foundation\\Bootstrap\\HandleExceptions->renderHttpResponse(Object(Illuminate\\Contracts\\Container\\BindingResolutionException))
#18 C:\\laragon\\www\\license-server\\vendor\\laravel\\framework\\src\\Illuminate\\Foundation\\Bootstrap\\HandleExceptions.php(262): Illuminate\\Foundation\\Bootstrap\\HandleExceptions->handleException(Object(Illuminate\\Contracts\\Container\\BindingResolutionException))
#19 [internal function]: Illuminate\\Foundation\\Bootstrap\\HandleExceptions->Illuminate\\Foundation\\Bootstrap\\{closure}(Object(Illuminate\\Contracts\\Container\\BindingResolutionException))
#20 {main}
  thrown at C:/laragon/www/license-server/vendor/laravel/framework/src/Illuminate/Container/Container.php:1124)
[stacktrace]
#0 {main}
"} 
[2026-08-01 03:32:21] local.ERROR: The C:\laragon\www\license-server\bootstrap\cache directory must be present and writable. {"exception":"[object] (Exception(code: 0): The C:\\laragon\\www\\license-server\\bootstrap\\cache directory must be present and writable. at C:/laragon/www/license-server/vendor/laravel/framework/src/Illuminate/Foundation/PackageManifest.php:179)
[stacktrace]
#0 C:/laragon/www/license-server/vendor/laravel/framework/src/Illuminate/Foundation/PackageManifest.php(132): Illuminate/Foundation/PackageManifest->write(Array)
#1 C:/laragon/www/license-server/vendor/laravel/framework/src/Illuminate/Foundation/PackageManifest.php(108): Illuminate/Foundation/PackageManifest->build()
#2 C:/laragon/www/license-server/vendor/laravel/framework/src/Illuminate/Foundation/PackageManifest.php(90): Illuminate/Foundation/PackageManifest->getManifest()
#3 C:/laragon/www/license-server/vendor/laravel/framework/src/Illuminate/Foundation/PackageManifest.php(79): Illuminate/Foundation/PackageManifest->config('aliases')
#4 C:/laragon/www/license-server/vendor/laravel/framework/src/Illuminate/Foundation/Bootstrap/RegisterFacades.php(26): Illuminate/Foundation/PackageManifest->aliases()
#5 C:/laragon/www/license-server/vendor/laravel/framework/src/Illuminate/Foundation/Application.php(342): Illuminate/Foundation/Bootstrap/RegisterFacades->bootstrap(Object(Illuminate/Foundation/Application))
#6 C:/laragon/www/license-server/vendor/laravel/framework/src/Illuminate/Foundation/Http/Kernel.php(186): Illuminate/Foundation/Application->bootstrapWith(Array)
#7 C:/laragon/www/license-server/vendor/laravel/framework/src/Illuminate/Foundation/Http/Kernel.php(170): Illuminate/Foundation/Http/Kernel->bootstrap()
#8 C:/laragon/www/license-server/vendor/laravel/framework/src/Illuminate/Foundation/Http/Kernel.php(144): Illuminate/Foundation/Http/Kernel->sendRequestThroughRouter(Object(Illuminate/Http/Request))
#9 C:/laragon/www/license-server/vendor/laravel/framework/src/Illuminate/Foundation/Application.php(1220): Illuminate/Foundation/Http/Kernel->handle(Object(Illuminate/Http/Request))
#10 C:/laragon/www/license-server/public/index.php(20): Illuminate/Foundation/Application->handleRequest(Object(Illuminate/Http/Request))
#11 {main}
"} 
[2026-08-01 03:32:21] local.ERROR: Target class [view] does not exist. {"exception":"[object] (Illuminate\\Contracts\\Container\\BindingResolutionException(code: 0): Target class [view] does not exist. at C:/laragon/www/license-server/vendor/laravel/framework/src/Illuminate/Container/Container.php:1124)
[stacktrace]
#0 C:/laragon/www/license-server/vendor/laravel/framework/src/Illuminate/Container/Container.php(933): Illuminate/Container/Container->build('view')
#1 C:/laragon/www/license-server/vendor/laravel/framework/src/Illuminate/Foundation/Application.php(1078): Illuminate/Container/Container->resolve('view', Array, true)
#2 C:/laragon/www/license-server/vendor/laravel/framework/src/Illuminate/Container/Container.php(864): Illuminate/Foundation/Application->resolve('view', Array)
#3 C:/laragon/www/license-server/vendor/laravel/framework/src/Illuminate/Foundation/Application.php(1058): Illuminate/Container/Container->make('view', Array)
#4 C:/laragon/www/license-server/vendor/laravel/framework/src/Illuminate/Container/Container.php(1805): Illuminate/Foundation/Application->make('view')
#5 C:/laragon/www/license-server/vendor/laravel/framework/src/Illuminate/Routing/RoutingServiceProvider.php(177): Illuminate/Container/Container->offsetGet('Illuminate//Cont...')
#6 C:/laragon/www/license-server/vendor/laravel/framework/src/Illuminate/Container/Container.php(1115): Illuminate/Routing/RoutingServiceProvider->Illuminate/Routing/{closure}(Object(Illuminate/Foundation/Application), Array)
#7 C:/laragon/www/license-server/vendor/laravel/framework/src/Illuminate/Container/Container.php(933): Illuminate/Container/Container->build(Object(Closure))
#8 C:/laragon/www/license-server/vendor/laravel/framework/src/Illuminate/Foundation/Application.php(1078): Illuminate/Container/Container->resolve('Illuminate//Cont...', Array, true)
#9 C:/laragon/www/license-server/vendor/laravel/framework/src/Illuminate/Container/Container.php(864): Illuminate/Foundation/Application->resolve('Illuminate//Cont...', Array)
#10 C:/laragon/www/license-server/vendor/laravel/framework/src/Illuminate/Foundation/Application.php(1058): Illuminate/Container/Container->make('Illuminate//Cont...', Array)
#11 C:/laragon/www/license-server/vendor/laravel/framework/src/Illuminate/Foundation/helpers.php(138): Illuminate/Foundation/Application->make('Illuminate//Cont...', Array)
#12 C:/laragon/www/license-server/vendor/laravel/framework/src/Illuminate/Foundation/helpers.php(850): app('Illuminate//Cont...')
#13 C:/laragon/www/license-server/vendor/laravel/framework/src/Illuminate/Foundation/Exceptions/Handler.php(1004): response()
#14 C:/laragon/www/license-server/vendor/laravel/framework/src/Illuminate/Foundation/Exceptions/Handler.php(737): Illuminate/Foundation/Exceptions/Handler->prepareJsonResponse(Object(Illuminate/Http/Request), Object(Exception))
#15 C:/laragon/www/license-server/vendor/laravel/framework/src/Illuminate/Foundation/Exceptions/Handler.php(626): Illuminate/Foundation/Exceptions/Handler->renderExceptionResponse(Object(Illuminate/Http/Request), Object(Exception))
#16 C:/laragon/www/license-server/vendor/laravel/framework/src/Illuminate/Foundation/Http/Kernel.php(574): Illuminate/Foundation/Exceptions/Handler->render(Object(Illuminate/Http/Request), Object(Exception))
#17 C:/laragon/www/license-server/vendor/laravel/framework/src/Illuminate/Foundation/Http/Kernel.php(148): Illuminate/Foundation/Http/Kernel->renderException(Object(Illuminate/Http/Request), Object(Exception))
#18 C:/laragon/www/license-server/vendor/laravel/framework/src/Illuminate/Foundation/Application.php(1220): Illuminate/Foundation/Http/Kernel->handle(Object(Illuminate/Http/Request))
#19 C:/laragon/www/license-server/public/index.php(20): Illuminate/Foundation/Application->handleRequest(Object(Illuminate/Http/Request))
#20 {main}

[previous exception] [object] (ReflectionException(code: -1): Class \"view\" does not exist at C:/laragon/www/license-server/vendor/laravel/framework/src/Illuminate/Container/Container.php:1122)
[stacktrace]
#0 C:/laragon/www/license-server/vendor/laravel/framework/src/Illuminate/Container/Container.php(1122): ReflectionClass->__construct('view')
#1 C:/laragon/www/license-server/vendor/laravel/framework/src/Illuminate/Container/Container.php(933): Illuminate/Container/Container->build('view')
#2 C:/laragon/www/license-server/vendor/laravel/framework/src/Illuminate/Foundation/Application.php(1078): Illuminate/Container/Container->resolve('view', Array, true)
#3 C:/laragon/www/license-server/vendor/laravel/framework/src/Illuminate/Container/Container.php(864): Illuminate/Foundation/Application->resolve('view', Array)
#4 C:/laragon/www/license-server/vendor/laravel/framework/src/Illuminate/Foundation/Application.php(1058): Illuminate/Container/Container->make('view', Array)
#5 C:/laragon/www/license-server/vendor/laravel/framework/src/Illuminate/Container/Container.php(1805): Illuminate/Foundation/Application->make('view')
#6 C:/laragon/www/license-server/vendor/laravel/framework/src/Illuminate/Routing/RoutingServiceProvider.php(177): Illuminate/Container/Container->offsetGet('Illuminate//Cont...')
#7 C:/laragon/www/license-server/vendor/laravel/framework/src/Illuminate/Container/Container.php(1115): Illuminate/Routing/RoutingServiceProvider->Illuminate/Routing/{closure}(Object(Illuminate/Foundation/Application), Array)
#8 C:/laragon/www/license-server/vendor/laravel/framework/src/Illuminate/Container/Container.php(933): Illuminate/Container/Container->build(Object(Closure))
#9 C:/laragon/www/license-server/vendor/laravel/framework/src/Illuminate/Foundation/Application.php(1078): Illuminate/Container/Container->resolve('Illuminate//Cont...', Array, true)
#10 C:/laragon/www/license-server/vendor/laravel/framework/src/Illuminate/Container/Container.php(864): Illuminate/Foundation/Application->resolve('Illuminate//Cont...', Array)
#11 C:/laragon/www/license-server/vendor/laravel/framework/src/Illuminate/Foundation/Application.php(1058): Illuminate/Container/Container->make('Illuminate//Cont...', Array)
#12 C:/laragon/www/license-server/vendor/laravel/framework/src/Illuminate/Foundation/helpers.php(138): Illuminate/Foundation/Application->make('Illuminate//Cont...', Array)
#13 C:/laragon/www/license-server/vendor/laravel/framework/src/Illuminate/Foundation/helpers.php(850): app('Illuminate//Cont...')
#14 C:/laragon/www/license-server/vendor/laravel/framework/src/Illuminate/Foundation/Exceptions/Handler.php(1004): response()
#15 C:/laragon/www/license-server/vendor/laravel/framework/src/Illuminate/Foundation/Exceptions/Handler.php(737): Illuminate/Foundation/Exceptions/Handler->prepareJsonResponse(Object(Illuminate/Http/Request), Object(Exception))
#16 C:/laragon/www/license-server/vendor/laravel/framework/src/Illuminate/Foundation/Exceptions/Handler.php(626): Illuminate/Foundation/Exceptions/Handler->renderExceptionResponse(Object(Illuminate/Http/Request), Object(Exception))
#17 C:/laragon/www/license-server/vendor/laravel/framework/src/Illuminate/Foundation/Http/Kernel.php(574): Illuminate/Foundation/Exceptions/Handler->render(Object(Illuminate/Http/Request), Object(Exception))
#18 C:/laragon/www/license-server/vendor/laravel/framework/src/Illuminate/Foundation/Http/Kernel.php(148): Illuminate/Foundation/Http/Kernel->renderException(Object(Illuminate/Http/Request), Object(Exception))
#19 C:/laragon/www/license-server/vendor/laravel/framework/src/Illuminate/Foundation/Application.php(1220): Illuminate/Foundation/Http/Kernel->handle(Object(Illuminate/Http/Request))
#20 C:/laragon/www/license-server/public/index.php(20): Illuminate/Foundation/Application->handleRequest(Object(Illuminate/Http/Request))
#21 {main}
"} 
[2026-08-01 03:32:21] local.ERROR: Uncaught ReflectionException: Class "view" does not exist in C:\laragon\www\license-server\vendor\laravel\framework\src\Illuminate\Container\Container.php:1122
Stack trace:
#0 C:\laragon\www\license-server\vendor\laravel\framework\src\Illuminate\Container\Container.php(1122): ReflectionClass->__construct('view')
#1 C:\laragon\www\license-server\vendor\laravel\framework\src\Illuminate\Container\Container.php(933): Illuminate\Container\Container->build('view')
#2 C:\laragon\www\license-server\vendor\laravel\framework\src\Illuminate\Foundation\Application.php(1078): Illuminate\Container\Container->resolve('view', Array, true)
#3 C:\laragon\www\license-server\vendor\laravel\framework\src\Illuminate\Container\Container.php(864): Illuminate\Foundation\Application->resolve('view', Array)
#4 C:\laragon\www\license-server\vendor\laravel\framework\src\Illuminate\Foundation\Application.php(1058): Illuminate\Container\Container->make('view', Array)
#5 C:\laragon\www\license-server\vendor\laravel\framework\src\Illuminate\Container\Container.php(1805): Illuminate\Foundation\Application->make('view')
#6 C:\laragon\www\license-server\vendor\laravel\framework\src\Illuminate\Routing\RoutingServiceProvider.php(177): Illuminate\Container\Container->offsetGet('Illuminate\\Cont...')
#7 C:\laragon\www\license-server\vendor\laravel\framework\src\Illuminate\Container\Container.php(1115): Illuminate\Routing\RoutingServiceProvider->Illuminate\Routing\{closure}(Object(Illuminate\Foundation\Application), Array)
#8 C:\laragon\www\license-server\vendor\laravel\framework\src\Illuminate\Container\Container.php(933): Illuminate\Container\Container->build(Object(Closure))
#9 C:\laragon\www\license-server\vendor\laravel\framework\src\Illuminate\Foundation\Application.php(1078): Illuminate\Container\Container->resolve('Illuminate\\Cont...', Array, true)
#10 C:\laragon\www\license-server\vendor\laravel\framework\src\Illuminate\Container\Container.php(864): Illuminate\Foundation\Application->resolve('Illuminate\\Cont...', Array)
#11 C:\laragon\www\license-server\vendor\laravel\framework\src\Illuminate\Foundation\Application.php(1058): Illuminate\Container\Container->make('Illuminate\\Cont...', Array)
#12 C:\laragon\www\license-server\vendor\laravel\framework\src\Illuminate\Foundation\helpers.php(138): Illuminate\Foundation\Application->make('Illuminate\\Cont...', Array)
#13 C:\laragon\www\license-server\vendor\laravel\framework\src\Illuminate\Foundation\helpers.php(850): app('Illuminate\\Cont...')
#14 C:\laragon\www\license-server\vendor\laravel\framework\src\Illuminate\Foundation\Exceptions\Handler.php(1004): response()
#15 C:\laragon\www\license-server\vendor\laravel\framework\src\Illuminate\Foundation\Exceptions\Handler.php(737): Illuminate\Foundation\Exceptions\Handler->prepareJsonResponse(Object(Illuminate\Http\Request), Object(Illuminate\Contracts\Container\BindingResolutionException))
#16 C:\laragon\www\license-server\vendor\laravel\framework\src\Illuminate\Foundation\Exceptions\Handler.php(626): Illuminate\Foundation\Exceptions\Handler->renderExceptionResponse(Object(Illuminate\Http\Request), Object(Illuminate\Contracts\Container\BindingResolutionException))
#17 C:\laragon\www\license-server\vendor\laravel\framework\src\Illuminate\Foundation\Bootstrap\HandleExceptions.php(225): Illuminate\Foundation\Exceptions\Handler->render(Object(Illuminate\Http\Request), Object(Illuminate\Contracts\Container\BindingResolutionException))
#18 C:\laragon\www\license-server\vendor\laravel\framework\src\Illuminate\Foundation\Bootstrap\HandleExceptions.php(202): Illuminate\Foundation\Bootstrap\HandleExceptions->renderHttpResponse(Object(Illuminate\Contracts\Container\BindingResolutionException))
#19 C:\laragon\www\license-server\vendor\laravel\framework\src\Illuminate\Foundation\Bootstrap\HandleExceptions.php(262): Illuminate\Foundation\Bootstrap\HandleExceptions->handleException(Object(Illuminate\Contracts\Container\BindingResolutionException))
#20 [internal function]: Illuminate\Foundation\Bootstrap\HandleExceptions->Illuminate\Foundation\Bootstrap\{closure}(Object(Illuminate\Contracts\Container\BindingResolutionException))
#21 {main}

Next Illuminate\Contracts\Container\BindingResolutionException: Target class [view] does not exist. in C:\laragon\www\license-server\vendor\laravel\framework\src\Illuminate\Container\Container.php:1124
Stack trace:
#0 C:\laragon\www\license-server\vendor\laravel\framework\src\Illuminate\Container\Container.php(933): Illuminate\Container\Container->build('view')
#1 C:\laragon\www\license-server\vendor\laravel\framework\src\Illuminate\Foundation\Application.php(1078): Illuminate\Container\Container->resolve('view', Array, true)
#2 C:\laragon\www\license-server\vendor\laravel\framework\src\Illuminate\Container\Container.php(864): Illuminate\Foundation\Application->resolve('view', Array)
#3 C:\laragon\www\license-server\vendor\laravel\framework\src\Illuminate\Foundation\Application.php(1058): Illuminate\Container\Container->make('view', Array)
#4 C:\laragon\www\license-server\vendor\laravel\framework\src\Illuminate\Container\Container.php(1805): Illuminate\Foundation\Application->make('view')
#5 C:\laragon\www\license-server\vendor\laravel\framework\src\Illuminate\Routing\RoutingServiceProvider.php(177): Illuminate\Container\Container->offsetGet('Illuminate\\Cont...')
#6 C:\laragon\www\license-server\vendor\laravel\framework\src\Illuminate\Container\Container.php(1115): Illuminate\Routing\RoutingServiceProvider->Illuminate\Routing\{closure}(Object(Illuminate\Foundation\Application), Array)
#7 C:\laragon\www\license-server\vendor\laravel\framework\src\Illuminate\Container\Container.php(933): Illuminate\Container\Container->build(Object(Closure))
#8 C:\laragon\www\license-server\vendor\laravel\framework\src\Illuminate\Foundation\Application.php(1078): Illuminate\Container\Container->resolve('Illuminate\\Cont...', Array, true)
#9 C:\laragon\www\license-server\vendor\laravel\framework\src\Illuminate\Container\Container.php(864): Illuminate\Foundation\Application->resolve('Illuminate\\Cont...', Array)
#10 C:\laragon\www\license-server\vendor\laravel\framework\src\Illuminate\Foundation\Application.php(1058): Illuminate\Container\Container->make('Illuminate\\Cont...', Array)
#11 C:\laragon\www\license-server\vendor\laravel\framework\src\Illuminate\Foundation\helpers.php(138): Illuminate\Foundation\Application->make('Illuminate\\Cont...', Array)
#12 C:\laragon\www\license-server\vendor\laravel\framework\src\Illuminate\Foundation\helpers.php(850): app('Illuminate\\Cont...')
#13 C:\laragon\www\license-server\vendor\laravel\framework\src\Illuminate\Foundation\Exceptions\Handler.php(1004): response()
#14 C:\laragon\www\license-server\vendor\laravel\framework\src\Illuminate\Foundation\Exceptions\Handler.php(737): Illuminate\Foundation\Exceptions\Handler->prepareJsonResponse(Object(Illuminate\Http\Request), Object(Illuminate\Contracts\Container\BindingResolutionException))
#15 C:\laragon\www\license-server\vendor\laravel\framework\src\Illuminate\Foundation\Exceptions\Handler.php(626): Illuminate\Foundation\Exceptions\Handler->renderExceptionResponse(Object(Illuminate\Http\Request), Object(Illuminate\Contracts\Container\BindingResolutionException))
#16 C:\laragon\www\license-server\vendor\laravel\framework\src\Illuminate\Foundation\Bootstrap\HandleExceptions.php(225): Illuminate\Foundation\Exceptions\Handler->render(Object(Illuminate\Http\Request), Object(Illuminate\Contracts\Container\BindingResolutionException))
#17 C:\laragon\www\license-server\vendor\laravel\framework\src\Illuminate\Foundation\Bootstrap\HandleExceptions.php(202): Illuminate\Foundation\Bootstrap\HandleExceptions->renderHttpResponse(Object(Illuminate\Contracts\Container\BindingResolutionException))
#18 C:\laragon\www\license-server\vendor\laravel\framework\src\Illuminate\Foundation\Bootstrap\HandleExceptions.php(262): Illuminate\Foundation\Bootstrap\HandleExceptions->handleException(Object(Illuminate\Contracts\Container\BindingResolutionException))
#19 [internal function]: Illuminate\Foundation\Bootstrap\HandleExceptions->Illuminate\Foundation\Bootstrap\{closure}(Object(Illuminate\Contracts\Container\BindingResolutionException))
#20 {main}
  thrown {"exception":"[object] (Symfony\\Component\\ErrorHandler\\Error\\FatalError(code: 0): Uncaught ReflectionException: Class \"view\" does not exist in C:\\laragon\\www\\license-server\\vendor\\laravel\\framework\\src\\Illuminate\\Container\\Container.php:1122
Stack trace:
#0 C:\\laragon\\www\\license-server\\vendor\\laravel\\framework\\src\\Illuminate\\Container\\Container.php(1122): ReflectionClass->__construct('view')
#1 C:\\laragon\\www\\license-server\\vendor\\laravel\\framework\\src\\Illuminate\\Container\\Container.php(933): Illuminate\\Container\\Container->build('view')
#2 C:\\laragon\\www\\license-server\\vendor\\laravel\\framework\\src\\Illuminate\\Foundation\\Application.php(1078): Illuminate\\Container\\Container->resolve('view', Array, true)
#3 C:\\laragon\\www\\license-server\\vendor\\laravel\\framework\\src\\Illuminate\\Container\\Container.php(864): Illuminate\\Foundation\\Application->resolve('view', Array)
#4 C:\\laragon\\www\\license-server\\vendor\\laravel\\framework\\src\\Illuminate\\Foundation\\Application.php(1058): Illuminate\\Container\\Container->make('view', Array)
#5 C:\\laragon\\www\\license-server\\vendor\\laravel\\framework\\src\\Illuminate\\Container\\Container.php(1805): Illuminate\\Foundation\\Application->make('view')
#6 C:\\laragon\\www\\license-server\\vendor\\laravel\\framework\\src\\Illuminate\\Routing\\RoutingServiceProvider.php(177): Illuminate\\Container\\Container->offsetGet('Illuminate\\\\Cont...')
#7 C:\\laragon\\www\\license-server\\vendor\\laravel\\framework\\src\\Illuminate\\Container\\Container.php(1115): Illuminate\\Routing\\RoutingServiceProvider->Illuminate\\Routing\\{closure}(Object(Illuminate\\Foundation\\Application), Array)
#8 C:\\laragon\\www\\license-server\\vendor\\laravel\\framework\\src\\Illuminate\\Container\\Container.php(933): Illuminate\\Container\\Container->build(Object(Closure))
#9 C:\\laragon\\www\\license-server\\vendor\\laravel\\framework\\src\\Illuminate\\Foundation\\Application.php(1078): Illuminate\\Container\\Container->resolve('Illuminate\\\\Cont...', Array, true)
#10 C:\\laragon\\www\\license-server\\vendor\\laravel\\framework\\src\\Illuminate\\Container\\Container.php(864): Illuminate\\Foundation\\Application->resolve('Illuminate\\\\Cont...', Array)
#11 C:\\laragon\\www\\license-server\\vendor\\laravel\\framework\\src\\Illuminate\\Foundation\\Application.php(1058): Illuminate\\Container\\Container->make('Illuminate\\\\Cont...', Array)
#12 C:\\laragon\\www\\license-server\\vendor\\laravel\\framework\\src\\Illuminate\\Foundation\\helpers.php(138): Illuminate\\Foundation\\Application->make('Illuminate\\\\Cont...', Array)
#13 C:\\laragon\\www\\license-server\\vendor\\laravel\\framework\\src\\Illuminate\\Foundation\\helpers.php(850): app('Illuminate\\\\Cont...')
#14 C:\\laragon\\www\\license-server\\vendor\\laravel\\framework\\src\\Illuminate\\Foundation\\Exceptions\\Handler.php(1004): response()
#15 C:\\laragon\\www\\license-server\\vendor\\laravel\\framework\\src\\Illuminate\\Foundation\\Exceptions\\Handler.php(737): Illuminate\\Foundation\\Exceptions\\Handler->prepareJsonResponse(Object(Illuminate\\Http\\Request), Object(Illuminate\\Contracts\\Container\\BindingResolutionException))
#16 C:\\laragon\\www\\license-server\\vendor\\laravel\\framework\\src\\Illuminate\\Foundation\\Exceptions\\Handler.php(626): Illuminate\\Foundation\\Exceptions\\Handler->renderExceptionResponse(Object(Illuminate\\Http\\Request), Object(Illuminate\\Contracts\\Container\\BindingResolutionException))
#17 C:\\laragon\\www\\license-server\\vendor\\laravel\\framework\\src\\Illuminate\\Foundation\\Bootstrap\\HandleExceptions.php(225): Illuminate\\Foundation\\Exceptions\\Handler->render(Object(Illuminate\\Http\\Request), Object(Illuminate\\Contracts\\Container\\BindingResolutionException))
#18 C:\\laragon\\www\\license-server\\vendor\\laravel\\framework\\src\\Illuminate\\Foundation\\Bootstrap\\HandleExceptions.php(202): Illuminate\\Foundation\\Bootstrap\\HandleExceptions->renderHttpResponse(Object(Illuminate\\Contracts\\Container\\BindingResolutionException))
#19 C:\\laragon\\www\\license-server\\vendor\\laravel\\framework\\src\\Illuminate\\Foundation\\Bootstrap\\HandleExceptions.php(262): Illuminate\\Foundation\\Bootstrap\\HandleExceptions->handleException(Object(Illuminate\\Contracts\\Container\\BindingResolutionException))
#20 [internal function]: Illuminate\\Foundation\\Bootstrap\\HandleExceptions->Illuminate\\Foundation\\Bootstrap\\{closure}(Object(Illuminate\\Contracts\\Container\\BindingResolutionException))
#21 {main}

Next Illuminate\\Contracts\\Container\\BindingResolutionException: Target class [view] does not exist. in C:\\laragon\\www\\license-server\\vendor\\laravel\\framework\\src\\Illuminate\\Container\\Container.php:1124
Stack trace:
#0 C:\\laragon\\www\\license-server\\vendor\\laravel\\framework\\src\\Illuminate\\Container\\Container.php(933): Illuminate\\Container\\Container->build('view')
#1 C:\\laragon\\www\\license-server\\vendor\\laravel\\framework\\src\\Illuminate\\Foundation\\Application.php(1078): Illuminate\\Container\\Container->resolve('view', Array, true)
#2 C:\\laragon\\www\\license-server\\vendor\\laravel\\framework\\src\\Illuminate\\Container\\Container.php(864): Illuminate\\Foundation\\Application->resolve('view', Array)
#3 C:\\laragon\\www\\license-server\\vendor\\laravel\\framework\\src\\Illuminate\\Foundation\\Application.php(1058): Illuminate\\Container\\Container->make('view', Array)
#4 C:\\laragon\\www\\license-server\\vendor\\laravel\\framework\\src\\Illuminate\\Container\\Container.php(1805): Illuminate\\Foundation\\Application->make('view')
#5 C:\\laragon\\www\\license-server\\vendor\\laravel\\framework\\src\\Illuminate\\Routing\\RoutingServiceProvider.php(177): Illuminate\\Container\\Container->offsetGet('Illuminate\\\\Cont...')
#6 C:\\laragon\\www\\license-server\\vendor\\laravel\\framework\\src\\Illuminate\\Container\\Container.php(1115): Illuminate\\Routing\\RoutingServiceProvider->Illuminate\\Routing\\{closure}(Object(Illuminate\\Foundation\\Application), Array)
#7 C:\\laragon\\www\\license-server\\vendor\\laravel\\framework\\src\\Illuminate\\Container\\Container.php(933): Illuminate\\Container\\Container->build(Object(Closure))
#8 C:\\laragon\\www\\license-server\\vendor\\laravel\\framework\\src\\Illuminate\\Foundation\\Application.php(1078): Illuminate\\Container\\Container->resolve('Illuminate\\\\Cont...', Array, true)
#9 C:\\laragon\\www\\license-server\\vendor\\laravel\\framework\\src\\Illuminate\\Container\\Container.php(864): Illuminate\\Foundation\\Application->resolve('Illuminate\\\\Cont...', Array)
#10 C:\\laragon\\www\\license-server\\vendor\\laravel\\framework\\src\\Illuminate\\Foundation\\Application.php(1058): Illuminate\\Container\\Container->make('Illuminate\\\\Cont...', Array)
#11 C:\\laragon\\www\\license-server\\vendor\\laravel\\framework\\src\\Illuminate\\Foundation\\helpers.php(138): Illuminate\\Foundation\\Application->make('Illuminate\\\\Cont...', Array)
#12 C:\\laragon\\www\\license-server\\vendor\\laravel\\framework\\src\\Illuminate\\Foundation\\helpers.php(850): app('Illuminate\\\\Cont...')
#13 C:\\laragon\\www\\license-server\\vendor\\laravel\\framework\\src\\Illuminate\\Foundation\\Exceptions\\Handler.php(1004): response()
#14 C:\\laragon\\www\\license-server\\vendor\\laravel\\framework\\src\\Illuminate\\Foundation\\Exceptions\\Handler.php(737): Illuminate\\Foundation\\Exceptions\\Handler->prepareJsonResponse(Object(Illuminate\\Http\\Request), Object(Illuminate\\Contracts\\Container\\BindingResolutionException))
#15 C:\\laragon\\www\\license-server\\vendor\\laravel\\framework\\src\\Illuminate\\Foundation\\Exceptions\\Handler.php(626): Illuminate\\Foundation\\Exceptions\\Handler->renderExceptionResponse(Object(Illuminate\\Http\\Request), Object(Illuminate\\Contracts\\Container\\BindingResolutionException))
#16 C:\\laragon\\www\\license-server\\vendor\\laravel\\framework\\src\\Illuminate\\Foundation\\Bootstrap\\HandleExceptions.php(225): Illuminate\\Foundation\\Exceptions\\Handler->render(Object(Illuminate\\Http\\Request), Object(Illuminate\\Contracts\\Container\\BindingResolutionException))
#17 C:\\laragon\\www\\license-server\\vendor\\laravel\\framework\\src\\Illuminate\\Foundation\\Bootstrap\\HandleExceptions.php(202): Illuminate\\Foundation\\Bootstrap\\HandleExceptions->renderHttpResponse(Object(Illuminate\\Contracts\\Container\\BindingResolutionException))
#18 C:\\laragon\\www\\license-server\\vendor\\laravel\\framework\\src\\Illuminate\\Foundation\\Bootstrap\\HandleExceptions.php(262): Illuminate\\Foundation\\Bootstrap\\HandleExceptions->handleException(Object(Illuminate\\Contracts\\Container\\BindingResolutionException))
#19 [internal function]: Illuminate\\Foundation\\Bootstrap\\HandleExceptions->Illuminate\\Foundation\\Bootstrap\\{closure}(Object(Illuminate\\Contracts\\Container\\BindingResolutionException))
#20 {main}
  thrown at C:/laragon/www/license-server/vendor/laravel/framework/src/Illuminate/Container/Container.php:1124)
[stacktrace]
#0 {main}
"} 
[2026-08-01 03:32:52] local.ERROR: The C:\laragon\www\license-server\bootstrap\cache directory must be present and writable. {"exception":"[object] (Exception(code: 0): The C:\\laragon\\www\\license-server\\bootstrap\\cache directory must be present and writable. at C:/laragon/www/license-server/vendor/laravel/framework/src/Illuminate/Foundation/PackageManifest.php:179)
[stacktrace]
#0 C:/laragon/www/license-server/vendor/laravel/framework/src/Illuminate/Foundation/PackageManifest.php(132): Illuminate/Foundation/PackageManifest->write(Array)
#1 C:/laragon/www/license-server/vendor/laravel/framework/src/Illuminate/Foundation/PackageManifest.php(108): Illuminate/Foundation/PackageManifest->build()
#2 C:/laragon/www/license-server/vendor/laravel/framework/src/Illuminate/Foundation/PackageManifest.php(90): Illuminate/Foundation/PackageManifest->getManifest()
#3 C:/laragon/www/license-server/vendor/laravel/framework/src/Illuminate/Foundation/PackageManifest.php(79): Illuminate/Foundation/PackageManifest->config('aliases')
#4 C:/laragon/www/license-server/vendor/laravel/framework/src/Illuminate/Foundation/Bootstrap/RegisterFacades.php(26): Illuminate/Foundation/PackageManifest->aliases()
#5 C:/laragon/www/license-server/vendor/laravel/framework/src/Illuminate/Foundation/Application.php(342): Illuminate/Foundation/Bootstrap/RegisterFacades->bootstrap(Object(Illuminate/Foundation/Application))
#6 C:/laragon/www/license-server/vendor/laravel/framework/src/Illuminate/Foundation/Http/Kernel.php(186): Illuminate/Foundation/Application->bootstrapWith(Array)
#7 C:/laragon/www/license-server/vendor/laravel/framework/src/Illuminate/Foundation/Http/Kernel.php(170): Illuminate/Foundation/Http/Kernel->bootstrap()
#8 C:/laragon/www/license-server/vendor/laravel/framework/src/Illuminate/Foundation/Http/Kernel.php(144): Illuminate/Foundation/Http/Kernel->sendRequestThroughRouter(Object(Illuminate/Http/Request))
#9 C:/laragon/www/license-server/vendor/laravel/framework/src/Illuminate/Foundation/Application.php(1220): Illuminate/Foundation/Http/Kernel->handle(Object(Illuminate/Http/Request))
#10 C:/laragon/www/license-server/public/index.php(20): Illuminate/Foundation/Application->handleRequest(Object(Illuminate/Http/Request))
#11 {main}
"} 
[2026-08-01 03:32:52] local.ERROR: Target class [view] does not exist. {"exception":"[object] (Illuminate\\Contracts\\Container\\BindingResolutionException(code: 0): Target class [view] does not exist. at C:/laragon/www/license-server/vendor/laravel/framework/src/Illuminate/Container/Container.php:1124)
[stacktrace]
#0 C:/laragon/www/license-server/vendor/laravel/framework/src/Illuminate/Container/Container.php(933): Illuminate/Container/Container->build('view')
#1 C:/laragon/www/license-server/vendor/laravel/framework/src/Illuminate/Foundation/Application.php(1078): Illuminate/Container/Container->resolve('view', Array, true)
#2 C:/laragon/www/license-server/vendor/laravel/framework/src/Illuminate/Container/Container.php(864): Illuminate/Foundation/Application->resolve('view', Array)
#3 C:/laragon/www/license-server/vendor/laravel/framework/src/Illuminate/Foundation/Application.php(1058): Illuminate/Container/Container->make('view', Array)
#4 C:/laragon/www/license-server/vendor/laravel/framework/src/Illuminate/Container/Container.php(1805): Illuminate/Foundation/Application->make('view')
#5 C:/laragon/www/license-server/vendor/laravel/framework/src/Illuminate/Routing/RoutingServiceProvider.php(177): Illuminate/Container/Container->offsetGet('Illuminate//Cont...')
#6 C:/laragon/www/license-server/vendor/laravel/framework/src/Illuminate/Container/Container.php(1115): Illuminate/Routing/RoutingServiceProvider->Illuminate/Routing/{closure}(Object(Illuminate/Foundation/Application), Array)
#7 C:/laragon/www/license-server/vendor/laravel/framework/src/Illuminate/Container/Container.php(933): Illuminate/Container/Container->build(Object(Closure))
#8 C:/laragon/www/license-server/vendor/laravel/framework/src/Illuminate/Foundation/Application.php(1078): Illuminate/Container/Container->resolve('Illuminate//Cont...', Array, true)
#9 C:/laragon/www/license-server/vendor/laravel/framework/src/Illuminate/Container/Container.php(864): Illuminate/Foundation/Application->resolve('Illuminate//Cont...', Array)
#10 C:/laragon/www/license-server/vendor/laravel/framework/src/Illuminate/Foundation/Application.php(1058): Illuminate/Container/Container->make('Illuminate//Cont...', Array)
#11 C:/laragon/www/license-server/vendor/laravel/framework/src/Illuminate/Foundation/helpers.php(138): Illuminate/Foundation/Application->make('Illuminate//Cont...', Array)
#12 C:/laragon/www/license-server/vendor/laravel/framework/src/Illuminate/Foundation/helpers.php(850): app('Illuminate//Cont...')
#13 C:/laragon/www/license-server/vendor/laravel/framework/src/Illuminate/Foundation/Exceptions/Handler.php(1004): response()
#14 C:/laragon/www/license-server/vendor/laravel/framework/src/Illuminate/Foundation/Exceptions/Handler.php(737): Illuminate/Foundation/Exceptions/Handler->prepareJsonResponse(Object(Illuminate/Http/Request), Object(Exception))
#15 C:/laragon/www/license-server/vendor/laravel/framework/src/Illuminate/Foundation/Exceptions/Handler.php(626): Illuminate/Foundation/Exceptions/Handler->renderExceptionResponse(Object(Illuminate/Http/Request), Object(Exception))
#16 C:/laragon/www/license-server/vendor/laravel/framework/src/Illuminate/Foundation/Http/Kernel.php(574): Illuminate/Foundation/Exceptions/Handler->render(Object(Illuminate/Http/Request), Object(Exception))
#17 C:/laragon/www/license-server/vendor/laravel/framework/src/Illuminate/Foundation/Http/Kernel.php(148): Illuminate/Foundation/Http/Kernel->renderException(Object(Illuminate/Http/Request), Object(Exception))
#18 C:/laragon/www/license-server/vendor/laravel/framework/src/Illuminate/Foundation/Application.php(1220): Illuminate/Foundation/Http/Kernel->handle(Object(Illuminate/Http/Request))
#19 C:/laragon/www/license-server/public/index.php(20): Illuminate/Foundation/Application->handleRequest(Object(Illuminate/Http/Request))
#20 {main}

[previous exception] [object] (ReflectionException(code: -1): Class \"view\" does not exist at C:/laragon/www/license-server/vendor/laravel/framework/src/Illuminate/Container/Container.php:1122)
[stacktrace]
#0 C:/laragon/www/license-server/vendor/laravel/framework/src/Illuminate/Container/Container.php(1122): ReflectionClass->__construct('view')
#1 C:/laragon/www/license-server/vendor/laravel/framework/src/Illuminate/Container/Container.php(933): Illuminate/Container/Container->build('view')
#2 C:/laragon/www/license-server/vendor/laravel/framework/src/Illuminate/Foundation/Application.php(1078): Illuminate/Container/Container->resolve('view', Array, true)
#3 C:/laragon/www/license-server/vendor/laravel/framework/src/Illuminate/Container/Container.php(864): Illuminate/Foundation/Application->resolve('view', Array)
#4 C:/laragon/www/license-server/vendor/laravel/framework/src/Illuminate/Foundation/Application.php(1058): Illuminate/Container/Container->make('view', Array)
#5 C:/laragon/www/license-server/vendor/laravel/framework/src/Illuminate/Container/Container.php(1805): Illuminate/Foundation/Application->make('view')
#6 C:/laragon/www/license-server/vendor/laravel/framework/src/Illuminate/Routing/RoutingServiceProvider.php(177): Illuminate/Container/Container->offsetGet('Illuminate//Cont...')
#7 C:/laragon/www/license-server/vendor/laravel/framework/src/Illuminate/Container/Container.php(1115): Illuminate/Routing/RoutingServiceProvider->Illuminate/Routing/{closure}(Object(Illuminate/Foundation/Application), Array)
#8 C:/laragon/www/license-server/vendor/laravel/framework/src/Illuminate/Container/Container.php(933): Illuminate/Container/Container->build(Object(Closure))
#9 C:/laragon/www/license-server/vendor/laravel/framework/src/Illuminate/Foundation/Application.php(1078): Illuminate/Container/Container->resolve('Illuminate//Cont...', Array, true)
#10 C:/laragon/www/license-server/vendor/laravel/framework/src/Illuminate/Container/Container.php(864): Illuminate/Foundation/Application->resolve('Illuminate//Cont...', Array)
#11 C:/laragon/www/license-server/vendor/laravel/framework/src/Illuminate/Foundation/Application.php(1058): Illuminate/Container/Container->make('Illuminate//Cont...', Array)
#12 C:/laragon/www/license-server/vendor/laravel/framework/src/Illuminate/Foundation/helpers.php(138): Illuminate/Foundation/Application->make('Illuminate//Cont...', Array)
#13 C:/laragon/www/license-server/vendor/laravel/framework/src/Illuminate/Foundation/helpers.php(850): app('Illuminate//Cont...')
#14 C:/laragon/www/license-server/vendor/laravel/framework/src/Illuminate/Foundation/Exceptions/Handler.php(1004): response()
#15 C:/laragon/www/license-server/vendor/laravel/framework/src/Illuminate/Foundation/Exceptions/Handler.php(737): Illuminate/Foundation/Exceptions/Handler->prepareJsonResponse(Object(Illuminate/Http/Request), Object(Exception))
#16 C:/laragon/www/license-server/vendor/laravel/framework/src/Illuminate/Foundation/Exceptions/Handler.php(626): Illuminate/Foundation/Exceptions/Handler->renderExceptionResponse(Object(Illuminate/Http/Request), Object(Exception))
#17 C:/laragon/www/license-server/vendor/laravel/framework/src/Illuminate/Foundation/Http/Kernel.php(574): Illuminate/Foundation/Exceptions/Handler->render(Object(Illuminate/Http/Request), Object(Exception))
#18 C:/laragon/www/license-server/vendor/laravel/framework/src/Illuminate/Foundation/Http/Kernel.php(148): Illuminate/Foundation/Http/Kernel->renderException(Object(Illuminate/Http/Request), Object(Exception))
#19 C:/laragon/www/license-server/vendor/laravel/framework/src/Illuminate/Foundation/Application.php(1220): Illuminate/Foundation/Http/Kernel->handle(Object(Illuminate/Http/Request))
#20 C:/laragon/www/license-server/public/index.php(20): Illuminate/Foundation/Application->handleRequest(Object(Illuminate/Http/Request))
#21 {main}
"} 
[2026-08-01 03:32:52] local.ERROR: Uncaught ReflectionException: Class "view" does not exist in C:\laragon\www\license-server\vendor\laravel\framework\src\Illuminate\Container\Container.php:1122
Stack trace:
#0 C:\laragon\www\license-server\vendor\laravel\framework\src\Illuminate\Container\Container.php(1122): ReflectionClass->__construct('view')
#1 C:\laragon\www\license-server\vendor\laravel\framework\src\Illuminate\Container\Container.php(933): Illuminate\Container\Container->build('view')
#2 C:\laragon\www\license-server\vendor\laravel\framework\src\Illuminate\Foundation\Application.php(1078): Illuminate\Container\Container->resolve('view', Array, true)
#3 C:\laragon\www\license-server\vendor\laravel\framework\src\Illuminate\Container\Container.php(864): Illuminate\Foundation\Application->resolve('view', Array)
#4 C:\laragon\www\license-server\vendor\laravel\framework\src\Illuminate\Foundation\Application.php(1058): Illuminate\Container\Container->make('view', Array)
#5 C:\laragon\www\license-server\vendor\laravel\framework\src\Illuminate\Container\Container.php(1805): Illuminate\Foundation\Application->make('view')
#6 C:\laragon\www\license-server\vendor\laravel\framework\src\Illuminate\Routing\RoutingServiceProvider.php(177): Illuminate\Container\Container->offsetGet('Illuminate\\Cont...')
#7 C:\laragon\www\license-server\vendor\laravel\framework\src\Illuminate\Container\Container.php(1115): Illuminate\Routing\RoutingServiceProvider->Illuminate\Routing\{closure}(Object(Illuminate\Foundation\Application), Array)
#8 C:\laragon\www\license-server\vendor\laravel\framework\src\Illuminate\Container\Container.php(933): Illuminate\Container\Container->build(Object(Closure))
#9 C:\laragon\www\license-server\vendor\laravel\framework\src\Illuminate\Foundation\Application.php(1078): Illuminate\Container\Container->resolve('Illuminate\\Cont...', Array, true)
#10 C:\laragon\www\license-server\vendor\laravel\framework\src\Illuminate\Container\Container.php(864): Illuminate\Foundation\Application->resolve('Illuminate\\Cont...', Array)
#11 C:\laragon\www\license-server\vendor\laravel\framework\src\Illuminate\Foundation\Application.php(1058): Illuminate\Container\Container->make('Illuminate\\Cont...', Array)
#12 C:\laragon\www\license-server\vendor\laravel\framework\src\Illuminate\Foundation\helpers.php(138): Illuminate\Foundation\Application->make('Illuminate\\Cont...', Array)
#13 C:\laragon\www\license-server\vendor\laravel\framework\src\Illuminate\Foundation\helpers.php(850): app('Illuminate\\Cont...')
#14 C:\laragon\www\license-server\vendor\laravel\framework\src\Illuminate\Foundation\Exceptions\Handler.php(1004): response()
#15 C:\laragon\www\license-server\vendor\laravel\framework\src\Illuminate\Foundation\Exceptions\Handler.php(737): Illuminate\Foundation\Exceptions\Handler->prepareJsonResponse(Object(Illuminate\Http\Request), Object(Illuminate\Contracts\Container\BindingResolutionException))
#16 C:\laragon\www\license-server\vendor\laravel\framework\src\Illuminate\Foundation\Exceptions\Handler.php(626): Illuminate\Foundation\Exceptions\Handler->renderExceptionResponse(Object(Illuminate\Http\Request), Object(Illuminate\Contracts\Container\BindingResolutionException))
#17 C:\laragon\www\license-server\vendor\laravel\framework\src\Illuminate\Foundation\Bootstrap\HandleExceptions.php(225): Illuminate\Foundation\Exceptions\Handler->render(Object(Illuminate\Http\Request), Object(Illuminate\Contracts\Container\BindingResolutionException))
#18 C:\laragon\www\license-server\vendor\laravel\framework\src\Illuminate\Foundation\Bootstrap\HandleExceptions.php(202): Illuminate\Foundation\Bootstrap\HandleExceptions->renderHttpResponse(Object(Illuminate\Contracts\Container\BindingResolutionException))
#19 C:\laragon\www\license-server\vendor\laravel\framework\src\Illuminate\Foundation\Bootstrap\HandleExceptions.php(262): Illuminate\Foundation\Bootstrap\HandleExceptions->handleException(Object(Illuminate\Contracts\Container\BindingResolutionException))
#20 [internal function]: Illuminate\Foundation\Bootstrap\HandleExceptions->Illuminate\Foundation\Bootstrap\{closure}(Object(Illuminate\Contracts\Container\BindingResolutionException))
#21 {main}

Next Illuminate\Contracts\Container\BindingResolutionException: Target class [view] does not exist. in C:\laragon\www\license-server\vendor\laravel\framework\src\Illuminate\Container\Container.php:1124
Stack trace:
#0 C:\laragon\www\license-server\vendor\laravel\framework\src\Illuminate\Container\Container.php(933): Illuminate\Container\Container->build('view')
#1 C:\laragon\www\license-server\vendor\laravel\framework\src\Illuminate\Foundation\Application.php(1078): Illuminate\Container\Container->resolve('view', Array, true)
#2 C:\laragon\www\license-server\vendor\laravel\framework\src\Illuminate\Container\Container.php(864): Illuminate\Foundation\Application->resolve('view', Array)
#3 C:\laragon\www\license-server\vendor\laravel\framework\src\Illuminate\Foundation\Application.php(1058): Illuminate\Container\Container->make('view', Array)
#4 C:\laragon\www\license-server\vendor\laravel\framework\src\Illuminate\Container\Container.php(1805): Illuminate\Foundation\Application->make('view')
#5 C:\laragon\www\license-server\vendor\laravel\framework\src\Illuminate\Routing\RoutingServiceProvider.php(177): Illuminate\Container\Container->offsetGet('Illuminate\\Cont...')
#6 C:\laragon\www\license-server\vendor\laravel\framework\src\Illuminate\Container\Container.php(1115): Illuminate\Routing\RoutingServiceProvider->Illuminate\Routing\{closure}(Object(Illuminate\Foundation\Application), Array)
#7 C:\laragon\www\license-server\vendor\laravel\framework\src\Illuminate\Container\Container.php(933): Illuminate\Container\Container->build(Object(Closure))
#8 C:\laragon\www\license-server\vendor\laravel\framework\src\Illuminate\Foundation\Application.php(1078): Illuminate\Container\Container->resolve('Illuminate\\Cont...', Array, true)
#9 C:\laragon\www\license-server\vendor\laravel\framework\src\Illuminate\Container\Container.php(864): Illuminate\Foundation\Application->resolve('Illuminate\\Cont...', Array)
#10 C:\laragon\www\license-server\vendor\laravel\framework\src\Illuminate\Foundation\Application.php(1058): Illuminate\Container\Container->make('Illuminate\\Cont...', Array)
#11 C:\laragon\www\license-server\vendor\laravel\framework\src\Illuminate\Foundation\helpers.php(138): Illuminate\Foundation\Application->make('Illuminate\\Cont...', Array)
#12 C:\laragon\www\license-server\vendor\laravel\framework\src\Illuminate\Foundation\helpers.php(850): app('Illuminate\\Cont...')
#13 C:\laragon\www\license-server\vendor\laravel\framework\src\Illuminate\Foundation\Exceptions\Handler.php(1004): response()
#14 C:\laragon\www\license-server\vendor\laravel\framework\src\Illuminate\Foundation\Exceptions\Handler.php(737): Illuminate\Foundation\Exceptions\Handler->prepareJsonResponse(Object(Illuminate\Http\Request), Object(Illuminate\Contracts\Container\BindingResolutionException))
#15 C:\laragon\www\license-server\vendor\laravel\framework\src\Illuminate\Foundation\Exceptions\Handler.php(626): Illuminate\Foundation\Exceptions\Handler->renderExceptionResponse(Object(Illuminate\Http\Request), Object(Illuminate\Contracts\Container\BindingResolutionException))
#16 C:\laragon\www\license-server\vendor\laravel\framework\src\Illuminate\Foundation\Bootstrap\HandleExceptions.php(225): Illuminate\Foundation\Exceptions\Handler->render(Object(Illuminate\Http\Request), Object(Illuminate\Contracts\Container\BindingResolutionException))
#17 C:\laragon\www\license-server\vendor\laravel\framework\src\Illuminate\Foundation\Bootstrap\HandleExceptions.php(202): Illuminate\Foundation\Bootstrap\HandleExceptions->renderHttpResponse(Object(Illuminate\Contracts\Container\BindingResolutionException))
#18 C:\laragon\www\license-server\vendor\laravel\framework\src\Illuminate\Foundation\Bootstrap\HandleExceptions.php(262): Illuminate\Foundation\Bootstrap\HandleExceptions->handleException(Object(Illuminate\Contracts\Container\BindingResolutionException))
#19 [internal function]: Illuminate\Foundation\Bootstrap\HandleExceptions->Illuminate\Foundation\Bootstrap\{closure}(Object(Illuminate\Contracts\Container\BindingResolutionException))
#20 {main}
  thrown {"exception":"[object] (Symfony\\Component\\ErrorHandler\\Error\\FatalError(code: 0): Uncaught ReflectionException: Class \"view\" does not exist in C:\\laragon\\www\\license-server\\vendor\\laravel\\framework\\src\\Illuminate\\Container\\Container.php:1122
Stack trace:
#0 C:\\laragon\\www\\license-server\\vendor\\laravel\\framework\\src\\Illuminate\\Container\\Container.php(1122): ReflectionClass->__construct('view')
#1 C:\\laragon\\www\\license-server\\vendor\\laravel\\framework\\src\\Illuminate\\Container\\Container.php(933): Illuminate\\Container\\Container->build('view')
#2 C:\\laragon\\www\\license-server\\vendor\\laravel\\framework\\src\\Illuminate\\Foundation\\Application.php(1078): Illuminate\\Container\\Container->resolve('view', Array, true)
#3 C:\\laragon\\www\\license-server\\vendor\\laravel\\framework\\src\\Illuminate\\Container\\Container.php(864): Illuminate\\Foundation\\Application->resolve('view', Array)
#4 C:\\laragon\\www\\license-server\\vendor\\laravel\\framework\\src\\Illuminate\\Foundation\\Application.php(1058): Illuminate\\Container\\Container->make('view', Array)
#5 C:\\laragon\\www\\license-server\\vendor\\laravel\\framework\\src\\Illuminate\\Container\\Container.php(1805): Illuminate\\Foundation\\Application->make('view')
#6 C:\\laragon\\www\\license-server\\vendor\\laravel\\framework\\src\\Illuminate\\Routing\\RoutingServiceProvider.php(177): Illuminate\\Container\\Container->offsetGet('Illuminate\\\\Cont...')
#7 C:\\laragon\\www\\license-server\\vendor\\laravel\\framework\\src\\Illuminate\\Container\\Container.php(1115): Illuminate\\Routing\\RoutingServiceProvider->Illuminate\\Routing\\{closure}(Object(Illuminate\\Foundation\\Application), Array)
#8 C:\\laragon\\www\\license-server\\vendor\\laravel\\framework\\src\\Illuminate\\Container\\Container.php(933): Illuminate\\Container\\Container->build(Object(Closure))
#9 C:\\laragon\\www\\license-server\\vendor\\laravel\\framework\\src\\Illuminate\\Foundation\\Application.php(1078): Illuminate\\Container\\Container->resolve('Illuminate\\\\Cont...', Array, true)
#10 C:\\laragon\\www\\license-server\\vendor\\laravel\\framework\\src\\Illuminate\\Container\\Container.php(864): Illuminate\\Foundation\\Application->resolve('Illuminate\\\\Cont...', Array)
#11 C:\\laragon\\www\\license-server\\vendor\\laravel\\framework\\src\\Illuminate\\Foundation\\Application.php(1058): Illuminate\\Container\\Container->make('Illuminate\\\\Cont...', Array)
#12 C:\\laragon\\www\\license-server\\vendor\\laravel\\framework\\src\\Illuminate\\Foundation\\helpers.php(138): Illuminate\\Foundation\\Application->make('Illuminate\\\\Cont...', Array)
#13 C:\\laragon\\www\\license-server\\vendor\\laravel\\framework\\src\\Illuminate\\Foundation\\helpers.php(850): app('Illuminate\\\\Cont...')
#14 C:\\laragon\\www\\license-server\\vendor\\laravel\\framework\\src\\Illuminate\\Foundation\\Exceptions\\Handler.php(1004): response()
#15 C:\\laragon\\www\\license-server\\vendor\\laravel\\framework\\src\\Illuminate\\Foundation\\Exceptions\\Handler.php(737): Illuminate\\Foundation\\Exceptions\\Handler->prepareJsonResponse(Object(Illuminate\\Http\\Request), Object(Illuminate\\Contracts\\Container\\BindingResolutionException))
#16 C:\\laragon\\www\\license-server\\vendor\\laravel\\framework\\src\\Illuminate\\Foundation\\Exceptions\\Handler.php(626): Illuminate\\Foundation\\Exceptions\\Handler->renderExceptionResponse(Object(Illuminate\\Http\\Request), Object(Illuminate\\Contracts\\Container\\BindingResolutionException))
#17 C:\\laragon\\www\\license-server\\vendor\\laravel\\framework\\src\\Illuminate\\Foundation\\Bootstrap\\HandleExceptions.php(225): Illuminate\\Foundation\\Exceptions\\Handler->render(Object(Illuminate\\Http\\Request), Object(Illuminate\\Contracts\\Container\\BindingResolutionException))
#18 C:\\laragon\\www\\license-server\\vendor\\laravel\\framework\\src\\Illuminate\\Foundation\\Bootstrap\\HandleExceptions.php(202): Illuminate\\Foundation\\Bootstrap\\HandleExceptions->renderHttpResponse(Object(Illuminate\\Contracts\\Container\\BindingResolutionException))
#19 C:\\laragon\\www\\license-server\\vendor\\laravel\\framework\\src\\Illuminate\\Foundation\\Bootstrap\\HandleExceptions.php(262): Illuminate\\Foundation\\Bootstrap\\HandleExceptions->handleException(Object(Illuminate\\Contracts\\Container\\BindingResolutionException))
#20 [internal function]: Illuminate\\Foundation\\Bootstrap\\HandleExceptions->Illuminate\\Foundation\\Bootstrap\\{closure}(Object(Illuminate\\Contracts\\Container\\BindingResolutionException))
#21 {main}

Next Illuminate\\Contracts\\Container\\BindingResolutionException: Target class [view] does not exist. in C:\\laragon\\www\\license-server\\vendor\\laravel\\framework\\src\\Illuminate\\Container\\Container.php:1124
Stack trace:
#0 C:\\laragon\\www\\license-server\\vendor\\laravel\\framework\\src\\Illuminate\\Container\\Container.php(933): Illuminate\\Container\\Container->build('view')
#1 C:\\laragon\\www\\license-server\\vendor\\laravel\\framework\\src\\Illuminate\\Foundation\\Application.php(1078): Illuminate\\Container\\Container->resolve('view', Array, true)
#2 C:\\laragon\\www\\license-server\\vendor\\laravel\\framework\\src\\Illuminate\\Container\\Container.php(864): Illuminate\\Foundation\\Application->resolve('view', Array)
#3 C:\\laragon\\www\\license-server\\vendor\\laravel\\framework\\src\\Illuminate\\Foundation\\Application.php(1058): Illuminate\\Container\\Container->make('view', Array)
#4 C:\\laragon\\www\\license-server\\vendor\\laravel\\framework\\src\\Illuminate\\Container\\Container.php(1805): Illuminate\\Foundation\\Application->make('view')
#5 C:\\laragon\\www\\license-server\\vendor\\laravel\\framework\\src\\Illuminate\\Routing\\RoutingServiceProvider.php(177): Illuminate\\Container\\Container->offsetGet('Illuminate\\\\Cont...')
#6 C:\\laragon\\www\\license-server\\vendor\\laravel\\framework\\src\\Illuminate\\Container\\Container.php(1115): Illuminate\\Routing\\RoutingServiceProvider->Illuminate\\Routing\\{closure}(Object(Illuminate\\Foundation\\Application), Array)
#7 C:\\laragon\\www\\license-server\\vendor\\laravel\\framework\\src\\Illuminate\\Container\\Container.php(933): Illuminate\\Container\\Container->build(Object(Closure))
#8 C:\\laragon\\www\\license-server\\vendor\\laravel\\framework\\src\\Illuminate\\Foundation\\Application.php(1078): Illuminate\\Container\\Container->resolve('Illuminate\\\\Cont...', Array, true)
#9 C:\\laragon\\www\\license-server\\vendor\\laravel\\framework\\src\\Illuminate\\Container\\Container.php(864): Illuminate\\Foundation\\Application->resolve('Illuminate\\\\Cont...', Array)
#10 C:\\laragon\\www\\license-server\\vendor\\laravel\\framework\\src\\Illuminate\\Foundation\\Application.php(1058): Illuminate\\Container\\Container->make('Illuminate\\\\Cont...', Array)
#11 C:\\laragon\\www\\license-server\\vendor\\laravel\\framework\\src\\Illuminate\\Foundation\\helpers.php(138): Illuminate\\Foundation\\Application->make('Illuminate\\\\Cont...', Array)
#12 C:\\laragon\\www\\license-server\\vendor\\laravel\\framework\\src\\Illuminate\\Foundation\\helpers.php(850): app('Illuminate\\\\Cont...')
#13 C:\\laragon\\www\\license-server\\vendor\\laravel\\framework\\src\\Illuminate\\Foundation\\Exceptions\\Handler.php(1004): response()
#14 C:\\laragon\\www\\license-server\\vendor\\laravel\\framework\\src\\Illuminate\\Foundation\\Exceptions\\Handler.php(737): Illuminate\\Foundation\\Exceptions\\Handler->prepareJsonResponse(Object(Illuminate\\Http\\Request), Object(Illuminate\\Contracts\\Container\\BindingResolutionException))
#15 C:\\laragon\\www\\license-server\\vendor\\laravel\\framework\\src\\Illuminate\\Foundation\\Exceptions\\Handler.php(626): Illuminate\\Foundation\\Exceptions\\Handler->renderExceptionResponse(Object(Illuminate\\Http\\Request), Object(Illuminate\\Contracts\\Container\\BindingResolutionException))
#16 C:\\laragon\\www\\license-server\\vendor\\laravel\\framework\\src\\Illuminate\\Foundation\\Bootstrap\\HandleExceptions.php(225): Illuminate\\Foundation\\Exceptions\\Handler->render(Object(Illuminate\\Http\\Request), Object(Illuminate\\Contracts\\Container\\BindingResolutionException))
#17 C:\\laragon\\www\\license-server\\vendor\\laravel\\framework\\src\\Illuminate\\Foundation\\Bootstrap\\HandleExceptions.php(202): Illuminate\\Foundation\\Bootstrap\\HandleExceptions->renderHttpResponse(Object(Illuminate\\Contracts\\Container\\BindingResolutionException))
#18 C:\\laragon\\www\\license-server\\vendor\\laravel\\framework\\src\\Illuminate\\Foundation\\Bootstrap\\HandleExceptions.php(262): Illuminate\\Foundation\\Bootstrap\\HandleExceptions->handleException(Object(Illuminate\\Contracts\\Container\\BindingResolutionException))
#19 [internal function]: Illuminate\\Foundation\\Bootstrap\\HandleExceptions->Illuminate\\Foundation\\Bootstrap\\{closure}(Object(Illuminate\\Contracts\\Container\\BindingResolutionException))
#20 {main}
  thrown at C:/laragon/www/license-server/vendor/laravel/framework/src/Illuminate/Container/Container.php:1124)
[stacktrace]
#0 {main}
"} 
[2026-08-01 03:33:22] local.ERROR: The C:\laragon\www\license-server\bootstrap\cache directory must be present and writable. {"exception":"[object] (Exception(code: 0): The C:\\laragon\\www\\license-server\\bootstrap\\cache directory must be present and writable. at C:/laragon/www/license-server/vendor/laravel/framework/src/Illuminate/Foundation/PackageManifest.php:179)
[stacktrace]
#0 C:/laragon/www/license-server/vendor/laravel/framework/src/Illuminate/Foundation/PackageManifest.php(132): Illuminate/Foundation/PackageManifest->write(Array)
#1 C:/laragon/www/license-server/vendor/laravel/framework/src/Illuminate/Foundation/PackageManifest.php(108): Illuminate/Foundation/PackageManifest->build()
#2 C:/laragon/www/license-server/vendor/laravel/framework/src/Illuminate/Foundation/PackageManifest.php(90): Illuminate/Foundation/PackageManifest->getManifest()
#3 C:/laragon/www/license-server/vendor/laravel/framework/src/Illuminate/Foundation/PackageManifest.php(79): Illuminate/Foundation/PackageManifest->config('aliases')
#4 C:/laragon/www/license-server/vendor/laravel/framework/src/Illuminate/Foundation/Bootstrap/RegisterFacades.php(26): Illuminate/Foundation/PackageManifest->aliases()
#5 C:/laragon/www/license-server/vendor/laravel/framework/src/Illuminate/Foundation/Application.php(342): Illuminate/Foundation/Bootstrap/RegisterFacades->bootstrap(Object(Illuminate/Foundation/Application))
#6 C:/laragon/www/license-server/vendor/laravel/framework/src/Illuminate/Foundation/Http/Kernel.php(186): Illuminate/Foundation/Application->bootstrapWith(Array)
#7 C:/laragon/www/license-server/vendor/laravel/framework/src/Illuminate/Foundation/Http/Kernel.php(170): Illuminate/Foundation/Http/Kernel->bootstrap()
#8 C:/laragon/www/license-server/vendor/laravel/framework/src/Illuminate/Foundation/Http/Kernel.php(144): Illuminate/Foundation/Http/Kernel->sendRequestThroughRouter(Object(Illuminate/Http/Request))
#9 C:/laragon/www/license-server/vendor/laravel/framework/src/Illuminate/Foundation/Application.php(1220): Illuminate/Foundation/Http/Kernel->handle(Object(Illuminate/Http/Request))
#10 C:/laragon/www/license-server/public/index.php(20): Illuminate/Foundation/Application->handleRequest(Object(Illuminate/Http/Request))
#11 {main}
"} 
[2026-08-01 03:33:22] local.ERROR: Target class [view] does not exist. {"exception":"[object] (Illuminate\\Contracts\\Container\\BindingResolutionException(code: 0): Target class [view] does not exist. at C:/laragon/www/license-server/vendor/laravel/framework/src/Illuminate/Container/Container.php:1124)
[stacktrace]
#0 C:/laragon/www/license-server/vendor/laravel/framework/src/Illuminate/Container/Container.php(933): Illuminate/Container/Container->build('view')
#1 C:/laragon/www/license-server/vendor/laravel/framework/src/Illuminate/Foundation/Application.php(1078): Illuminate/Container/Container->resolve('view', Array, true)
#2 C:/laragon/www/license-server/vendor/laravel/framework/src/Illuminate/Container/Container.php(864): Illuminate/Foundation/Application->resolve('view', Array)
#3 C:/laragon/www/license-server/vendor/laravel/framework/src/Illuminate/Foundation/Application.php(1058): Illuminate/Container/Container->make('view', Array)
#4 C:/laragon/www/license-server/vendor/laravel/framework/src/Illuminate/Container/Container.php(1805): Illuminate/Foundation/Application->make('view')
#5 C:/laragon/www/license-server/vendor/laravel/framework/src/Illuminate/Routing/RoutingServiceProvider.php(177): Illuminate/Container/Container->offsetGet('Illuminate//Cont...')
#6 C:/laragon/www/license-server/vendor/laravel/framework/src/Illuminate/Container/Container.php(1115): Illuminate/Routing/RoutingServiceProvider->Illuminate/Routing/{closure}(Object(Illuminate/Foundation/Application), Array)
#7 C:/laragon/www/license-server/vendor/laravel/framework/src/Illuminate/Container/Container.php(933): Illuminate/Container/Container->build(Object(Closure))
#8 C:/laragon/www/license-server/vendor/laravel/framework/src/Illuminate/Foundation/Application.php(1078): Illuminate/Container/Container->resolve('Illuminate//Cont...', Array, true)
#9 C:/laragon/www/license-server/vendor/laravel/framework/src/Illuminate/Container/Container.php(864): Illuminate/Foundation/Application->resolve('Illuminate//Cont...', Array)
#10 C:/laragon/www/license-server/vendor/laravel/framework/src/Illuminate/Foundation/Application.php(1058): Illuminate/Container/Container->make('Illuminate//Cont...', Array)
#11 C:/laragon/www/license-server/vendor/laravel/framework/src/Illuminate/Foundation/helpers.php(138): Illuminate/Foundation/Application->make('Illuminate//Cont...', Array)
#12 C:/laragon/www/license-server/vendor/laravel/framework/src/Illuminate/Foundation/helpers.php(850): app('Illuminate//Cont...')
#13 C:/laragon/www/license-server/vendor/laravel/framework/src/Illuminate/Foundation/Exceptions/Handler.php(1004): response()
#14 C:/laragon/www/license-server/vendor/laravel/framework/src/Illuminate/Foundation/Exceptions/Handler.php(737): Illuminate/Foundation/Exceptions/Handler->prepareJsonResponse(Object(Illuminate/Http/Request), Object(Exception))
#15 C:/laragon/www/license-server/vendor/laravel/framework/src/Illuminate/Foundation/Exceptions/Handler.php(626): Illuminate/Foundation/Exceptions/Handler->renderExceptionResponse(Object(Illuminate/Http/Request), Object(Exception))
#16 C:/laragon/www/license-server/vendor/laravel/framework/src/Illuminate/Foundation/Http/Kernel.php(574): Illuminate/Foundation/Exceptions/Handler->render(Object(Illuminate/Http/Request), Object(Exception))
#17 C:/laragon/www/license-server/vendor/laravel/framework/src/Illuminate/Foundation/Http/Kernel.php(148): Illuminate/Foundation/Http/Kernel->renderException(Object(Illuminate/Http/Request), Object(Exception))
#18 C:/laragon/www/license-server/vendor/laravel/framework/src/Illuminate/Foundation/Application.php(1220): Illuminate/Foundation/Http/Kernel->handle(Object(Illuminate/Http/Request))
#19 C:/laragon/www/license-server/public/index.php(20): Illuminate/Foundation/Application->handleRequest(Object(Illuminate/Http/Request))
#20 {main}

[previous exception] [object] (ReflectionException(code: -1): Class \"view\" does not exist at C:/laragon/www/license-server/vendor/laravel/framework/src/Illuminate/Container/Container.php:1122)
[stacktrace]
#0 C:/laragon/www/license-server/vendor/laravel/framework/src/Illuminate/Container/Container.php(1122): ReflectionClass->__construct('view')
#1 C:/laragon/www/license-server/vendor/laravel/framework/src/Illuminate/Container/Container.php(933): Illuminate/Container/Container->build('view')
#2 C:/laragon/www/license-server/vendor/laravel/framework/src/Illuminate/Foundation/Application.php(1078): Illuminate/Container/Container->resolve('view', Array, true)
#3 C:/laragon/www/license-server/vendor/laravel/framework/src/Illuminate/Container/Container.php(864): Illuminate/Foundation/Application->resolve('view', Array)
#4 C:/laragon/www/license-server/vendor/laravel/framework/src/Illuminate/Foundation/Application.php(1058): Illuminate/Container/Container->make('view', Array)
#5 C:/laragon/www/license-server/vendor/laravel/framework/src/Illuminate/Container/Container.php(1805): Illuminate/Foundation/Application->make('view')
#6 C:/laragon/www/license-server/vendor/laravel/framework/src/Illuminate/Routing/RoutingServiceProvider.php(177): Illuminate/Container/Container->offsetGet('Illuminate//Cont...')
#7 C:/laragon/www/license-server/vendor/laravel/framework/src/Illuminate/Container/Container.php(1115): Illuminate/Routing/RoutingServiceProvider->Illuminate/Routing/{closure}(Object(Illuminate/Foundation/Application), Array)
#8 C:/laragon/www/license-server/vendor/laravel/framework/src/Illuminate/Container/Container.php(933): Illuminate/Container/Container->build(Object(Closure))
#9 C:/laragon/www/license-server/vendor/laravel/framework/src/Illuminate/Foundation/Application.php(1078): Illuminate/Container/Container->resolve('Illuminate//Cont...', Array, true)
#10 C:/laragon/www/license-server/vendor/laravel/framework/src/Illuminate/Container/Container.php(864): Illuminate/Foundation/Application->resolve('Illuminate//Cont...', Array)
#11 C:/laragon/www/license-server/vendor/laravel/framework/src/Illuminate/Foundation/Application.php(1058): Illuminate/Container/Container->make('Illuminate//Cont...', Array)
#12 C:/laragon/www/license-server/vendor/laravel/framework/src/Illuminate/Foundation/helpers.php(138): Illuminate/Foundation/Application->make('Illuminate//Cont...', Array)
#13 C:/laragon/www/license-server/vendor/laravel/framework/src/Illuminate/Foundation/helpers.php(850): app('Illuminate//Cont...')
#14 C:/laragon/www/license-server/vendor/laravel/framework/src/Illuminate/Foundation/Exceptions/Handler.php(1004): response()
#15 C:/laragon/www/license-server/vendor/laravel/framework/src/Illuminate/Foundation/Exceptions/Handler.php(737): Illuminate/Foundation/Exceptions/Handler->prepareJsonResponse(Object(Illuminate/Http/Request), Object(Exception))
#16 C:/laragon/www/license-server/vendor/laravel/framework/src/Illuminate/Foundation/Exceptions/Handler.php(626): Illuminate/Foundation/Exceptions/Handler->renderExceptionResponse(Object(Illuminate/Http/Request), Object(Exception))
#17 C:/laragon/www/license-server/vendor/laravel/framework/src/Illuminate/Foundation/Http/Kernel.php(574): Illuminate/Foundation/Exceptions/Handler->render(Object(Illuminate/Http/Request), Object(Exception))
#18 C:/laragon/www/license-server/vendor/laravel/framework/src/Illuminate/Foundation/Http/Kernel.php(148): Illuminate/Foundation/Http/Kernel->renderException(Object(Illuminate/Http/Request), Object(Exception))
#19 C:/laragon/www/license-server/vendor/laravel/framework/src/Illuminate/Foundation/Application.php(1220): Illuminate/Foundation/Http/Kernel->handle(Object(Illuminate/Http/Request))
#20 C:/laragon/www/license-server/public/index.php(20): Illuminate/Foundation/Application->handleRequest(Object(Illuminate/Http/Request))
#21 {main}
"} 
[2026-08-01 03:33:22] local.ERROR: Uncaught ReflectionException: Class "view" does not exist in C:\laragon\www\license-server\vendor\laravel\framework\src\Illuminate\Container\Container.php:1122
Stack trace:
#0 C:\laragon\www\license-server\vendor\laravel\framework\src\Illuminate\Container\Container.php(1122): ReflectionClass->__construct('view')
#1 C:\laragon\www\license-server\vendor\laravel\framework\src\Illuminate\Container\Container.php(933): Illuminate\Container\Container->build('view')
#2 C:\laragon\www\license-server\vendor\laravel\framework\src\Illuminate\Foundation\Application.php(1078): Illuminate\Container\Container->resolve('view', Array, true)
#3 C:\laragon\www\license-server\vendor\laravel\framework\src\Illuminate\Container\Container.php(864): Illuminate\Foundation\Application->resolve('view', Array)
#4 C:\laragon\www\license-server\vendor\laravel\framework\src\Illuminate\Foundation\Application.php(1058): Illuminate\Container\Container->make('view', Array)
#5 C:\laragon\www\license-server\vendor\laravel\framework\src\Illuminate\Container\Container.php(1805): Illuminate\Foundation\Application->make('view')
#6 C:\laragon\www\license-server\vendor\laravel\framework\src\Illuminate\Routing\RoutingServiceProvider.php(177): Illuminate\Container\Container->offsetGet('Illuminate\\Cont...')
#7 C:\laragon\www\license-server\vendor\laravel\framework\src\Illuminate\Container\Container.php(1115): Illuminate\Routing\RoutingServiceProvider->Illuminate\Routing\{closure}(Object(Illuminate\Foundation\Application), Array)
#8 C:\laragon\www\license-server\vendor\laravel\framework\src\Illuminate\Container\Container.php(933): Illuminate\Container\Container->build(Object(Closure))
#9 C:\laragon\www\license-server\vendor\laravel\framework\src\Illuminate\Foundation\Application.php(1078): Illuminate\Container\Container->resolve('Illuminate\\Cont...', Array, true)
#10 C:\laragon\www\license-server\vendor\laravel\framework\src\Illuminate\Container\Container.php(864): Illuminate\Foundation\Application->resolve('Illuminate\\Cont...', Array)
#11 C:\laragon\www\license-server\vendor\laravel\framework\src\Illuminate\Foundation\Application.php(1058): Illuminate\Container\Container->make('Illuminate\\Cont...', Array)
#12 C:\laragon\www\license-server\vendor\laravel\framework\src\Illuminate\Foundation\helpers.php(138): Illuminate\Foundation\Application->make('Illuminate\\Cont...', Array)
#13 C:\laragon\www\license-server\vendor\laravel\framework\src\Illuminate\Foundation\helpers.php(850): app('Illuminate\\Cont...')
#14 C:\laragon\www\license-server\vendor\laravel\framework\src\Illuminate\Foundation\Exceptions\Handler.php(1004): response()
#15 C:\laragon\www\license-server\vendor\laravel\framework\src\Illuminate\Foundation\Exceptions\Handler.php(737): Illuminate\Foundation\Exceptions\Handler->prepareJsonResponse(Object(Illuminate\Http\Request), Object(Illuminate\Contracts\Container\BindingResolutionException))
#16 C:\laragon\www\license-server\vendor\laravel\framework\src\Illuminate\Foundation\Exceptions\Handler.php(626): Illuminate\Foundation\Exceptions\Handler->renderExceptionResponse(Object(Illuminate\Http\Request), Object(Illuminate\Contracts\Container\BindingResolutionException))
#17 C:\laragon\www\license-server\vendor\laravel\framework\src\Illuminate\Foundation\Bootstrap\HandleExceptions.php(225): Illuminate\Foundation\Exceptions\Handler->render(Object(Illuminate\Http\Request), Object(Illuminate\Contracts\Container\BindingResolutionException))
#18 C:\laragon\www\license-server\vendor\laravel\framework\src\Illuminate\Foundation\Bootstrap\HandleExceptions.php(202): Illuminate\Foundation\Bootstrap\HandleExceptions->renderHttpResponse(Object(Illuminate\Contracts\Container\BindingResolutionException))
#19 C:\laragon\www\license-server\vendor\laravel\framework\src\Illuminate\Foundation\Bootstrap\HandleExceptions.php(262): Illuminate\Foundation\Bootstrap\HandleExceptions->handleException(Object(Illuminate\Contracts\Container\BindingResolutionException))
#20 [internal function]: Illuminate\Foundation\Bootstrap\HandleExceptions->Illuminate\Foundation\Bootstrap\{closure}(Object(Illuminate\Contracts\Container\BindingResolutionException))
#21 {main}

Next Illuminate\Contracts\Container\BindingResolutionException: Target class [view] does not exist. in C:\laragon\www\license-server\vendor\laravel\framework\src\Illuminate\Container\Container.php:1124
Stack trace:
#0 C:\laragon\www\license-server\vendor\laravel\framework\src\Illuminate\Container\Container.php(933): Illuminate\Container\Container->build('view')
#1 C:\laragon\www\license-server\vendor\laravel\framework\src\Illuminate\Foundation\Application.php(1078): Illuminate\Container\Container->resolve('view', Array, true)
#2 C:\laragon\www\license-server\vendor\laravel\framework\src\Illuminate\Container\Container.php(864): Illuminate\Foundation\Application->resolve('view', Array)
#3 C:\laragon\www\license-server\vendor\laravel\framework\src\Illuminate\Foundation\Application.php(1058): Illuminate\Container\Container->make('view', Array)
#4 C:\laragon\www\license-server\vendor\laravel\framework\src\Illuminate\Container\Container.php(1805): Illuminate\Foundation\Application->make('view')
#5 C:\laragon\www\license-server\vendor\laravel\framework\src\Illuminate\Routing\RoutingServiceProvider.php(177): Illuminate\Container\Container->offsetGet('Illuminate\\Cont...')
#6 C:\laragon\www\license-server\vendor\laravel\framework\src\Illuminate\Container\Container.php(1115): Illuminate\Routing\RoutingServiceProvider->Illuminate\Routing\{closure}(Object(Illuminate\Foundation\Application), Array)
#7 C:\laragon\www\license-server\vendor\laravel\framework\src\Illuminate\Container\Container.php(933): Illuminate\Container\Container->build(Object(Closure))
#8 C:\laragon\www\license-server\vendor\laravel\framework\src\Illuminate\Foundation\Application.php(1078): Illuminate\Container\Container->resolve('Illuminate\\Cont...', Array, true)
#9 C:\laragon\www\license-server\vendor\laravel\framework\src\Illuminate\Container\Container.php(864): Illuminate\Foundation\Application->resolve('Illuminate\\Cont...', Array)
#10 C:\laragon\www\license-server\vendor\laravel\framework\src\Illuminate\Foundation\Application.php(1058): Illuminate\Container\Container->make('Illuminate\\Cont...', Array)
#11 C:\laragon\www\license-server\vendor\laravel\framework\src\Illuminate\Foundation\helpers.php(138): Illuminate\Foundation\Application->make('Illuminate\\Cont...', Array)
#12 C:\laragon\www\license-server\vendor\laravel\framework\src\Illuminate\Foundation\helpers.php(850): app('Illuminate\\Cont...')
#13 C:\laragon\www\license-server\vendor\laravel\framework\src\Illuminate\Foundation\Exceptions\Handler.php(1004): response()
#14 C:\laragon\www\license-server\vendor\laravel\framework\src\Illuminate\Foundation\Exceptions\Handler.php(737): Illuminate\Foundation\Exceptions\Handler->prepareJsonResponse(Object(Illuminate\Http\Request), Object(Illuminate\Contracts\Container\BindingResolutionException))
#15 C:\laragon\www\license-server\vendor\laravel\framework\src\Illuminate\Foundation\Exceptions\Handler.php(626): Illuminate\Foundation\Exceptions\Handler->renderExceptionResponse(Object(Illuminate\Http\Request), Object(Illuminate\Contracts\Container\BindingResolutionException))
#16 C:\laragon\www\license-server\vendor\laravel\framework\src\Illuminate\Foundation\Bootstrap\HandleExceptions.php(225): Illuminate\Foundation\Exceptions\Handler->render(Object(Illuminate\Http\Request), Object(Illuminate\Contracts\Container\BindingResolutionException))
#17 C:\laragon\www\license-server\vendor\laravel\framework\src\Illuminate\Foundation\Bootstrap\HandleExceptions.php(202): Illuminate\Foundation\Bootstrap\HandleExceptions->renderHttpResponse(Object(Illuminate\Contracts\Container\BindingResolutionException))
#18 C:\laragon\www\license-server\vendor\laravel\framework\src\Illuminate\Foundation\Bootstrap\HandleExceptions.php(262): Illuminate\Foundation\Bootstrap\HandleExceptions->handleException(Object(Illuminate\Contracts\Container\BindingResolutionException))
#19 [internal function]: Illuminate\Foundation\Bootstrap\HandleExceptions->Illuminate\Foundation\Bootstrap\{closure}(Object(Illuminate\Contracts\Container\BindingResolutionException))
#20 {main}
  thrown {"exception":"[object] (Symfony\\Component\\ErrorHandler\\Error\\FatalError(code: 0): Uncaught ReflectionException: Class \"view\" does not exist in C:\\laragon\\www\\license-server\\vendor\\laravel\\framework\\src\\Illuminate\\Container\\Container.php:1122
Stack trace:
#0 C:\\laragon\\www\\license-server\\vendor\\laravel\\framework\\src\\Illuminate\\Container\\Container.php(1122): ReflectionClass->__construct('view')
#1 C:\\laragon\\www\\license-server\\vendor\\laravel\\framework\\src\\Illuminate\\Container\\Container.php(933): Illuminate\\Container\\Container->build('view')
#2 C:\\laragon\\www\\license-server\\vendor\\laravel\\framework\\src\\Illuminate\\Foundation\\Application.php(1078): Illuminate\\Container\\Container->resolve('view', Array, true)
#3 C:\\laragon\\www\\license-server\\vendor\\laravel\\framework\\src\\Illuminate\\Container\\Container.php(864): Illuminate\\Foundation\\Application->resolve('view', Array)
#4 C:\\laragon\\www\\license-server\\vendor\\laravel\\framework\\src\\Illuminate\\Foundation\\Application.php(1058): Illuminate\\Container\\Container->make('view', Array)
#5 C:\\laragon\\www\\license-server\\vendor\\laravel\\framework\\src\\Illuminate\\Container\\Container.php(1805): Illuminate\\Foundation\\Application->make('view')
#6 C:\\laragon\\www\\license-server\\vendor\\laravel\\framework\\src\\Illuminate\\Routing\\RoutingServiceProvider.php(177): Illuminate\\Container\\Container->offsetGet('Illuminate\\\\Cont...')
#7 C:\\laragon\\www\\license-server\\vendor\\laravel\\framework\\src\\Illuminate\\Container\\Container.php(1115): Illuminate\\Routing\\RoutingServiceProvider->Illuminate\\Routing\\{closure}(Object(Illuminate\\Foundation\\Application), Array)
#8 C:\\laragon\\www\\license-server\\vendor\\laravel\\framework\\src\\Illuminate\\Container\\Container.php(933): Illuminate\\Container\\Container->build(Object(Closure))
#9 C:\\laragon\\www\\license-server\\vendor\\laravel\\framework\\src\\Illuminate\\Foundation\\Application.php(1078): Illuminate\\Container\\Container->resolve('Illuminate\\\\Cont...', Array, true)
#10 C:\\laragon\\www\\license-server\\vendor\\laravel\\framework\\src\\Illuminate\\Container\\Container.php(864): Illuminate\\Foundation\\Application->resolve('Illuminate\\\\Cont...', Array)
#11 C:\\laragon\\www\\license-server\\vendor\\laravel\\framework\\src\\Illuminate\\Foundation\\Application.php(1058): Illuminate\\Container\\Container->make('Illuminate\\\\Cont...', Array)
#12 C:\\laragon\\www\\license-server\\vendor\\laravel\\framework\\src\\Illuminate\\Foundation\\helpers.php(138): Illuminate\\Foundation\\Application->make('Illuminate\\\\Cont...', Array)
#13 C:\\laragon\\www\\license-server\\vendor\\laravel\\framework\\src\\Illuminate\\Foundation\\helpers.php(850): app('Illuminate\\\\Cont...')
#14 C:\\laragon\\www\\license-server\\vendor\\laravel\\framework\\src\\Illuminate\\Foundation\\Exceptions\\Handler.php(1004): response()
#15 C:\\laragon\\www\\license-server\\vendor\\laravel\\framework\\src\\Illuminate\\Foundation\\Exceptions\\Handler.php(737): Illuminate\\Foundation\\Exceptions\\Handler->prepareJsonResponse(Object(Illuminate\\Http\\Request), Object(Illuminate\\Contracts\\Container\\BindingResolutionException))
#16 C:\\laragon\\www\\license-server\\vendor\\laravel\\framework\\src\\Illuminate\\Foundation\\Exceptions\\Handler.php(626): Illuminate\\Foundation\\Exceptions\\Handler->renderExceptionResponse(Object(Illuminate\\Http\\Request), Object(Illuminate\\Contracts\\Container\\BindingResolutionException))
#17 C:\\laragon\\www\\license-server\\vendor\\laravel\\framework\\src\\Illuminate\\Foundation\\Bootstrap\\HandleExceptions.php(225): Illuminate\\Foundation\\Exceptions\\Handler->render(Object(Illuminate\\Http\\Request), Object(Illuminate\\Contracts\\Container\\BindingResolutionException))
#18 C:\\laragon\\www\\license-server\\vendor\\laravel\\framework\\src\\Illuminate\\Foundation\\Bootstrap\\HandleExceptions.php(202): Illuminate\\Foundation\\Bootstrap\\HandleExceptions->renderHttpResponse(Object(Illuminate\\Contracts\\Container\\BindingResolutionException))
#19 C:\\laragon\\www\\license-server\\vendor\\laravel\\framework\\src\\Illuminate\\Foundation\\Bootstrap\\HandleExceptions.php(262): Illuminate\\Foundation\\Bootstrap\\HandleExceptions->handleException(Object(Illuminate\\Contracts\\Container\\BindingResolutionException))
#20 [internal function]: Illuminate\\Foundation\\Bootstrap\\HandleExceptions->Illuminate\\Foundation\\Bootstrap\\{closure}(Object(Illuminate\\Contracts\\Container\\BindingResolutionException))
#21 {main}

Next Illuminate\\Contracts\\Container\\BindingResolutionException: Target class [view] does not exist. in C:\\laragon\\www\\license-server\\vendor\\laravel\\framework\\src\\Illuminate\\Container\\Container.php:1124
Stack trace:
#0 C:\\laragon\\www\\license-server\\vendor\\laravel\\framework\\src\\Illuminate\\Container\\Container.php(933): Illuminate\\Container\\Container->build('view')
#1 C:\\laragon\\www\\license-server\\vendor\\laravel\\framework\\src\\Illuminate\\Foundation\\Application.php(1078): Illuminate\\Container\\Container->resolve('view', Array, true)
#2 C:\\laragon\\www\\license-server\\vendor\\laravel\\framework\\src\\Illuminate\\Container\\Container.php(864): Illuminate\\Foundation\\Application->resolve('view', Array)
#3 C:\\laragon\\www\\license-server\\vendor\\laravel\\framework\\src\\Illuminate\\Foundation\\Application.php(1058): Illuminate\\Container\\Container->make('view', Array)
#4 C:\\laragon\\www\\license-server\\vendor\\laravel\\framework\\src\\Illuminate\\Container\\Container.php(1805): Illuminate\\Foundation\\Application->make('view')
#5 C:\\laragon\\www\\license-server\\vendor\\laravel\\framework\\src\\Illuminate\\Routing\\RoutingServiceProvider.php(177): Illuminate\\Container\\Container->offsetGet('Illuminate\\\\Cont...')
#6 C:\\laragon\\www\\license-server\\vendor\\laravel\\framework\\src\\Illuminate\\Container\\Container.php(1115): Illuminate\\Routing\\RoutingServiceProvider->Illuminate\\Routing\\{closure}(Object(Illuminate\\Foundation\\Application), Array)
#7 C:\\laragon\\www\\license-server\\vendor\\laravel\\framework\\src\\Illuminate\\Container\\Container.php(933): Illuminate\\Container\\Container->build(Object(Closure))
#8 C:\\laragon\\www\\license-server\\vendor\\laravel\\framework\\src\\Illuminate\\Foundation\\Application.php(1078): Illuminate\\Container\\Container->resolve('Illuminate\\\\Cont...', Array, true)
#9 C:\\laragon\\www\\license-server\\vendor\\laravel\\framework\\src\\Illuminate\\Container\\Container.php(864): Illuminate\\Foundation\\Application->resolve('Illuminate\\\\Cont...', Array)
#10 C:\\laragon\\www\\license-server\\vendor\\laravel\\framework\\src\\Illuminate\\Foundation\\Application.php(1058): Illuminate\\Container\\Container->make('Illuminate\\\\Cont...', Array)
#11 C:\\laragon\\www\\license-server\\vendor\\laravel\\framework\\src\\Illuminate\\Foundation\\helpers.php(138): Illuminate\\Foundation\\Application->make('Illuminate\\\\Cont...', Array)
#12 C:\\laragon\\www\\license-server\\vendor\\laravel\\framework\\src\\Illuminate\\Foundation\\helpers.php(850): app('Illuminate\\\\Cont...')
#13 C:\\laragon\\www\\license-server\\vendor\\laravel\\framework\\src\\Illuminate\\Foundation\\Exceptions\\Handler.php(1004): response()
#14 C:\\laragon\\www\\license-server\\vendor\\laravel\\framework\\src\\Illuminate\\Foundation\\Exceptions\\Handler.php(737): Illuminate\\Foundation\\Exceptions\\Handler->prepareJsonResponse(Object(Illuminate\\Http\\Request), Object(Illuminate\\Contracts\\Container\\BindingResolutionException))
#15 C:\\laragon\\www\\license-server\\vendor\\laravel\\framework\\src\\Illuminate\\Foundation\\Exceptions\\Handler.php(626): Illuminate\\Foundation\\Exceptions\\Handler->renderExceptionResponse(Object(Illuminate\\Http\\Request), Object(Illuminate\\Contracts\\Container\\BindingResolutionException))
#16 C:\\laragon\\www\\license-server\\vendor\\laravel\\framework\\src\\Illuminate\\Foundation\\Bootstrap\\HandleExceptions.php(225): Illuminate\\Foundation\\Exceptions\\Handler->render(Object(Illuminate\\Http\\Request), Object(Illuminate\\Contracts\\Container\\BindingResolutionException))
#17 C:\\laragon\\www\\license-server\\vendor\\laravel\\framework\\src\\Illuminate\\Foundation\\Bootstrap\\HandleExceptions.php(202): Illuminate\\Foundation\\Bootstrap\\HandleExceptions->renderHttpResponse(Object(Illuminate\\Contracts\\Container\\BindingResolutionException))
#18 C:\\laragon\\www\\license-server\\vendor\\laravel\\framework\\src\\Illuminate\\Foundation\\Bootstrap\\HandleExceptions.php(262): Illuminate\\Foundation\\Bootstrap\\HandleExceptions->handleException(Object(Illuminate\\Contracts\\Container\\BindingResolutionException))
#19 [internal function]: Illuminate\\Foundation\\Bootstrap\\HandleExceptions->Illuminate\\Foundation\\Bootstrap\\{closure}(Object(Illuminate\\Contracts\\Container\\BindingResolutionException))
#20 {main}
  thrown at C:/laragon/www/license-server/vendor/laravel/framework/src/Illuminate/Container/Container.php:1124)
[stacktrace]
#0 {main}
"} 
[2026-08-01 03:33:53] local.ERROR: The C:\laragon\www\license-server\bootstrap\cache directory must be present and writable. {"exception":"[object] (Exception(code: 0): The C:\\laragon\\www\\license-server\\bootstrap\\cache directory must be present and writable. at C:/laragon/www/license-server/vendor/laravel/framework/src/Illuminate/Foundation/PackageManifest.php:179)
[stacktrace]
#0 C:/laragon/www/license-server/vendor/laravel/framework/src/Illuminate/Foundation/PackageManifest.php(132): Illuminate/Foundation/PackageManifest->write(Array)
#1 C:/laragon/www/license-server/vendor/laravel/framework/src/Illuminate/Foundation/PackageManifest.php(108): Illuminate/Foundation/PackageManifest->build()
#2 C:/laragon/www/license-server/vendor/laravel/framework/src/Illuminate/Foundation/PackageManifest.php(90): Illuminate/Foundation/PackageManifest->getManifest()
#3 C:/laragon/www/license-server/vendor/laravel/framework/src/Illuminate/Foundation/PackageManifest.php(79): Illuminate/Foundation/PackageManifest->config('aliases')
#4 C:/laragon/www/license-server/vendor/laravel/framework/src/Illuminate/Foundation/Bootstrap/RegisterFacades.php(26): Illuminate/Foundation/PackageManifest->aliases()
#5 C:/laragon/www/license-server/vendor/laravel/framework/src/Illuminate/Foundation/Application.php(342): Illuminate/Foundation/Bootstrap/RegisterFacades->bootstrap(Object(Illuminate/Foundation/Application))
#6 C:/laragon/www/license-server/vendor/laravel/framework/src/Illuminate/Foundation/Http/Kernel.php(186): Illuminate/Foundation/Application->bootstrapWith(Array)
#7 C:/laragon/www/license-server/vendor/laravel/framework/src/Illuminate/Foundation/Http/Kernel.php(170): Illuminate/Foundation/Http/Kernel->bootstrap()
#8 C:/laragon/www/license-server/vendor/laravel/framework/src/Illuminate/Foundation/Http/Kernel.php(144): Illuminate/Foundation/Http/Kernel->sendRequestThroughRouter(Object(Illuminate/Http/Request))
#9 C:/laragon/www/license-server/vendor/laravel/framework/src/Illuminate/Foundation/Application.php(1220): Illuminate/Foundation/Http/Kernel->handle(Object(Illuminate/Http/Request))
#10 C:/laragon/www/license-server/public/index.php(20): Illuminate/Foundation/Application->handleRequest(Object(Illuminate/Http/Request))
#11 {main}
"} 
[2026-08-01 03:33:53] local.ERROR: Target class [view] does not exist. {"exception":"[object] (Illuminate\\Contracts\\Container\\BindingResolutionException(code: 0): Target class [view] does not exist. at C:/laragon/www/license-server/vendor/laravel/framework/src/Illuminate/Container/Container.php:1124)
[stacktrace]
#0 C:/laragon/www/license-server/vendor/laravel/framework/src/Illuminate/Container/Container.php(933): Illuminate/Container/Container->build('view')
#1 C:/laragon/www/license-server/vendor/laravel/framework/src/Illuminate/Foundation/Application.php(1078): Illuminate/Container/Container->resolve('view', Array, true)
#2 C:/laragon/www/license-server/vendor/laravel/framework/src/Illuminate/Container/Container.php(864): Illuminate/Foundation/Application->resolve('view', Array)
#3 C:/laragon/www/license-server/vendor/laravel/framework/src/Illuminate/Foundation/Application.php(1058): Illuminate/Container/Container->make('view', Array)
#4 C:/laragon/www/license-server/vendor/laravel/framework/src/Illuminate/Container/Container.php(1805): Illuminate/Foundation/Application->make('view')
#5 C:/laragon/www/license-server/vendor/laravel/framework/src/Illuminate/Routing/RoutingServiceProvider.php(177): Illuminate/Container/Container->offsetGet('Illuminate//Cont...')
#6 C:/laragon/www/license-server/vendor/laravel/framework/src/Illuminate/Container/Container.php(1115): Illuminate/Routing/RoutingServiceProvider->Illuminate/Routing/{closure}(Object(Illuminate/Foundation/Application), Array)
#7 C:/laragon/www/license-server/vendor/laravel/framework/src/Illuminate/Container/Container.php(933): Illuminate/Container/Container->build(Object(Closure))
#8 C:/laragon/www/license-server/vendor/laravel/framework/src/Illuminate/Foundation/Application.php(1078): Illuminate/Container/Container->resolve('Illuminate//Cont...', Array, true)
#9 C:/laragon/www/license-server/vendor/laravel/framework/src/Illuminate/Container/Container.php(864): Illuminate/Foundation/Application->resolve('Illuminate//Cont...', Array)
#10 C:/laragon/www/license-server/vendor/laravel/framework/src/Illuminate/Foundation/Application.php(1058): Illuminate/Container/Container->make('Illuminate//Cont...', Array)
#11 C:/laragon/www/license-server/vendor/laravel/framework/src/Illuminate/Foundation/helpers.php(138): Illuminate/Foundation/Application->make('Illuminate//Cont...', Array)
#12 C:/laragon/www/license-server/vendor/laravel/framework/src/Illuminate/Foundation/helpers.php(850): app('Illuminate//Cont...')
#13 C:/laragon/www/license-server/vendor/laravel/framework/src/Illuminate/Foundation/Exceptions/Handler.php(1004): response()
#14 C:/laragon/www/license-server/vendor/laravel/framework/src/Illuminate/Foundation/Exceptions/Handler.php(737): Illuminate/Foundation/Exceptions/Handler->prepareJsonResponse(Object(Illuminate/Http/Request), Object(Exception))
#15 C:/laragon/www/license-server/vendor/laravel/framework/src/Illuminate/Foundation/Exceptions/Handler.php(626): Illuminate/Foundation/Exceptions/Handler->renderExceptionResponse(Object(Illuminate/Http/Request), Object(Exception))
#16 C:/laragon/www/license-server/vendor/laravel/framework/src/Illuminate/Foundation/Http/Kernel.php(574): Illuminate/Foundation/Exceptions/Handler->render(Object(Illuminate/Http/Request), Object(Exception))
#17 C:/laragon/www/license-server/vendor/laravel/framework/src/Illuminate/Foundation/Http/Kernel.php(148): Illuminate/Foundation/Http/Kernel->renderException(Object(Illuminate/Http/Request), Object(Exception))
#18 C:/laragon/www/license-server/vendor/laravel/framework/src/Illuminate/Foundation/Application.php(1220): Illuminate/Foundation/Http/Kernel->handle(Object(Illuminate/Http/Request))
#19 C:/laragon/www/license-server/public/index.php(20): Illuminate/Foundation/Application->handleRequest(Object(Illuminate/Http/Request))
#20 {main}

[previous exception] [object] (ReflectionException(code: -1): Class \"view\" does not exist at C:/laragon/www/license-server/vendor/laravel/framework/src/Illuminate/Container/Container.php:1122)
[stacktrace]
#0 C:/laragon/www/license-server/vendor/laravel/framework/src/Illuminate/Container/Container.php(1122): ReflectionClass->__construct('view')
#1 C:/laragon/www/license-server/vendor/laravel/framework/src/Illuminate/Container/Container.php(933): Illuminate/Container/Container->build('view')
#2 C:/laragon/www/license-server/vendor/laravel/framework/src/Illuminate/Foundation/Application.php(1078): Illuminate/Container/Container->resolve('view', Array, true)
#3 C:/laragon/www/license-server/vendor/laravel/framework/src/Illuminate/Container/Container.php(864): Illuminate/Foundation/Application->resolve('view', Array)
#4 C:/laragon/www/license-server/vendor/laravel/framework/src/Illuminate/Foundation/Application.php(1058): Illuminate/Container/Container->make('view', Array)
#5 C:/laragon/www/license-server/vendor/laravel/framework/src/Illuminate/Container/Container.php(1805): Illuminate/Foundation/Application->make('view')
#6 C:/laragon/www/license-server/vendor/laravel/framework/src/Illuminate/Routing/RoutingServiceProvider.php(177): Illuminate/Container/Container->offsetGet('Illuminate//Cont...')
#7 C:/laragon/www/license-server/vendor/laravel/framework/src/Illuminate/Container/Container.php(1115): Illuminate/Routing/RoutingServiceProvider->Illuminate/Routing/{closure}(Object(Illuminate/Foundation/Application), Array)
#8 C:/laragon/www/license-server/vendor/laravel/framework/src/Illuminate/Container/Container.php(933): Illuminate/Container/Container->build(Object(Closure))
#9 C:/laragon/www/license-server/vendor/laravel/framework/src/Illuminate/Foundation/Application.php(1078): Illuminate/Container/Container->resolve('Illuminate//Cont...', Array, true)
#10 C:/laragon/www/license-server/vendor/laravel/framework/src/Illuminate/Container/Container.php(864): Illuminate/Foundation/Application->resolve('Illuminate//Cont...', Array)
#11 C:/laragon/www/license-server/vendor/laravel/framework/src/Illuminate/Foundation/Application.php(1058): Illuminate/Container/Container->make('Illuminate//Cont...', Array)
#12 C:/laragon/www/license-server/vendor/laravel/framework/src/Illuminate/Foundation/helpers.php(138): Illuminate/Foundation/Application->make('Illuminate//Cont...', Array)
#13 C:/laragon/www/license-server/vendor/laravel/framework/src/Illuminate/Foundation/helpers.php(850): app('Illuminate//Cont...')
#14 C:/laragon/www/license-server/vendor/laravel/framework/src/Illuminate/Foundation/Exceptions/Handler.php(1004): response()
#15 C:/laragon/www/license-server/vendor/laravel/framework/src/Illuminate/Foundation/Exceptions/Handler.php(737): Illuminate/Foundation/Exceptions/Handler->prepareJsonResponse(Object(Illuminate/Http/Request), Object(Exception))
#16 C:/laragon/www/license-server/vendor/laravel/framework/src/Illuminate/Foundation/Exceptions/Handler.php(626): Illuminate/Foundation/Exceptions/Handler->renderExceptionResponse(Object(Illuminate/Http/Request), Object(Exception))
#17 C:/laragon/www/license-server/vendor/laravel/framework/src/Illuminate/Foundation/Http/Kernel.php(574): Illuminate/Foundation/Exceptions/Handler->render(Object(Illuminate/Http/Request), Object(Exception))
#18 C:/laragon/www/license-server/vendor/laravel/framework/src/Illuminate/Foundation/Http/Kernel.php(148): Illuminate/Foundation/Http/Kernel->renderException(Object(Illuminate/Http/Request), Object(Exception))
#19 C:/laragon/www/license-server/vendor/laravel/framework/src/Illuminate/Foundation/Application.php(1220): Illuminate/Foundation/Http/Kernel->handle(Object(Illuminate/Http/Request))
#20 C:/laragon/www/license-server/public/index.php(20): Illuminate/Foundation/Application->handleRequest(Object(Illuminate/Http/Request))
#21 {main}
"} 
[2026-08-01 03:33:53] local.ERROR: Uncaught ReflectionException: Class "view" does not exist in C:\laragon\www\license-server\vendor\laravel\framework\src\Illuminate\Container\Container.php:1122
Stack trace:
#0 C:\laragon\www\license-server\vendor\laravel\framework\src\Illuminate\Container\Container.php(1122): ReflectionClass->__construct('view')
#1 C:\laragon\www\license-server\vendor\laravel\framework\src\Illuminate\Container\Container.php(933): Illuminate\Container\Container->build('view')
#2 C:\laragon\www\license-server\vendor\laravel\framework\src\Illuminate\Foundation\Application.php(1078): Illuminate\Container\Container->resolve('view', Array, true)
#3 C:\laragon\www\license-server\vendor\laravel\framework\src\Illuminate\Container\Container.php(864): Illuminate\Foundation\Application->resolve('view', Array)
#4 C:\laragon\www\license-server\vendor\laravel\framework\src\Illuminate\Foundation\Application.php(1058): Illuminate\Container\Container->make('view', Array)
#5 C:\laragon\www\license-server\vendor\laravel\framework\src\Illuminate\Container\Container.php(1805): Illuminate\Foundation\Application->make('view')
#6 C:\laragon\www\license-server\vendor\laravel\framework\src\Illuminate\Routing\RoutingServiceProvider.php(177): Illuminate\Container\Container->offsetGet('Illuminate\\Cont...')
#7 C:\laragon\www\license-server\vendor\laravel\framework\src\Illuminate\Container\Container.php(1115): Illuminate\Routing\RoutingServiceProvider->Illuminate\Routing\{closure}(Object(Illuminate\Foundation\Application), Array)
#8 C:\laragon\www\license-server\vendor\laravel\framework\src\Illuminate\Container\Container.php(933): Illuminate\Container\Container->build(Object(Closure))
#9 C:\laragon\www\license-server\vendor\laravel\framework\src\Illuminate\Foundation\Application.php(1078): Illuminate\Container\Container->resolve('Illuminate\\Cont...', Array, true)
#10 C:\laragon\www\license-server\vendor\laravel\framework\src\Illuminate\Container\Container.php(864): Illuminate\Foundation\Application->resolve('Illuminate\\Cont...', Array)
#11 C:\laragon\www\license-server\vendor\laravel\framework\src\Illuminate\Foundation\Application.php(1058): Illuminate\Container\Container->make('Illuminate\\Cont...', Array)
#12 C:\laragon\www\license-server\vendor\laravel\framework\src\Illuminate\Foundation\helpers.php(138): Illuminate\Foundation\Application->make('Illuminate\\Cont...', Array)
#13 C:\laragon\www\license-server\vendor\laravel\framework\src\Illuminate\Foundation\helpers.php(850): app('Illuminate\\Cont...')
#14 C:\laragon\www\license-server\vendor\laravel\framework\src\Illuminate\Foundation\Exceptions\Handler.php(1004): response()
#15 C:\laragon\www\license-server\vendor\laravel\framework\src\Illuminate\Foundation\Exceptions\Handler.php(737): Illuminate\Foundation\Exceptions\Handler->prepareJsonResponse(Object(Illuminate\Http\Request), Object(Illuminate\Contracts\Container\BindingResolutionException))
#16 C:\laragon\www\license-server\vendor\laravel\framework\src\Illuminate\Foundation\Exceptions\Handler.php(626): Illuminate\Foundation\Exceptions\Handler->renderExceptionResponse(Object(Illuminate\Http\Request), Object(Illuminate\Contracts\Container\BindingResolutionException))
#17 C:\laragon\www\license-server\vendor\laravel\framework\src\Illuminate\Foundation\Bootstrap\HandleExceptions.php(225): Illuminate\Foundation\Exceptions\Handler->render(Object(Illuminate\Http\Request), Object(Illuminate\Contracts\Container\BindingResolutionException))
#18 C:\laragon\www\license-server\vendor\laravel\framework\src\Illuminate\Foundation\Bootstrap\HandleExceptions.php(202): Illuminate\Foundation\Bootstrap\HandleExceptions->renderHttpResponse(Object(Illuminate\Contracts\Container\BindingResolutionException))
#19 C:\laragon\www\license-server\vendor\laravel\framework\src\Illuminate\Foundation\Bootstrap\HandleExceptions.php(262): Illuminate\Foundation\Bootstrap\HandleExceptions->handleException(Object(Illuminate\Contracts\Container\BindingResolutionException))
#20 [internal function]: Illuminate\Foundation\Bootstrap\HandleExceptions->Illuminate\Foundation\Bootstrap\{closure}(Object(Illuminate\Contracts\Container\BindingResolutionException))
#21 {main}

Next Illuminate\Contracts\Container\BindingResolutionException: Target class [view] does not exist. in C:\laragon\www\license-server\vendor\laravel\framework\src\Illuminate\Container\Container.php:1124
Stack trace:
#0 C:\laragon\www\license-server\vendor\laravel\framework\src\Illuminate\Container\Container.php(933): Illuminate\Container\Container->build('view')
#1 C:\laragon\www\license-server\vendor\laravel\framework\src\Illuminate\Foundation\Application.php(1078): Illuminate\Container\Container->resolve('view', Array, true)
#2 C:\laragon\www\license-server\vendor\laravel\framework\src\Illuminate\Container\Container.php(864): Illuminate\Foundation\Application->resolve('view', Array)
#3 C:\laragon\www\license-server\vendor\laravel\framework\src\Illuminate\Foundation\Application.php(1058): Illuminate\Container\Container->make('view', Array)
#4 C:\laragon\www\license-server\vendor\laravel\framework\src\Illuminate\Container\Container.php(1805): Illuminate\Foundation\Application->make('view')
#5 C:\laragon\www\license-server\vendor\laravel\framework\src\Illuminate\Routing\RoutingServiceProvider.php(177): Illuminate\Container\Container->offsetGet('Illuminate\\Cont...')
#6 C:\laragon\www\license-server\vendor\laravel\framework\src\Illuminate\Container\Container.php(1115): Illuminate\Routing\RoutingServiceProvider->Illuminate\Routing\{closure}(Object(Illuminate\Foundation\Application), Array)
#7 C:\laragon\www\license-server\vendor\laravel\framework\src\Illuminate\Container\Container.php(933): Illuminate\Container\Container->build(Object(Closure))
#8 C:\laragon\www\license-server\vendor\laravel\framework\src\Illuminate\Foundation\Application.php(1078): Illuminate\Container\Container->resolve('Illuminate\\Cont...', Array, true)
#9 C:\laragon\www\license-server\vendor\laravel\framework\src\Illuminate\Container\Container.php(864): Illuminate\Foundation\Application->resolve('Illuminate\\Cont...', Array)
#10 C:\laragon\www\license-server\vendor\laravel\framework\src\Illuminate\Foundation\Application.php(1058): Illuminate\Container\Container->make('Illuminate\\Cont...', Array)
#11 C:\laragon\www\license-server\vendor\laravel\framework\src\Illuminate\Foundation\helpers.php(138): Illuminate\Foundation\Application->make('Illuminate\\Cont...', Array)
#12 C:\laragon\www\license-server\vendor\laravel\framework\src\Illuminate\Foundation\helpers.php(850): app('Illuminate\\Cont...')
#13 C:\laragon\www\license-server\vendor\laravel\framework\src\Illuminate\Foundation\Exceptions\Handler.php(1004): response()
#14 C:\laragon\www\license-server\vendor\laravel\framework\src\Illuminate\Foundation\Exceptions\Handler.php(737): Illuminate\Foundation\Exceptions\Handler->prepareJsonResponse(Object(Illuminate\Http\Request), Object(Illuminate\Contracts\Container\BindingResolutionException))
#15 C:\laragon\www\license-server\vendor\laravel\framework\src\Illuminate\Foundation\Exceptions\Handler.php(626): Illuminate\Foundation\Exceptions\Handler->renderExceptionResponse(Object(Illuminate\Http\Request), Object(Illuminate\Contracts\Container\BindingResolutionException))
#16 C:\laragon\www\license-server\vendor\laravel\framework\src\Illuminate\Foundation\Bootstrap\HandleExceptions.php(225): Illuminate\Foundation\Exceptions\Handler->render(Object(Illuminate\Http\Request), Object(Illuminate\Contracts\Container\BindingResolutionException))
#17 C:\laragon\www\license-server\vendor\laravel\framework\src\Illuminate\Foundation\Bootstrap\HandleExceptions.php(202): Illuminate\Foundation\Bootstrap\HandleExceptions->renderHttpResponse(Object(Illuminate\Contracts\Container\BindingResolutionException))
#18 C:\laragon\www\license-server\vendor\laravel\framework\src\Illuminate\Foundation\Bootstrap\HandleExceptions.php(262): Illuminate\Foundation\Bootstrap\HandleExceptions->handleException(Object(Illuminate\Contracts\Container\BindingResolutionException))
#19 [internal function]: Illuminate\Foundation\Bootstrap\HandleExceptions->Illuminate\Foundation\Bootstrap\{closure}(Object(Illuminate\Contracts\Container\BindingResolutionException))
#20 {main}
  thrown {"exception":"[object] (Symfony\\Component\\ErrorHandler\\Error\\FatalError(code: 0): Uncaught ReflectionException: Class \"view\" does not exist in C:\\laragon\\www\\license-server\\vendor\\laravel\\framework\\src\\Illuminate\\Container\\Container.php:1122
Stack trace:
#0 C:\\laragon\\www\\license-server\\vendor\\laravel\\framework\\src\\Illuminate\\Container\\Container.php(1122): ReflectionClass->__construct('view')
#1 C:\\laragon\\www\\license-server\\vendor\\laravel\\framework\\src\\Illuminate\\Container\\Container.php(933): Illuminate\\Container\\Container->build('view')
#2 C:\\laragon\\www\\license-server\\vendor\\laravel\\framework\\src\\Illuminate\\Foundation\\Application.php(1078): Illuminate\\Container\\Container->resolve('view', Array, true)
#3 C:\\laragon\\www\\license-server\\vendor\\laravel\\framework\\src\\Illuminate\\Container\\Container.php(864): Illuminate\\Foundation\\Application->resolve('view', Array)
#4 C:\\laragon\\www\\license-server\\vendor\\laravel\\framework\\src\\Illuminate\\Foundation\\Application.php(1058): Illuminate\\Container\\Container->make('view', Array)
#5 C:\\laragon\\www\\license-server\\vendor\\laravel\\framework\\src\\Illuminate\\Container\\Container.php(1805): Illuminate\\Foundation\\Application->make('view')
#6 C:\\laragon\\www\\license-server\\vendor\\laravel\\framework\\src\\Illuminate\\Routing\\RoutingServiceProvider.php(177): Illuminate\\Container\\Container->offsetGet('Illuminate\\\\Cont...')
#7 C:\\laragon\\www\\license-server\\vendor\\laravel\\framework\\src\\Illuminate\\Container\\Container.php(1115): Illuminate\\Routing\\RoutingServiceProvider->Illuminate\\Routing\\{closure}(Object(Illuminate\\Foundation\\Application), Array)
#8 C:\\laragon\\www\\license-server\\vendor\\laravel\\framework\\src\\Illuminate\\Container\\Container.php(933): Illuminate\\Container\\Container->build(Object(Closure))
#9 C:\\laragon\\www\\license-server\\vendor\\laravel\\framework\\src\\Illuminate\\Foundation\\Application.php(1078): Illuminate\\Container\\Container->resolve('Illuminate\\\\Cont...', Array, true)
#10 C:\\laragon\\www\\license-server\\vendor\\laravel\\framework\\src\\Illuminate\\Container\\Container.php(864): Illuminate\\Foundation\\Application->resolve('Illuminate\\\\Cont...', Array)
#11 C:\\laragon\\www\\license-server\\vendor\\laravel\\framework\\src\\Illuminate\\Foundation\\Application.php(1058): Illuminate\\Container\\Container->make('Illuminate\\\\Cont...', Array)
#12 C:\\laragon\\www\\license-server\\vendor\\laravel\\framework\\src\\Illuminate\\Foundation\\helpers.php(138): Illuminate\\Foundation\\Application->make('Illuminate\\\\Cont...', Array)
#13 C:\\laragon\\www\\license-server\\vendor\\laravel\\framework\\src\\Illuminate\\Foundation\\helpers.php(850): app('Illuminate\\\\Cont...')
#14 C:\\laragon\\www\\license-server\\vendor\\laravel\\framework\\src\\Illuminate\\Foundation\\Exceptions\\Handler.php(1004): response()
#15 C:\\laragon\\www\\license-server\\vendor\\laravel\\framework\\src\\Illuminate\\Foundation\\Exceptions\\Handler.php(737): Illuminate\\Foundation\\Exceptions\\Handler->prepareJsonResponse(Object(Illuminate\\Http\\Request), Object(Illuminate\\Contracts\\Container\\BindingResolutionException))
#16 C:\\laragon\\www\\license-server\\vendor\\laravel\\framework\\src\\Illuminate\\Foundation\\Exceptions\\Handler.php(626): Illuminate\\Foundation\\Exceptions\\Handler->renderExceptionResponse(Object(Illuminate\\Http\\Request), Object(Illuminate\\Contracts\\Container\\BindingResolutionException))
#17 C:\\laragon\\www\\license-server\\vendor\\laravel\\framework\\src\\Illuminate\\Foundation\\Bootstrap\\HandleExceptions.php(225): Illuminate\\Foundation\\Exceptions\\Handler->render(Object(Illuminate\\Http\\Request), Object(Illuminate\\Contracts\\Container\\BindingResolutionException))
#18 C:\\laragon\\www\\license-server\\vendor\\laravel\\framework\\src\\Illuminate\\Foundation\\Bootstrap\\HandleExceptions.php(202): Illuminate\\Foundation\\Bootstrap\\HandleExceptions->renderHttpResponse(Object(Illuminate\\Contracts\\Container\\BindingResolutionException))
#19 C:\\laragon\\www\\license-server\\vendor\\laravel\\framework\\src\\Illuminate\\Foundation\\Bootstrap\\HandleExceptions.php(262): Illuminate\\Foundation\\Bootstrap\\HandleExceptions->handleException(Object(Illuminate\\Contracts\\Container\\BindingResolutionException))
#20 [internal function]: Illuminate\\Foundation\\Bootstrap\\HandleExceptions->Illuminate\\Foundation\\Bootstrap\\{closure}(Object(Illuminate\\Contracts\\Container\\BindingResolutionException))
#21 {main}

Next Illuminate\\Contracts\\Container\\BindingResolutionException: Target class [view] does not exist. in C:\\laragon\\www\\license-server\\vendor\\laravel\\framework\\src\\Illuminate\\Container\\Container.php:1124
Stack trace:
#0 C:\\laragon\\www\\license-server\\vendor\\laravel\\framework\\src\\Illuminate\\Container\\Container.php(933): Illuminate\\Container\\Container->build('view')
#1 C:\\laragon\\www\\license-server\\vendor\\laravel\\framework\\src\\Illuminate\\Foundation\\Application.php(1078): Illuminate\\Container\\Container->resolve('view', Array, true)
#2 C:\\laragon\\www\\license-server\\vendor\\laravel\\framework\\src\\Illuminate\\Container\\Container.php(864): Illuminate\\Foundation\\Application->resolve('view', Array)
#3 C:\\laragon\\www\\license-server\\vendor\\laravel\\framework\\src\\Illuminate\\Foundation\\Application.php(1058): Illuminate\\Container\\Container->make('view', Array)
#4 C:\\laragon\\www\\license-server\\vendor\\laravel\\framework\\src\\Illuminate\\Container\\Container.php(1805): Illuminate\\Foundation\\Application->make('view')
#5 C:\\laragon\\www\\license-server\\vendor\\laravel\\framework\\src\\Illuminate\\Routing\\RoutingServiceProvider.php(177): Illuminate\\Container\\Container->offsetGet('Illuminate\\\\Cont...')
#6 C:\\laragon\\www\\license-server\\vendor\\laravel\\framework\\src\\Illuminate\\Container\\Container.php(1115): Illuminate\\Routing\\RoutingServiceProvider->Illuminate\\Routing\\{closure}(Object(Illuminate\\Foundation\\Application), Array)
#7 C:\\laragon\\www\\license-server\\vendor\\laravel\\framework\\src\\Illuminate\\Container\\Container.php(933): Illuminate\\Container\\Container->build(Object(Closure))
#8 C:\\laragon\\www\\license-server\\vendor\\laravel\\framework\\src\\Illuminate\\Foundation\\Application.php(1078): Illuminate\\Container\\Container->resolve('Illuminate\\\\Cont...', Array, true)
#9 C:\\laragon\\www\\license-server\\vendor\\laravel\\framework\\src\\Illuminate\\Container\\Container.php(864): Illuminate\\Foundation\\Application->resolve('Illuminate\\\\Cont...', Array)
#10 C:\\laragon\\www\\license-server\\vendor\\laravel\\framework\\src\\Illuminate\\Foundation\\Application.php(1058): Illuminate\\Container\\Container->make('Illuminate\\\\Cont...', Array)
#11 C:\\laragon\\www\\license-server\\vendor\\laravel\\framework\\src\\Illuminate\\Foundation\\helpers.php(138): Illuminate\\Foundation\\Application->make('Illuminate\\\\Cont...', Array)
#12 C:\\laragon\\www\\license-server\\vendor\\laravel\\framework\\src\\Illuminate\\Foundation\\helpers.php(850): app('Illuminate\\\\Cont...')
#13 C:\\laragon\\www\\license-server\\vendor\\laravel\\framework\\src\\Illuminate\\Foundation\\Exceptions\\Handler.php(1004): response()
#14 C:\\laragon\\www\\license-server\\vendor\\laravel\\framework\\src\\Illuminate\\Foundation\\Exceptions\\Handler.php(737): Illuminate\\Foundation\\Exceptions\\Handler->prepareJsonResponse(Object(Illuminate\\Http\\Request), Object(Illuminate\\Contracts\\Container\\BindingResolutionException))
#15 C:\\laragon\\www\\license-server\\vendor\\laravel\\framework\\src\\Illuminate\\Foundation\\Exceptions\\Handler.php(626): Illuminate\\Foundation\\Exceptions\\Handler->renderExceptionResponse(Object(Illuminate\\Http\\Request), Object(Illuminate\\Contracts\\Container\\BindingResolutionException))
#16 C:\\laragon\\www\\license-server\\vendor\\laravel\\framework\\src\\Illuminate\\Foundation\\Bootstrap\\HandleExceptions.php(225): Illuminate\\Foundation\\Exceptions\\Handler->render(Object(Illuminate\\Http\\Request), Object(Illuminate\\Contracts\\Container\\BindingResolutionException))
#17 C:\\laragon\\www\\license-server\\vendor\\laravel\\framework\\src\\Illuminate\\Foundation\\Bootstrap\\HandleExceptions.php(202): Illuminate\\Foundation\\Bootstrap\\HandleExceptions->renderHttpResponse(Object(Illuminate\\Contracts\\Container\\BindingResolutionException))
#18 C:\\laragon\\www\\license-server\\vendor\\laravel\\framework\\src\\Illuminate\\Foundation\\Bootstrap\\HandleExceptions.php(262): Illuminate\\Foundation\\Bootstrap\\HandleExceptions->handleException(Object(Illuminate\\Contracts\\Container\\BindingResolutionException))
#19 [internal function]: Illuminate\\Foundation\\Bootstrap\\HandleExceptions->Illuminate\\Foundation\\Bootstrap\\{closure}(Object(Illuminate\\Contracts\\Container\\BindingResolutionException))
#20 {main}
  thrown at C:/laragon/www/license-server/vendor/laravel/framework/src/Illuminate/Container/Container.php:1124)
[stacktrace]
#0 {main}
"} 
[2026-08-01 03:34:24] local.ERROR: No application encryption key has been specified. {"exception":"[object] (Illuminate\\Encryption\\MissingAppKeyException(code: 0): No application encryption key has been specified. at C:/laragon/www/license-server/vendor/laravel/framework/src/Illuminate/Encryption/EncryptionServiceProvider.php:83)
[stacktrace]
#0 C:/laragon/www/license-server/vendor/laravel/framework/src/Illuminate/Support/helpers.php(393): Illuminate/Encryption/EncryptionServiceProvider->Illuminate/Encryption/{closure}('')
#1 C:/laragon/www/license-server/vendor/laravel/framework/src/Illuminate/Encryption/EncryptionServiceProvider.php(81): tap('', Object(Closure))
#2 C:/laragon/www/license-server/vendor/laravel/framework/src/Illuminate/Encryption/EncryptionServiceProvider.php(64): Illuminate/Encryption/EncryptionServiceProvider->key(Array)
#3 C:/laragon/www/license-server/vendor/laravel/framework/src/Illuminate/Encryption/EncryptionServiceProvider.php(32): Illuminate/Encryption/EncryptionServiceProvider->parseKey(Array)
#4 C:/laragon/www/license-server/vendor/laravel/framework/src/Illuminate/Container/Container.php(1115): Illuminate/Encryption/EncryptionServiceProvider->Illuminate/Encryption/{closure}(Object(Illuminate/Foundation/Application), Array)
#5 C:/laragon/www/license-server/vendor/laravel/framework/src/Illuminate/Container/Container.php(933): Illuminate/Container/Container->build(Object(Closure))
#6 C:/laragon/www/license-server/vendor/laravel/framework/src/Illuminate/Foundation/Application.php(1078): Illuminate/Container/Container->resolve('encrypter', Array, true)
#7 C:/laragon/www/license-server/vendor/laravel/framework/src/Illuminate/Container/Container.php(864): Illuminate/Foundation/Application->resolve('encrypter', Array)
#8 C:/laragon/www/license-server/vendor/laravel/framework/src/Illuminate/Foundation/Application.php(1058): Illuminate/Container/Container->make('encrypter', Array)
#9 C:/laragon/www/license-server/vendor/laravel/framework/src/Illuminate/Container/Container.php(1336): Illuminate/Foundation/Application->make('encrypter')
#10 C:/laragon/www/license-server/vendor/laravel/framework/src/Illuminate/Container/Container.php(1237): Illuminate/Container/Container->resolveClass(Object(ReflectionParameter), 'Illuminate//Cont...')
#11 C:/laragon/www/license-server/vendor/laravel/framework/src/Illuminate/Container/Container.php(1162): Illuminate/Container/Container->resolveDependencies(Array)
#12 C:/laragon/www/license-server/vendor/laravel/framework/src/Illuminate/Container/Container.php(933): Illuminate/Container/Container->build('Illuminate//Cook...')
#13 C:/laragon/www/license-server/vendor/laravel/framework/src/Illuminate/Foundation/Application.php(1078): Illuminate/Container/Container->resolve('Illuminate//Cook...', Array, true)
#14 C:/laragon/www/license-server/vendor/laravel/framework/src/Illuminate/Container/Container.php(864): Illuminate/Foundation/Application->resolve('Illuminate//Cook...', Array)
#15 C:/laragon/www/license-server/vendor/laravel/framework/src/Illuminate/Foundation/Application.php(1058): Illuminate/Container/Container->make('Illuminate//Cook...', Array)
#16 C:/laragon/www/license-server/vendor/laravel/framework/src/Illuminate/Pipeline/Pipeline.php(208): Illuminate/Foundation/Application->make('Illuminate//Cook...')
#17 C:/laragon/www/license-server/vendor/laravel/framework/src/Illuminate/Pipeline/Pipeline.php(137): Illuminate/Pipeline/Pipeline->Illuminate/Pipeline/{closure}(Object(Illuminate/Http/Request))
#18 C:/laragon/www/license-server/vendor/laravel/framework/src/Illuminate/Routing/Router.php(821): Illuminate/Pipeline/Pipeline->then(Object(Closure))
#19 C:/laragon/www/license-server/vendor/laravel/framework/src/Illuminate/Routing/Router.php(800): Illuminate/Routing/Router->runRouteWithinStack(Object(Illuminate/Routing/Route), Object(Illuminate/Http/Request))
#20 C:/laragon/www/license-server/vendor/laravel/framework/src/Illuminate/Routing/Router.php(764): Illuminate/Routing/Router->runRoute(Object(Illuminate/Http/Request), Object(Illuminate/Routing/Route))
#21 C:/laragon/www/license-server/vendor/laravel/framework/src/Illuminate/Routing/Router.php(753): Illuminate/Routing/Router->dispatchToRoute(Object(Illuminate/Http/Request))
#22 C:/laragon/www/license-server/vendor/laravel/framework/src/Illuminate/Foundation/Http/Kernel.php(200): Illuminate/Routing/Router->dispatch(Object(Illuminate/Http/Request))
#23 C:/laragon/www/license-server/vendor/laravel/framework/src/Illuminate/Pipeline/Pipeline.php(180): Illuminate/Foundation/Http/Kernel->Illuminate/Foundation/Http/{closure}(Object(Illuminate/Http/Request))
#24 C:/laragon/www/license-server/vendor/laravel/framework/src/Illuminate/Foundation/Http/Middleware/TransformsRequest.php(21): Illuminate/Pipeline/Pipeline->Illuminate/Pipeline/{closure}(Object(Illuminate/Http/Request))
#25 C:/laragon/www/license-server/vendor/laravel/framework/src/Illuminate/Foundation/Http/Middleware/ConvertEmptyStringsToNull.php(31): Illuminate/Foundation/Http/Middleware/TransformsRequest->handle(Object(Illuminate/Http/Request), Object(Closure))
#26 C:/laragon/www/license-server/vendor/laravel/framework/src/Illuminate/Pipeline/Pipeline.php(219): Illuminate/Foundation/Http/Middleware/ConvertEmptyStringsToNull->handle(Object(Illuminate/Http/Request), Object(Closure))
#27 C:/laragon/www/license-server/vendor/laravel/framework/src/Illuminate/Foundation/Http/Middleware/TransformsRequest.php(21): Illuminate/Pipeline/Pipeline->Illuminate/Pipeline/{closure}(Object(Illuminate/Http/Request))
#28 C:/laragon/www/license-server/vendor/laravel/framework/src/Illuminate/Foundation/Http/Middleware/TrimStrings.php(51): Illuminate/Foundation/Http/Middleware/TransformsRequest->handle(Object(Illuminate/Http/Request), Object(Closure))
#29 C:/laragon/www/license-server/vendor/laravel/framework/src/Illuminate/Pipeline/Pipeline.php(219): Illuminate/Foundation/Http/Middleware/TrimStrings->handle(Object(Illuminate/Http/Request), Object(Closure))
#30 C:/laragon/www/license-server/vendor/laravel/framework/src/Illuminate/Http/Middleware/ValidatePostSize.php(27): Illuminate/Pipeline/Pipeline->Illuminate/Pipeline/{closure}(Object(Illuminate/Http/Request))
#31 C:/laragon/www/license-server/vendor/laravel/framework/src/Illuminate/Pipeline/Pipeline.php(219): Illuminate/Http/Middleware/ValidatePostSize->handle(Object(Illuminate/Http/Request), Object(Closure))
#32 C:/laragon/www/license-server/vendor/laravel/framework/src/Illuminate/Foundation/Http/Middleware/PreventRequestsDuringMaintenance.php(109): Illuminate/Pipeline/Pipeline->Illuminate/Pipeline/{closure}(Object(Illuminate/Http/Request))
#33 C:/laragon/www/license-server/vendor/laravel/framework/src/Illuminate/Pipeline/Pipeline.php(219): Illuminate/Foundation/Http/Middleware/PreventRequestsDuringMaintenance->handle(Object(Illuminate/Http/Request), Object(Closure))
#34 C:/laragon/www/license-server/vendor/laravel/framework/src/Illuminate/Http/Middleware/HandleCors.php(61): Illuminate/Pipeline/Pipeline->Illuminate/Pipeline/{closure}(Object(Illuminate/Http/Request))
#35 C:/laragon/www/license-server/vendor/laravel/framework/src/Illuminate/Pipeline/Pipeline.php(219): Illuminate/Http/Middleware/HandleCors->handle(Object(Illuminate/Http/Request), Object(Closure))
#36 C:/laragon/www/license-server/vendor/laravel/framework/src/Illuminate/Http/Middleware/TrustProxies.php(58): Illuminate/Pipeline/Pipeline->Illuminate/Pipeline/{closure}(Object(Illuminate/Http/Request))
#37 C:/laragon/www/license-server/vendor/laravel/framework/src/Illuminate/Pipeline/Pipeline.php(219): Illuminate/Http/Middleware/TrustProxies->handle(Object(Illuminate/Http/Request), Object(Closure))
#38 C:/laragon/www/license-server/vendor/laravel/framework/src/Illuminate/Foundation/Http/Middleware/InvokeDeferredCallbacks.php(22): Illuminate/Pipeline/Pipeline->Illuminate/Pipeline/{closure}(Object(Illuminate/Http/Request))
#39 C:/laragon/www/license-server/vendor/laravel/framework/src/Illuminate/Pipeline/Pipeline.php(219): Illuminate/Foundation/Http/Middleware/InvokeDeferredCallbacks->handle(Object(Illuminate/Http/Request), Object(Closure))
#40 C:/laragon/www/license-server/vendor/laravel/framework/src/Illuminate/Http/Middleware/ValidatePathEncoding.php(26): Illuminate/Pipeline/Pipeline->Illuminate/Pipeline/{closure}(Object(Illuminate/Http/Request))
#41 C:/laragon/www/license-server/vendor/laravel/framework/src/Illuminate/Pipeline/Pipeline.php(219): Illuminate/Http/Middleware/ValidatePathEncoding->handle(Object(Illuminate/Http/Request), Object(Closure))
#42 C:/laragon/www/license-server/vendor/laravel/framework/src/Illuminate/Pipeline/Pipeline.php(137): Illuminate/Pipeline/Pipeline->Illuminate/Pipeline/{closure}(Object(Illuminate/Http/Request))
#43 C:/laragon/www/license-server/vendor/laravel/framework/src/Illuminate/Foundation/Http/Kernel.php(175): Illuminate/Pipeline/Pipeline->then(Object(Closure))
#44 C:/laragon/www/license-server/vendor/laravel/framework/src/Illuminate/Foundation/Http/Kernel.php(144): Illuminate/Foundation/Http/Kernel->sendRequestThroughRouter(Object(Illuminate/Http/Request))
#45 C:/laragon/www/license-server/vendor/laravel/framework/src/Illuminate/Foundation/Application.php(1220): Illuminate/Foundation/Http/Kernel->handle(Object(Illuminate/Http/Request))
#46 C:/laragon/www/license-server/public/index.php(20): Illuminate/Foundation/Application->handleRequest(Object(Illuminate/Http/Request))
#47 {main}
"} 
[2026-08-01 03:34:24] local.ERROR: No application encryption key has been specified. {"exception":"[object] (Illuminate\\Encryption\\MissingAppKeyException(code: 0): No application encryption key has been specified. at C:/laragon/www/license-server/vendor/laravel/framework/src/Illuminate/Encryption/EncryptionServiceProvider.php:83)
[stacktrace]
#0 C:/laragon/www/license-server/vendor/laravel/framework/src/Illuminate/Support/helpers.php(393): Illuminate/Encryption/EncryptionServiceProvider->Illuminate/Encryption/{closure}('')
#1 C:/laragon/www/license-server/vendor/laravel/framework/src/Illuminate/Encryption/EncryptionServiceProvider.php(81): tap('', Object(Closure))
#2 C:/laragon/www/license-server/vendor/laravel/framework/src/Illuminate/Encryption/EncryptionServiceProvider.php(64): Illuminate/Encryption/EncryptionServiceProvider->key(Array)
#3 C:/laragon/www/license-server/vendor/laravel/framework/src/Illuminate/Encryption/EncryptionServiceProvider.php(32): Illuminate/Encryption/EncryptionServiceProvider->parseKey(Array)
#4 C:/laragon/www/license-server/vendor/laravel/framework/src/Illuminate/Container/Container.php(1115): Illuminate/Encryption/EncryptionServiceProvider->Illuminate/Encryption/{closure}(Object(Illuminate/Foundation/Application), Array)
#5 C:/laragon/www/license-server/vendor/laravel/framework/src/Illuminate/Container/Container.php(933): Illuminate/Container/Container->build(Object(Closure))
#6 C:/laragon/www/license-server/vendor/laravel/framework/src/Illuminate/Foundation/Application.php(1078): Illuminate/Container/Container->resolve('encrypter', Array, true)
#7 C:/laragon/www/license-server/vendor/laravel/framework/src/Illuminate/Container/Container.php(864): Illuminate/Foundation/Application->resolve('encrypter', Array)
#8 C:/laragon/www/license-server/vendor/laravel/framework/src/Illuminate/Foundation/Application.php(1058): Illuminate/Container/Container->make('encrypter', Array)
#9 C:/laragon/www/license-server/vendor/laravel/framework/src/Illuminate/Container/Container.php(1336): Illuminate/Foundation/Application->make('encrypter')
#10 C:/laragon/www/license-server/vendor/laravel/framework/src/Illuminate/Container/Container.php(1237): Illuminate/Container/Container->resolveClass(Object(ReflectionParameter), 'Illuminate//Cont...')
#11 C:/laragon/www/license-server/vendor/laravel/framework/src/Illuminate/Container/Container.php(1162): Illuminate/Container/Container->resolveDependencies(Array)
#12 C:/laragon/www/license-server/vendor/laravel/framework/src/Illuminate/Container/Container.php(933): Illuminate/Container/Container->build('Illuminate//Cook...')
#13 C:/laragon/www/license-server/vendor/laravel/framework/src/Illuminate/Foundation/Application.php(1078): Illuminate/Container/Container->resolve('Illuminate//Cook...', Array, true)
#14 C:/laragon/www/license-server/vendor/laravel/framework/src/Illuminate/Container/Container.php(864): Illuminate/Foundation/Application->resolve('Illuminate//Cook...', Array)
#15 C:/laragon/www/license-server/vendor/laravel/framework/src/Illuminate/Foundation/Application.php(1058): Illuminate/Container/Container->make('Illuminate//Cook...', Array)
#16 C:/laragon/www/license-server/vendor/laravel/framework/src/Illuminate/Foundation/Http/Kernel.php(257): Illuminate/Foundation/Application->make('Illuminate//Cook...')
#17 C:/laragon/www/license-server/vendor/laravel/framework/src/Illuminate/Foundation/Http/Kernel.php(215): Illuminate/Foundation/Http/Kernel->terminateMiddleware(Object(Illuminate/Http/Request), Object(Illuminate/Http/JsonResponse))
#18 C:/laragon/www/license-server/vendor/laravel/framework/src/Illuminate/Foundation/Application.php(1222): Illuminate/Foundation/Http/Kernel->terminate(Object(Illuminate/Http/Request), Object(Illuminate/Http/JsonResponse))
#19 C:/laragon/www/license-server/public/index.php(20): Illuminate/Foundation/Application->handleRequest(Object(Illuminate/Http/Request))
#20 {main}
"} 
[2026-08-01 03:34:54] local.ERROR: SQLSTATE[42S02]: Base table or view not found: 1146 Table 'license_server.sessions' doesn't exist (Connection: mysql, Host: 127.0.0.1, Port: 3306, Database: license_server, SQL: select * from `sessions` where `id` = h0tAp6yoKY70lE8k8iAzbdreXoyKKeQKAXOCTYXq limit 1) {"exception":"[object] (Illuminate\\Database\\QueryException(code: 42S02): SQLSTATE[42S02]: Base table or view not found: 1146 Table 'license_server.sessions' doesn't exist (Connection: mysql, Host: 127.0.0.1, Port: 3306, Database: license_server, SQL: select * from `sessions` where `id` = h0tAp6yoKY70lE8k8iAzbdreXoyKKeQKAXOCTYXq limit 1) at C:/laragon/www/license-server/vendor/laravel/framework/src/Illuminate/Database/Connection.php:838)
[stacktrace]
#0 C:/laragon/www/license-server/vendor/laravel/framework/src/Illuminate/Database/Connection.php(794): Illuminate/Database/Connection->runQueryCallback('select * from `...', Array, Object(Closure))
#1 C:/laragon/www/license-server/vendor/laravel/framework/src/Illuminate/Database/Connection.php(411): Illuminate/Database/Connection->run('select * from `...', Array, Object(Closure))
#2 C:/laragon/www/license-server/vendor/laravel/framework/src/Illuminate/Database/Query/Builder.php(3505): Illuminate/Database/Connection->select('select * from `...', Array, false)
#3 C:/laragon/www/license-server/vendor/laravel/framework/src/Illuminate/Database/Query/Builder.php(3490): Illuminate/Database/Query/Builder->runSelect()
#4 C:/laragon/www/license-server/vendor/laravel/framework/src/Illuminate/Database/Query/Builder.php(4080): Illuminate/Database/Query/Builder->Illuminate/Database/Query/{closure}()
#5 C:/laragon/www/license-server/vendor/laravel/framework/src/Illuminate/Database/Query/Builder.php(3489): Illuminate/Database/Query/Builder->onceWithColumns(Array, Object(Closure))
#6 C:/laragon/www/license-server/vendor/laravel/framework/src/Illuminate/Database/Concerns/BuildsQueries.php(366): Illuminate/Database/Query/Builder->get(Array)
#7 C:/laragon/www/license-server/vendor/laravel/framework/src/Illuminate/Database/Query/Builder.php(3412): Illuminate/Database/Query/Builder->first(Array)
#8 C:/laragon/www/license-server/vendor/laravel/framework/src/Illuminate/Session/DatabaseSessionHandler.php(96): Illuminate/Database/Query/Builder->find('h0tAp6yoKY70lE8...')
#9 C:/laragon/www/license-server/vendor/laravel/framework/src/Illuminate/Session/Store.php(128): Illuminate/Session/DatabaseSessionHandler->read('h0tAp6yoKY70lE8...')
#10 C:/laragon/www/license-server/vendor/laravel/framework/src/Illuminate/Session/Store.php(116): Illuminate/Session/Store->readFromHandler()
#11 C:/laragon/www/license-server/vendor/laravel/framework/src/Illuminate/Session/Store.php(100): Illuminate/Session/Store->loadSession()
#12 C:/laragon/www/license-server/vendor/laravel/framework/src/Illuminate/Session/Middleware/StartSession.php(146): Illuminate/Session/Store->start()
#13 C:/laragon/www/license-server/vendor/laravel/framework/src/Illuminate/Support/helpers.php(393): Illuminate/Session/Middleware/StartSession->Illuminate/Session/Middleware/{closure}(Object(Illuminate/Session/Store))
#14 C:/laragon/www/license-server/vendor/laravel/framework/src/Illuminate/Session/Middleware/StartSession.php(143): tap(Object(Illuminate/Session/Store), Object(Closure))
#15 C:/laragon/www/license-server/vendor/laravel/framework/src/Illuminate/Session/Middleware/StartSession.php(115): Illuminate/Session/Middleware/StartSession->startSession(Object(Illuminate/Http/Request), Object(Illuminate/Session/Store))
#16 C:/laragon/www/license-server/vendor/laravel/framework/src/Illuminate/Session/Middleware/StartSession.php(63): Illuminate/Session/Middleware/StartSession->handleStatefulRequest(Object(Illuminate/Http/Request), Object(Illuminate/Session/Store), Object(Closure))
#17 C:/laragon/www/license-server/vendor/laravel/framework/src/Illuminate/Pipeline/Pipeline.php(219): Illuminate/Session/Middleware/StartSession->handle(Object(Illuminate/Http/Request), Object(Closure))
#18 C:/laragon/www/license-server/vendor/laravel/framework/src/Illuminate/Cookie/Middleware/AddQueuedCookiesToResponse.php(36): Illuminate/Pipeline/Pipeline->Illuminate/Pipeline/{closure}(Object(Illuminate/Http/Request))
#19 C:/laragon/www/license-server/vendor/laravel/framework/src/Illuminate/Pipeline/Pipeline.php(219): Illuminate/Cookie/Middleware/AddQueuedCookiesToResponse->handle(Object(Illuminate/Http/Request), Object(Closure))
#20 C:/laragon/www/license-server/vendor/laravel/framework/src/Illuminate/Cookie/Middleware/EncryptCookies.php(74): Illuminate/Pipeline/Pipeline->Illuminate/Pipeline/{closure}(Object(Illuminate/Http/Request))
#21 C:/laragon/www/license-server/vendor/laravel/framework/src/Illuminate/Pipeline/Pipeline.php(219): Illuminate/Cookie/Middleware/EncryptCookies->handle(Object(Illuminate/Http/Request), Object(Closure))
#22 C:/laragon/www/license-server/vendor/laravel/framework/src/Illuminate/Pipeline/Pipeline.php(137): Illuminate/Pipeline/Pipeline->Illuminate/Pipeline/{closure}(Object(Illuminate/Http/Request))
#23 C:/laragon/www/license-server/vendor/laravel/framework/src/Illuminate/Routing/Router.php(821): Illuminate/Pipeline/Pipeline->then(Object(Closure))
#24 C:/laragon/www/license-server/vendor/laravel/framework/src/Illuminate/Routing/Router.php(800): Illuminate/Routing/Router->runRouteWithinStack(Object(Illuminate/Routing/Route), Object(Illuminate/Http/Request))
#25 C:/laragon/www/license-server/vendor/laravel/framework/src/Illuminate/Routing/Router.php(764): Illuminate/Routing/Router->runRoute(Object(Illuminate/Http/Request), Object(Illuminate/Routing/Route))
#26 C:/laragon/www/license-server/vendor/laravel/framework/src/Illuminate/Routing/Router.php(753): Illuminate/Routing/Router->dispatchToRoute(Object(Illuminate/Http/Request))
#27 C:/laragon/www/license-server/vendor/laravel/framework/src/Illuminate/Foundation/Http/Kernel.php(200): Illuminate/Routing/Router->dispatch(Object(Illuminate/Http/Request))
#28 C:/laragon/www/license-server/vendor/laravel/framework/src/Illuminate/Pipeline/Pipeline.php(180): Illuminate/Foundation/Http/Kernel->Illuminate/Foundation/Http/{closure}(Object(Illuminate/Http/Request))
#29 C:/laragon/www/license-server/vendor/laravel/framework/src/Illuminate/Foundation/Http/Middleware/TransformsRequest.php(21): Illuminate/Pipeline/Pipeline->Illuminate/Pipeline/{closure}(Object(Illuminate/Http/Request))
#30 C:/laragon/www/license-server/vendor/laravel/framework/src/Illuminate/Foundation/Http/Middleware/ConvertEmptyStringsToNull.php(31): Illuminate/Foundation/Http/Middleware/TransformsRequest->handle(Object(Illuminate/Http/Request), Object(Closure))
#31 C:/laragon/www/license-server/vendor/laravel/framework/src/Illuminate/Pipeline/Pipeline.php(219): Illuminate/Foundation/Http/Middleware/ConvertEmptyStringsToNull->handle(Object(Illuminate/Http/Request), Object(Closure))
#32 C:/laragon/www/license-server/vendor/laravel/framework/src/Illuminate/Foundation/Http/Middleware/TransformsRequest.php(21): Illuminate/Pipeline/Pipeline->Illuminate/Pipeline/{closure}(Object(Illuminate/Http/Request))
#33 C:/laragon/www/license-server/vendor/laravel/framework/src/Illuminate/Foundation/Http/Middleware/TrimStrings.php(51): Illuminate/Foundation/Http/Middleware/TransformsRequest->handle(Object(Illuminate/Http/Request), Object(Closure))
#34 C:/laragon/www/license-server/vendor/laravel/framework/src/Illuminate/Pipeline/Pipeline.php(219): Illuminate/Foundation/Http/Middleware/TrimStrings->handle(Object(Illuminate/Http/Request), Object(Closure))
#35 C:/laragon/www/license-server/vendor/laravel/framework/src/Illuminate/Http/Middleware/ValidatePostSize.php(27): Illuminate/Pipeline/Pipeline->Illuminate/Pipeline/{closure}(Object(Illuminate/Http/Request))
#36 C:/laragon/www/license-server/vendor/laravel/framework/src/Illuminate/Pipeline/Pipeline.php(219): Illuminate/Http/Middleware/ValidatePostSize->handle(Object(Illuminate/Http/Request), Object(Closure))
#37 C:/laragon/www/license-server/vendor/laravel/framework/src/Illuminate/Foundation/Http/Middleware/PreventRequestsDuringMaintenance.php(109): Illuminate/Pipeline/Pipeline->Illuminate/Pipeline/{closure}(Object(Illuminate/Http/Request))
#38 C:/laragon/www/license-server/vendor/laravel/framework/src/Illuminate/Pipeline/Pipeline.php(219): Illuminate/Foundation/Http/Middleware/PreventRequestsDuringMaintenance->handle(Object(Illuminate/Http/Request), Object(Closure))
#39 C:/laragon/www/license-server/vendor/laravel/framework/src/Illuminate/Http/Middleware/HandleCors.php(61): Illuminate/Pipeline/Pipeline->Illuminate/Pipeline/{closure}(Object(Illuminate/Http/Request))
#40 C:/laragon/www/license-server/vendor/laravel/framework/src/Illuminate/Pipeline/Pipeline.php(219): Illuminate/Http/Middleware/HandleCors->handle(Object(Illuminate/Http/Request), Object(Closure))
#41 C:/laragon/www/license-server/vendor/laravel/framework/src/Illuminate/Http/Middleware/TrustProxies.php(58): Illuminate/Pipeline/Pipeline->Illuminate/Pipeline/{closure}(Object(Illuminate/Http/Request))
#42 C:/laragon/www/license-server/vendor/laravel/framework/src/Illuminate/Pipeline/Pipeline.php(219): Illuminate/Http/Middleware/TrustProxies->handle(Object(Illuminate/Http/Request), Object(Closure))
#43 C:/laragon/www/license-server/vendor/laravel/framework/src/Illuminate/Foundation/Http/Middleware/InvokeDeferredCallbacks.php(22): Illuminate/Pipeline/Pipeline->Illuminate/Pipeline/{closure}(Object(Illuminate/Http/Request))
#44 C:/laragon/www/license-server/vendor/laravel/framework/src/Illuminate/Pipeline/Pipeline.php(219): Illuminate/Foundation/Http/Middleware/InvokeDeferredCallbacks->handle(Object(Illuminate/Http/Request), Object(Closure))
#45 C:/laragon/www/license-server/vendor/laravel/framework/src/Illuminate/Http/Middleware/ValidatePathEncoding.php(26): Illuminate/Pipeline/Pipeline->Illuminate/Pipeline/{closure}(Object(Illuminate/Http/Request))
#46 C:/laragon/www/license-server/vendor/laravel/framework/src/Illuminate/Pipeline/Pipeline.php(219): Illuminate/Http/Middleware/ValidatePathEncoding->handle(Object(Illuminate/Http/Request), Object(Closure))
#47 C:/laragon/www/license-server/vendor/laravel/framework/src/Illuminate/Pipeline/Pipeline.php(137): Illuminate/Pipeline/Pipeline->Illuminate/Pipeline/{closure}(Object(Illuminate/Http/Request))
#48 C:/laragon/www/license-server/vendor/laravel/framework/src/Illuminate/Foundation/Http/Kernel.php(175): Illuminate/Pipeline/Pipeline->then(Object(Closure))
#49 C:/laragon/www/license-server/vendor/laravel/framework/src/Illuminate/Foundation/Http/Kernel.php(144): Illuminate/Foundation/Http/Kernel->sendRequestThroughRouter(Object(Illuminate/Http/Request))
#50 C:/laragon/www/license-server/vendor/laravel/framework/src/Illuminate/Foundation/Application.php(1220): Illuminate/Foundation/Http/Kernel->handle(Object(Illuminate/Http/Request))
#51 C:/laragon/www/license-server/public/index.php(20): Illuminate/Foundation/Application->handleRequest(Object(Illuminate/Http/Request))
#52 {main}

[previous exception] [object] (PDOException(code: 42S02): SQLSTATE[42S02]: Base table or view not found: 1146 Table 'license_server.sessions' doesn't exist at C:/laragon/www/license-server/vendor/laravel/framework/src/Illuminate/Database/Connection.php:420)
[stacktrace]
#0 C:/laragon/www/license-server/vendor/laravel/framework/src/Illuminate/Database/Connection.php(420): PDO->prepare('select * from `...')
#1 C:/laragon/www/license-server/vendor/laravel/framework/src/Illuminate/Database/Connection.php(827): Illuminate/Database/Connection->Illuminate/Database/{closure}('select * from `...', Array)
#2 C:/laragon/www/license-server/vendor/laravel/framework/src/Illuminate/Database/Connection.php(794): Illuminate/Database/Connection->runQueryCallback('select * from `...', Array, Object(Closure))
#3 C:/laragon/www/license-server/vendor/laravel/framework/src/Illuminate/Database/Connection.php(411): Illuminate/Database/Connection->run('select * from `...', Array, Object(Closure))
#4 C:/laragon/www/license-server/vendor/laravel/framework/src/Illuminate/Database/Query/Builder.php(3505): Illuminate/Database/Connection->select('select * from `...', Array, false)
#5 C:/laragon/www/license-server/vendor/laravel/framework/src/Illuminate/Database/Query/Builder.php(3490): Illuminate/Database/Query/Builder->runSelect()
#6 C:/laragon/www/license-server/vendor/laravel/framework/src/Illuminate/Database/Query/Builder.php(4080): Illuminate/Database/Query/Builder->Illuminate/Database/Query/{closure}()
#7 C:/laragon/www/license-server/vendor/laravel/framework/src/Illuminate/Database/Query/Builder.php(3489): Illuminate/Database/Query/Builder->onceWithColumns(Array, Object(Closure))
#8 C:/laragon/www/license-server/vendor/laravel/framework/src/Illuminate/Database/Concerns/BuildsQueries.php(366): Illuminate/Database/Query/Builder->get(Array)
#9 C:/laragon/www/license-server/vendor/laravel/framework/src/Illuminate/Database/Query/Builder.php(3412): Illuminate/Database/Query/Builder->first(Array)
#10 C:/laragon/www/license-server/vendor/laravel/framework/src/Illuminate/Session/DatabaseSessionHandler.php(96): Illuminate/Database/Query/Builder->find('h0tAp6yoKY70lE8...')
#11 C:/laragon/www/license-server/vendor/laravel/framework/src/Illuminate/Session/Store.php(128): Illuminate/Session/DatabaseSessionHandler->read('h0tAp6yoKY70lE8...')
#12 C:/laragon/www/license-server/vendor/laravel/framework/src/Illuminate/Session/Store.php(116): Illuminate/Session/Store->readFromHandler()
#13 C:/laragon/www/license-server/vendor/laravel/framework/src/Illuminate/Session/Store.php(100): Illuminate/Session/Store->loadSession()
#14 C:/laragon/www/license-server/vendor/laravel/framework/src/Illuminate/Session/Middleware/StartSession.php(146): Illuminate/Session/Store->start()
#15 C:/laragon/www/license-server/vendor/laravel/framework/src/Illuminate/Support/helpers.php(393): Illuminate/Session/Middleware/StartSession->Illuminate/Session/Middleware/{closure}(Object(Illuminate/Session/Store))
#16 C:/laragon/www/license-server/vendor/laravel/framework/src/Illuminate/Session/Middleware/StartSession.php(143): tap(Object(Illuminate/Session/Store), Object(Closure))
#17 C:/laragon/www/license-server/vendor/laravel/framework/src/Illuminate/Session/Middleware/StartSession.php(115): Illuminate/Session/Middleware/StartSession->startSession(Object(Illuminate/Http/Request), Object(Illuminate/Session/Store))
#18 C:/laragon/www/license-server/vendor/laravel/framework/src/Illuminate/Session/Middleware/StartSession.php(63): Illuminate/Session/Middleware/StartSession->handleStatefulRequest(Object(Illuminate/Http/Request), Object(Illuminate/Session/Store), Object(Closure))
#19 C:/laragon/www/license-server/vendor/laravel/framework/src/Illuminate/Pipeline/Pipeline.php(219): Illuminate/Session/Middleware/StartSession->handle(Object(Illuminate/Http/Request), Object(Closure))
#20 C:/laragon/www/license-server/vendor/laravel/framework/src/Illuminate/Cookie/Middleware/AddQueuedCookiesToResponse.php(36): Illuminate/Pipeline/Pipeline->Illuminate/Pipeline/{closure}(Object(Illuminate/Http/Request))
#21 C:/laragon/www/license-server/vendor/laravel/framework/src/Illuminate/Pipeline/Pipeline.php(219): Illuminate/Cookie/Middleware/AddQueuedCookiesToResponse->handle(Object(Illuminate/Http/Request), Object(Closure))
#22 C:/laragon/www/license-server/vendor/laravel/framework/src/Illuminate/Cookie/Middleware/EncryptCookies.php(74): Illuminate/Pipeline/Pipeline->Illuminate/Pipeline/{closure}(Object(Illuminate/Http/Request))
#23 C:/laragon/www/license-server/vendor/laravel/framework/src/Illuminate/Pipeline/Pipeline.php(219): Illuminate/Cookie/Middleware/EncryptCookies->handle(Object(Illuminate/Http/Request), Object(Closure))
#24 C:/laragon/www/license-server/vendor/laravel/framework/src/Illuminate/Pipeline/Pipeline.php(137): Illuminate/Pipeline/Pipeline->Illuminate/Pipeline/{closure}(Object(Illuminate/Http/Request))
#25 C:/laragon/www/license-server/vendor/laravel/framework/src/Illuminate/Routing/Router.php(821): Illuminate/Pipeline/Pipeline->then(Object(Closure))
#26 C:/laragon/www/license-server/vendor/laravel/framework/src/Illuminate/Routing/Router.php(800): Illuminate/Routing/Router->runRouteWithinStack(Object(Illuminate/Routing/Route), Object(Illuminate/Http/Request))
#27 C:/laragon/www/license-server/vendor/laravel/framework/src/Illuminate/Routing/Router.php(764): Illuminate/Routing/Router->runRoute(Object(Illuminate/Http/Request), Object(Illuminate/Routing/Route))
#28 C:/laragon/www/license-server/vendor/laravel/framework/src/Illuminate/Routing/Router.php(753): Illuminate/Routing/Router->dispatchToRoute(Object(Illuminate/Http/Request))
#29 C:/laragon/www/license-server/vendor/laravel/framework/src/Illuminate/Foundation/Http/Kernel.php(200): Illuminate/Routing/Router->dispatch(Object(Illuminate/Http/Request))
#30 C:/laragon/www/license-server/vendor/laravel/framework/src/Illuminate/Pipeline/Pipeline.php(180): Illuminate/Foundation/Http/Kernel->Illuminate/Foundation/Http/{closure}(Object(Illuminate/Http/Request))
#31 C:/laragon/www/license-server/vendor/laravel/framework/src/Illuminate/Foundation/Http/Middleware/TransformsRequest.php(21): Illuminate/Pipeline/Pipeline->Illuminate/Pipeline/{closure}(Object(Illuminate/Http/Request))
#32 C:/laragon/www/license-server/vendor/laravel/framework/src/Illuminate/Foundation/Http/Middleware/ConvertEmptyStringsToNull.php(31): Illuminate/Foundation/Http/Middleware/TransformsRequest->handle(Object(Illuminate/Http/Request), Object(Closure))
#33 C:/laragon/www/license-server/vendor/laravel/framework/src/Illuminate/Pipeline/Pipeline.php(219): Illuminate/Foundation/Http/Middleware/ConvertEmptyStringsToNull->handle(Object(Illuminate/Http/Request), Object(Closure))
#34 C:/laragon/www/license-server/vendor/laravel/framework/src/Illuminate/Foundation/Http/Middleware/TransformsRequest.php(21): Illuminate/Pipeline/Pipeline->Illuminate/Pipeline/{closure}(Object(Illuminate/Http/Request))
#35 C:/laragon/www/license-server/vendor/laravel/framework/src/Illuminate/Foundation/Http/Middleware/TrimStrings.php(51): Illuminate/Foundation/Http/Middleware/TransformsRequest->handle(Object(Illuminate/Http/Request), Object(Closure))
#36 C:/laragon/www/license-server/vendor/laravel/framework/src/Illuminate/Pipeline/Pipeline.php(219): Illuminate/Foundation/Http/Middleware/TrimStrings->handle(Object(Illuminate/Http/Request), Object(Closure))
#37 C:/laragon/www/license-server/vendor/laravel/framework/src/Illuminate/Http/Middleware/ValidatePostSize.php(27): Illuminate/Pipeline/Pipeline->Illuminate/Pipeline/{closure}(Object(Illuminate/Http/Request))
#38 C:/laragon/www/license-server/vendor/laravel/framework/src/Illuminate/Pipeline/Pipeline.php(219): Illuminate/Http/Middleware/ValidatePostSize->handle(Object(Illuminate/Http/Request), Object(Closure))
#39 C:/laragon/www/license-server/vendor/laravel/framework/src/Illuminate/Foundation/Http/Middleware/PreventRequestsDuringMaintenance.php(109): Illuminate/Pipeline/Pipeline->Illuminate/Pipeline/{closure}(Object(Illuminate/Http/Request))
#40 C:/laragon/www/license-server/vendor/laravel/framework/src/Illuminate/Pipeline/Pipeline.php(219): Illuminate/Foundation/Http/Middleware/PreventRequestsDuringMaintenance->handle(Object(Illuminate/Http/Request), Object(Closure))
#41 C:/laragon/www/license-server/vendor/laravel/framework/src/Illuminate/Http/Middleware/HandleCors.php(61): Illuminate/Pipeline/Pipeline->Illuminate/Pipeline/{closure}(Object(Illuminate/Http/Request))
#42 C:/laragon/www/license-server/vendor/laravel/framework/src/Illuminate/Pipeline/Pipeline.php(219): Illuminate/Http/Middleware/HandleCors->handle(Object(Illuminate/Http/Request), Object(Closure))
#43 C:/laragon/www/license-server/vendor/laravel/framework/src/Illuminate/Http/Middleware/TrustProxies.php(58): Illuminate/Pipeline/Pipeline->Illuminate/Pipeline/{closure}(Object(Illuminate/Http/Request))
#44 C:/laragon/www/license-server/vendor/laravel/framework/src/Illuminate/Pipeline/Pipeline.php(219): Illuminate/Http/Middleware/TrustProxies->handle(Object(Illuminate/Http/Request), Object(Closure))
#45 C:/laragon/www/license-server/vendor/laravel/framework/src/Illuminate/Foundation/Http/Middleware/InvokeDeferredCallbacks.php(22): Illuminate/Pipeline/Pipeline->Illuminate/Pipeline/{closure}(Object(Illuminate/Http/Request))
#46 C:/laragon/www/license-server/vendor/laravel/framework/src/Illuminate/Pipeline/Pipeline.php(219): Illuminate/Foundation/Http/Middleware/InvokeDeferredCallbacks->handle(Object(Illuminate/Http/Request), Object(Closure))
#47 C:/laragon/www/license-server/vendor/laravel/framework/src/Illuminate/Http/Middleware/ValidatePathEncoding.php(26): Illuminate/Pipeline/Pipeline->Illuminate/Pipeline/{closure}(Object(Illuminate/Http/Request))
#48 C:/laragon/www/license-server/vendor/laravel/framework/src/Illuminate/Pipeline/Pipeline.php(219): Illuminate/Http/Middleware/ValidatePathEncoding->handle(Object(Illuminate/Http/Request), Object(Closure))
#49 C:/laragon/www/license-server/vendor/laravel/framework/src/Illuminate/Pipeline/Pipeline.php(137): Illuminate/Pipeline/Pipeline->Illuminate/Pipeline/{closure}(Object(Illuminate/Http/Request))
#50 C:/laragon/www/license-server/vendor/laravel/framework/src/Illuminate/Foundation/Http/Kernel.php(175): Illuminate/Pipeline/Pipeline->then(Object(Closure))
#51 C:/laragon/www/license-server/vendor/laravel/framework/src/Illuminate/Foundation/Http/Kernel.php(144): Illuminate/Foundation/Http/Kernel->sendRequestThroughRouter(Object(Illuminate/Http/Request))
#52 C:/laragon/www/license-server/vendor/laravel/framework/src/Illuminate/Foundation/Application.php(1220): Illuminate/Foundation/Http/Kernel->handle(Object(Illuminate/Http/Request))
#53 C:/laragon/www/license-server/public/index.php(20): Illuminate/Foundation/Application->handleRequest(Object(Illuminate/Http/Request))
#54 {main}
"} 
[2026-08-01 03:35:25] local.ERROR: SQLSTATE[42S02]: Base table or view not found: 1146 Table 'license_server.sessions' doesn't exist (Connection: mysql, Host: 127.0.0.1, Port: 3306, Database: license_server, SQL: select * from `sessions` where `id` = szes3qnFqx71NHksGJAgBidJUiSfEudggNkNoh7X limit 1) {"exception":"[object] (Illuminate\\Database\\QueryException(code: 42S02): SQLSTATE[42S02]: Base table or view not found: 1146 Table 'license_server.sessions' doesn't exist (Connection: mysql, Host: 127.0.0.1, Port: 3306, Database: license_server, SQL: select * from `sessions` where `id` = szes3qnFqx71NHksGJAgBidJUiSfEudggNkNoh7X limit 1) at C:/laragon/www/license-server/vendor/laravel/framework/src/Illuminate/Database/Connection.php:838)
[stacktrace]
#0 C:/laragon/www/license-server/vendor/laravel/framework/src/Illuminate/Database/Connection.php(794): Illuminate/Database/Connection->runQueryCallback('select * from `...', Array, Object(Closure))
#1 C:/laragon/www/license-server/vendor/laravel/framework/src/Illuminate/Database/Connection.php(411): Illuminate/Database/Connection->run('select * from `...', Array, Object(Closure))
#2 C:/laragon/www/license-server/vendor/laravel/framework/src/Illuminate/Database/Query/Builder.php(3505): Illuminate/Database/Connection->select('select * from `...', Array, false)
#3 C:/laragon/www/license-server/vendor/laravel/framework/src/Illuminate/Database/Query/Builder.php(3490): Illuminate/Database/Query/Builder->runSelect()
#4 C:/laragon/www/license-server/vendor/laravel/framework/src/Illuminate/Database/Query/Builder.php(4080): Illuminate/Database/Query/Builder->Illuminate/Database/Query/{closure}()
#5 C:/laragon/www/license-server/vendor/laravel/framework/src/Illuminate/Database/Query/Builder.php(3489): Illuminate/Database/Query/Builder->onceWithColumns(Array, Object(Closure))
#6 C:/laragon/www/license-server/vendor/laravel/framework/src/Illuminate/Database/Concerns/BuildsQueries.php(366): Illuminate/Database/Query/Builder->get(Array)
#7 C:/laragon/www/license-server/vendor/laravel/framework/src/Illuminate/Database/Query/Builder.php(3412): Illuminate/Database/Query/Builder->first(Array)
#8 C:/laragon/www/license-server/vendor/laravel/framework/src/Illuminate/Session/DatabaseSessionHandler.php(96): Illuminate/Database/Query/Builder->find('szes3qnFqx71NHk...')
#9 C:/laragon/www/license-server/vendor/laravel/framework/src/Illuminate/Session/Store.php(128): Illuminate/Session/DatabaseSessionHandler->read('szes3qnFqx71NHk...')
#10 C:/laragon/www/license-server/vendor/laravel/framework/src/Illuminate/Session/Store.php(116): Illuminate/Session/Store->readFromHandler()
#11 C:/laragon/www/license-server/vendor/laravel/framework/src/Illuminate/Session/Store.php(100): Illuminate/Session/Store->loadSession()
#12 C:/laragon/www/license-server/vendor/laravel/framework/src/Illuminate/Session/Middleware/StartSession.php(146): Illuminate/Session/Store->start()
#13 C:/laragon/www/license-server/vendor/laravel/framework/src/Illuminate/Support/helpers.php(393): Illuminate/Session/Middleware/StartSession->Illuminate/Session/Middleware/{closure}(Object(Illuminate/Session/Store))
#14 C:/laragon/www/license-server/vendor/laravel/framework/src/Illuminate/Session/Middleware/StartSession.php(143): tap(Object(Illuminate/Session/Store), Object(Closure))
#15 C:/laragon/www/license-server/vendor/laravel/framework/src/Illuminate/Session/Middleware/StartSession.php(115): Illuminate/Session/Middleware/StartSession->startSession(Object(Illuminate/Http/Request), Object(Illuminate/Session/Store))
#16 C:/laragon/www/license-server/vendor/laravel/framework/src/Illuminate/Session/Middleware/StartSession.php(63): Illuminate/Session/Middleware/StartSession->handleStatefulRequest(Object(Illuminate/Http/Request), Object(Illuminate/Session/Store), Object(Closure))
#17 C:/laragon/www/license-server/vendor/laravel/framework/src/Illuminate/Pipeline/Pipeline.php(219): Illuminate/Session/Middleware/StartSession->handle(Object(Illuminate/Http/Request), Object(Closure))
#18 C:/laragon/www/license-server/vendor/laravel/framework/src/Illuminate/Cookie/Middleware/AddQueuedCookiesToResponse.php(36): Illuminate/Pipeline/Pipeline->Illuminate/Pipeline/{closure}(Object(Illuminate/Http/Request))
#19 C:/laragon/www/license-server/vendor/laravel/framework/src/Illuminate/Pipeline/Pipeline.php(219): Illuminate/Cookie/Middleware/AddQueuedCookiesToResponse->handle(Object(Illuminate/Http/Request), Object(Closure))
#20 C:/laragon/www/license-server/vendor/laravel/framework/src/Illuminate/Cookie/Middleware/EncryptCookies.php(74): Illuminate/Pipeline/Pipeline->Illuminate/Pipeline/{closure}(Object(Illuminate/Http/Request))
#21 C:/laragon/www/license-server/vendor/laravel/framework/src/Illuminate/Pipeline/Pipeline.php(219): Illuminate/Cookie/Middleware/EncryptCookies->handle(Object(Illuminate/Http/Request), Object(Closure))
#22 C:/laragon/www/license-server/vendor/laravel/framework/src/Illuminate/Pipeline/Pipeline.php(137): Illuminate/Pipeline/Pipeline->Illuminate/Pipeline/{closure}(Object(Illuminate/Http/Request))
#23 C:/laragon/www/license-server/vendor/laravel/framework/src/Illuminate/Routing/Router.php(821): Illuminate/Pipeline/Pipeline->then(Object(Closure))
#24 C:/laragon/www/license-server/vendor/laravel/framework/src/Illuminate/Routing/Router.php(800): Illuminate/Routing/Router->runRouteWithinStack(Object(Illuminate/Routing/Route), Object(Illuminate/Http/Request))
#25 C:/laragon/www/license-server/vendor/laravel/framework/src/Illuminate/Routing/Router.php(764): Illuminate/Routing/Router->runRoute(Object(Illuminate/Http/Request), Object(Illuminate/Routing/Route))
#26 C:/laragon/www/license-server/vendor/laravel/framework/src/Illuminate/Routing/Router.php(753): Illuminate/Routing/Router->dispatchToRoute(Object(Illuminate/Http/Request))
#27 C:/laragon/www/license-server/vendor/laravel/framework/src/Illuminate/Foundation/Http/Kernel.php(200): Illuminate/Routing/Router->dispatch(Object(Illuminate/Http/Request))
#28 C:/laragon/www/license-server/vendor/laravel/framework/src/Illuminate/Pipeline/Pipeline.php(180): Illuminate/Foundation/Http/Kernel->Illuminate/Foundation/Http/{closure}(Object(Illuminate/Http/Request))
#29 C:/laragon/www/license-server/vendor/laravel/framework/src/Illuminate/Foundation/Http/Middleware/TransformsRequest.php(21): Illuminate/Pipeline/Pipeline->Illuminate/Pipeline/{closure}(Object(Illuminate/Http/Request))
#30 C:/laragon/www/license-server/vendor/laravel/framework/src/Illuminate/Foundation/Http/Middleware/ConvertEmptyStringsToNull.php(31): Illuminate/Foundation/Http/Middleware/TransformsRequest->handle(Object(Illuminate/Http/Request), Object(Closure))
#31 C:/laragon/www/license-server/vendor/laravel/framework/src/Illuminate/Pipeline/Pipeline.php(219): Illuminate/Foundation/Http/Middleware/ConvertEmptyStringsToNull->handle(Object(Illuminate/Http/Request), Object(Closure))
#32 C:/laragon/www/license-server/vendor/laravel/framework/src/Illuminate/Foundation/Http/Middleware/TransformsRequest.php(21): Illuminate/Pipeline/Pipeline->Illuminate/Pipeline/{closure}(Object(Illuminate/Http/Request))
#33 C:/laragon/www/license-server/vendor/laravel/framework/src/Illuminate/Foundation/Http/Middleware/TrimStrings.php(51): Illuminate/Foundation/Http/Middleware/TransformsRequest->handle(Object(Illuminate/Http/Request), Object(Closure))
#34 C:/laragon/www/license-server/vendor/laravel/framework/src/Illuminate/Pipeline/Pipeline.php(219): Illuminate/Foundation/Http/Middleware/TrimStrings->handle(Object(Illuminate/Http/Request), Object(Closure))
#35 C:/laragon/www/license-server/vendor/laravel/framework/src/Illuminate/Http/Middleware/ValidatePostSize.php(27): Illuminate/Pipeline/Pipeline->Illuminate/Pipeline/{closure}(Object(Illuminate/Http/Request))
#36 C:/laragon/www/license-server/vendor/laravel/framework/src/Illuminate/Pipeline/Pipeline.php(219): Illuminate/Http/Middleware/ValidatePostSize->handle(Object(Illuminate/Http/Request), Object(Closure))
#37 C:/laragon/www/license-server/vendor/laravel/framework/src/Illuminate/Foundation/Http/Middleware/PreventRequestsDuringMaintenance.php(109): Illuminate/Pipeline/Pipeline->Illuminate/Pipeline/{closure}(Object(Illuminate/Http/Request))
#38 C:/laragon/www/license-server/vendor/laravel/framework/src/Illuminate/Pipeline/Pipeline.php(219): Illuminate/Foundation/Http/Middleware/PreventRequestsDuringMaintenance->handle(Object(Illuminate/Http/Request), Object(Closure))
#39 C:/laragon/www/license-server/vendor/laravel/framework/src/Illuminate/Http/Middleware/HandleCors.php(61): Illuminate/Pipeline/Pipeline->Illuminate/Pipeline/{closure}(Object(Illuminate/Http/Request))
#40 C:/laragon/www/license-server/vendor/laravel/framework/src/Illuminate/Pipeline/Pipeline.php(219): Illuminate/Http/Middleware/HandleCors->handle(Object(Illuminate/Http/Request), Object(Closure))
#41 C:/laragon/www/license-server/vendor/laravel/framework/src/Illuminate/Http/Middleware/TrustProxies.php(58): Illuminate/Pipeline/Pipeline->Illuminate/Pipeline/{closure}(Object(Illuminate/Http/Request))
#42 C:/laragon/www/license-server/vendor/laravel/framework/src/Illuminate/Pipeline/Pipeline.php(219): Illuminate/Http/Middleware/TrustProxies->handle(Object(Illuminate/Http/Request), Object(Closure))
#43 C:/laragon/www/license-server/vendor/laravel/framework/src/Illuminate/Foundation/Http/Middleware/InvokeDeferredCallbacks.php(22): Illuminate/Pipeline/Pipeline->Illuminate/Pipeline/{closure}(Object(Illuminate/Http/Request))
#44 C:/laragon/www/license-server/vendor/laravel/framework/src/Illuminate/Pipeline/Pipeline.php(219): Illuminate/Foundation/Http/Middleware/InvokeDeferredCallbacks->handle(Object(Illuminate/Http/Request), Object(Closure))
#45 C:/laragon/www/license-server/vendor/laravel/framework/src/Illuminate/Http/Middleware/ValidatePathEncoding.php(26): Illuminate/Pipeline/Pipeline->Illuminate/Pipeline/{closure}(Object(Illuminate/Http/Request))
#46 C:/laragon/www/license-server/vendor/laravel/framework/src/Illuminate/Pipeline/Pipeline.php(219): Illuminate/Http/Middleware/ValidatePathEncoding->handle(Object(Illuminate/Http/Request), Object(Closure))
#47 C:/laragon/www/license-server/vendor/laravel/framework/src/Illuminate/Pipeline/Pipeline.php(137): Illuminate/Pipeline/Pipeline->Illuminate/Pipeline/{closure}(Object(Illuminate/Http/Request))
#48 C:/laragon/www/license-server/vendor/laravel/framework/src/Illuminate/Foundation/Http/Kernel.php(175): Illuminate/Pipeline/Pipeline->then(Object(Closure))
#49 C:/laragon/www/license-server/vendor/laravel/framework/src/Illuminate/Foundation/Http/Kernel.php(144): Illuminate/Foundation/Http/Kernel->sendRequestThroughRouter(Object(Illuminate/Http/Request))
#50 C:/laragon/www/license-server/vendor/laravel/framework/src/Illuminate/Foundation/Application.php(1220): Illuminate/Foundation/Http/Kernel->handle(Object(Illuminate/Http/Request))
#51 C:/laragon/www/license-server/public/index.php(20): Illuminate/Foundation/Application->handleRequest(Object(Illuminate/Http/Request))
#52 {main}

[previous exception] [object] (PDOException(code: 42S02): SQLSTATE[42S02]: Base table or view not found: 1146 Table 'license_server.sessions' doesn't exist at C:/laragon/www/license-server/vendor/laravel/framework/src/Illuminate/Database/Connection.php:420)
[stacktrace]
#0 C:/laragon/www/license-server/vendor/laravel/framework/src/Illuminate/Database/Connection.php(420): PDO->prepare('select * from `...')
#1 C:/laragon/www/license-server/vendor/laravel/framework/src/Illuminate/Database/Connection.php(827): Illuminate/Database/Connection->Illuminate/Database/{closure}('select * from `...', Array)
#2 C:/laragon/www/license-server/vendor/laravel/framework/src/Illuminate/Database/Connection.php(794): Illuminate/Database/Connection->runQueryCallback('select * from `...', Array, Object(Closure))
#3 C:/laragon/www/license-server/vendor/laravel/framework/src/Illuminate/Database/Connection.php(411): Illuminate/Database/Connection->run('select * from `...', Array, Object(Closure))
#4 C:/laragon/www/license-server/vendor/laravel/framework/src/Illuminate/Database/Query/Builder.php(3505): Illuminate/Database/Connection->select('select * from `...', Array, false)
#5 C:/laragon/www/license-server/vendor/laravel/framework/src/Illuminate/Database/Query/Builder.php(3490): Illuminate/Database/Query/Builder->runSelect()
#6 C:/laragon/www/license-server/vendor/laravel/framework/src/Illuminate/Database/Query/Builder.php(4080): Illuminate/Database/Query/Builder->Illuminate/Database/Query/{closure}()
#7 C:/laragon/www/license-server/vendor/laravel/framework/src/Illuminate/Database/Query/Builder.php(3489): Illuminate/Database/Query/Builder->onceWithColumns(Array, Object(Closure))
#8 C:/laragon/www/license-server/vendor/laravel/framework/src/Illuminate/Database/Concerns/BuildsQueries.php(366): Illuminate/Database/Query/Builder->get(Array)
#9 C:/laragon/www/license-server/vendor/laravel/framework/src/Illuminate/Database/Query/Builder.php(3412): Illuminate/Database/Query/Builder->first(Array)
#10 C:/laragon/www/license-server/vendor/laravel/framework/src/Illuminate/Session/DatabaseSessionHandler.php(96): Illuminate/Database/Query/Builder->find('szes3qnFqx71NHk...')
#11 C:/laragon/www/license-server/vendor/laravel/framework/src/Illuminate/Session/Store.php(128): Illuminate/Session/DatabaseSessionHandler->read('szes3qnFqx71NHk...')
#12 C:/laragon/www/license-server/vendor/laravel/framework/src/Illuminate/Session/Store.php(116): Illuminate/Session/Store->readFromHandler()
#13 C:/laragon/www/license-server/vendor/laravel/framework/src/Illuminate/Session/Store.php(100): Illuminate/Session/Store->loadSession()
#14 C:/laragon/www/license-server/vendor/laravel/framework/src/Illuminate/Session/Middleware/StartSession.php(146): Illuminate/Session/Store->start()
#15 C:/laragon/www/license-server/vendor/laravel/framework/src/Illuminate/Support/helpers.php(393): Illuminate/Session/Middleware/StartSession->Illuminate/Session/Middleware/{closure}(Object(Illuminate/Session/Store))
#16 C:/laragon/www/license-server/vendor/laravel/framework/src/Illuminate/Session/Middleware/StartSession.php(143): tap(Object(Illuminate/Session/Store), Object(Closure))
#17 C:/laragon/www/license-server/vendor/laravel/framework/src/Illuminate/Session/Middleware/StartSession.php(115): Illuminate/Session/Middleware/StartSession->startSession(Object(Illuminate/Http/Request), Object(Illuminate/Session/Store))
#18 C:/laragon/www/license-server/vendor/laravel/framework/src/Illuminate/Session/Middleware/StartSession.php(63): Illuminate/Session/Middleware/StartSession->handleStatefulRequest(Object(Illuminate/Http/Request), Object(Illuminate/Session/Store), Object(Closure))
#19 C:/laragon/www/license-server/vendor/laravel/framework/src/Illuminate/Pipeline/Pipeline.php(219): Illuminate/Session/Middleware/StartSession->handle(Object(Illuminate/Http/Request), Object(Closure))
#20 C:/laragon/www/license-server/vendor/laravel/framework/src/Illuminate/Cookie/Middleware/AddQueuedCookiesToResponse.php(36): Illuminate/Pipeline/Pipeline->Illuminate/Pipeline/{closure}(Object(Illuminate/Http/Request))
#21 C:/laragon/www/license-server/vendor/laravel/framework/src/Illuminate/Pipeline/Pipeline.php(219): Illuminate/Cookie/Middleware/AddQueuedCookiesToResponse->handle(Object(Illuminate/Http/Request), Object(Closure))
#22 C:/laragon/www/license-server/vendor/laravel/framework/src/Illuminate/Cookie/Middleware/EncryptCookies.php(74): Illuminate/Pipeline/Pipeline->Illuminate/Pipeline/{closure}(Object(Illuminate/Http/Request))
#23 C:/laragon/www/license-server/vendor/laravel/framework/src/Illuminate/Pipeline/Pipeline.php(219): Illuminate/Cookie/Middleware/EncryptCookies->handle(Object(Illuminate/Http/Request), Object(Closure))
#24 C:/laragon/www/license-server/vendor/laravel/framework/src/Illuminate/Pipeline/Pipeline.php(137): Illuminate/Pipeline/Pipeline->Illuminate/Pipeline/{closure}(Object(Illuminate/Http/Request))
#25 C:/laragon/www/license-server/vendor/laravel/framework/src/Illuminate/Routing/Router.php(821): Illuminate/Pipeline/Pipeline->then(Object(Closure))
#26 C:/laragon/www/license-server/vendor/laravel/framework/src/Illuminate/Routing/Router.php(800): Illuminate/Routing/Router->runRouteWithinStack(Object(Illuminate/Routing/Route), Object(Illuminate/Http/Request))
#27 C:/laragon/www/license-server/vendor/laravel/framework/src/Illuminate/Routing/Router.php(764): Illuminate/Routing/Router->runRoute(Object(Illuminate/Http/Request), Object(Illuminate/Routing/Route))
#28 C:/laragon/www/license-server/vendor/laravel/framework/src/Illuminate/Routing/Router.php(753): Illuminate/Routing/Router->dispatchToRoute(Object(Illuminate/Http/Request))
#29 C:/laragon/www/license-server/vendor/laravel/framework/src/Illuminate/Foundation/Http/Kernel.php(200): Illuminate/Routing/Router->dispatch(Object(Illuminate/Http/Request))
#30 C:/laragon/www/license-server/vendor/laravel/framework/src/Illuminate/Pipeline/Pipeline.php(180): Illuminate/Foundation/Http/Kernel->Illuminate/Foundation/Http/{closure}(Object(Illuminate/Http/Request))
#31 C:/laragon/www/license-server/vendor/laravel/framework/src/Illuminate/Foundation/Http/Middleware/TransformsRequest.php(21): Illuminate/Pipeline/Pipeline->Illuminate/Pipeline/{closure}(Object(Illuminate/Http/Request))
#32 C:/laragon/www/license-server/vendor/laravel/framework/src/Illuminate/Foundation/Http/Middleware/ConvertEmptyStringsToNull.php(31): Illuminate/Foundation/Http/Middleware/TransformsRequest->handle(Object(Illuminate/Http/Request), Object(Closure))
#33 C:/laragon/www/license-server/vendor/laravel/framework/src/Illuminate/Pipeline/Pipeline.php(219): Illuminate/Foundation/Http/Middleware/ConvertEmptyStringsToNull->handle(Object(Illuminate/Http/Request), Object(Closure))
#34 C:/laragon/www/license-server/vendor/laravel/framework/src/Illuminate/Foundation/Http/Middleware/TransformsRequest.php(21): Illuminate/Pipeline/Pipeline->Illuminate/Pipeline/{closure}(Object(Illuminate/Http/Request))
#35 C:/laragon/www/license-server/vendor/laravel/framework/src/Illuminate/Foundation/Http/Middleware/TrimStrings.php(51): Illuminate/Foundation/Http/Middleware/TransformsRequest->handle(Object(Illuminate/Http/Request), Object(Closure))
#36 C:/laragon/www/license-server/vendor/laravel/framework/src/Illuminate/Pipeline/Pipeline.php(219): Illuminate/Foundation/Http/Middleware/TrimStrings->handle(Object(Illuminate/Http/Request), Object(Closure))
#37 C:/laragon/www/license-server/vendor/laravel/framework/src/Illuminate/Http/Middleware/ValidatePostSize.php(27): Illuminate/Pipeline/Pipeline->Illuminate/Pipeline/{closure}(Object(Illuminate/Http/Request))
#38 C:/laragon/www/license-server/vendor/laravel/framework/src/Illuminate/Pipeline/Pipeline.php(219): Illuminate/Http/Middleware/ValidatePostSize->handle(Object(Illuminate/Http/Request), Object(Closure))
#39 C:/laragon/www/license-server/vendor/laravel/framework/src/Illuminate/Foundation/Http/Middleware/PreventRequestsDuringMaintenance.php(109): Illuminate/Pipeline/Pipeline->Illuminate/Pipeline/{closure}(Object(Illuminate/Http/Request))
#40 C:/laragon/www/license-server/vendor/laravel/framework/src/Illuminate/Pipeline/Pipeline.php(219): Illuminate/Foundation/Http/Middleware/PreventRequestsDuringMaintenance->handle(Object(Illuminate/Http/Request), Object(Closure))
#41 C:/laragon/www/license-server/vendor/laravel/framework/src/Illuminate/Http/Middleware/HandleCors.php(61): Illuminate/Pipeline/Pipeline->Illuminate/Pipeline/{closure}(Object(Illuminate/Http/Request))
#42 C:/laragon/www/license-server/vendor/laravel/framework/src/Illuminate/Pipeline/Pipeline.php(219): Illuminate/Http/Middleware/HandleCors->handle(Object(Illuminate/Http/Request), Object(Closure))
#43 C:/laragon/www/license-server/vendor/laravel/framework/src/Illuminate/Http/Middleware/TrustProxies.php(58): Illuminate/Pipeline/Pipeline->Illuminate/Pipeline/{closure}(Object(Illuminate/Http/Request))
#44 C:/laragon/www/license-server/vendor/laravel/framework/src/Illuminate/Pipeline/Pipeline.php(219): Illuminate/Http/Middleware/TrustProxies->handle(Object(Illuminate/Http/Request), Object(Closure))
#45 C:/laragon/www/license-server/vendor/laravel/framework/src/Illuminate/Foundation/Http/Middleware/InvokeDeferredCallbacks.php(22): Illuminate/Pipeline/Pipeline->Illuminate/Pipeline/{closure}(Object(Illuminate/Http/Request))
#46 C:/laragon/www/license-server/vendor/laravel/framework/src/Illuminate/Pipeline/Pipeline.php(219): Illuminate/Foundation/Http/Middleware/InvokeDeferredCallbacks->handle(Object(Illuminate/Http/Request), Object(Closure))
#47 C:/laragon/www/license-server/vendor/laravel/framework/src/Illuminate/Http/Middleware/ValidatePathEncoding.php(26): Illuminate/Pipeline/Pipeline->Illuminate/Pipeline/{closure}(Object(Illuminate/Http/Request))
#48 C:/laragon/www/license-server/vendor/laravel/framework/src/Illuminate/Pipeline/Pipeline.php(219): Illuminate/Http/Middleware/ValidatePathEncoding->handle(Object(Illuminate/Http/Request), Object(Closure))
#49 C:/laragon/www/license-server/vendor/laravel/framework/src/Illuminate/Pipeline/Pipeline.php(137): Illuminate/Pipeline/Pipeline->Illuminate/Pipeline/{closure}(Object(Illuminate/Http/Request))
#50 C:/laragon/www/license-server/vendor/laravel/framework/src/Illuminate/Foundation/Http/Kernel.php(175): Illuminate/Pipeline/Pipeline->then(Object(Closure))
#51 C:/laragon/www/license-server/vendor/laravel/framework/src/Illuminate/Foundation/Http/Kernel.php(144): Illuminate/Foundation/Http/Kernel->sendRequestThroughRouter(Object(Illuminate/Http/Request))
#52 C:/laragon/www/license-server/vendor/laravel/framework/src/Illuminate/Foundation/Application.php(1220): Illuminate/Foundation/Http/Kernel->handle(Object(Illuminate/Http/Request))
#53 C:/laragon/www/license-server/public/index.php(20): Illuminate/Foundation/Application->handleRequest(Object(Illuminate/Http/Request))
#54 {main}
"} 
[2026-08-01 03:35:55] local.ERROR: SQLSTATE[42S02]: Base table or view not found: 1146 Table 'license_server.sessions' doesn't exist (Connection: mysql, Host: 127.0.0.1, Port: 3306, Database: license_server, SQL: select * from `sessions` where `id` = 0l6ISLTDdq3RtZkabAHnUrhQTj9TWlUezQlvzAPy limit 1) {"exception":"[object] (Illuminate\\Database\\QueryException(code: 42S02): SQLSTATE[42S02]: Base table or view not found: 1146 Table 'license_server.sessions' doesn't exist (Connection: mysql, Host: 127.0.0.1, Port: 3306, Database: license_server, SQL: select * from `sessions` where `id` = 0l6ISLTDdq3RtZkabAHnUrhQTj9TWlUezQlvzAPy limit 1) at C:/laragon/www/license-server/vendor/laravel/framework/src/Illuminate/Database/Connection.php:838)
[stacktrace]
#0 C:/laragon/www/license-server/vendor/laravel/framework/src/Illuminate/Database/Connection.php(794): Illuminate/Database/Connection->runQueryCallback('select * from `...', Array, Object(Closure))
#1 C:/laragon/www/license-server/vendor/laravel/framework/src/Illuminate/Database/Connection.php(411): Illuminate/Database/Connection->run('select * from `...', Array, Object(Closure))
#2 C:/laragon/www/license-server/vendor/laravel/framework/src/Illuminate/Database/Query/Builder.php(3505): Illuminate/Database/Connection->select('select * from `...', Array, false)
#3 C:/laragon/www/license-server/vendor/laravel/framework/src/Illuminate/Database/Query/Builder.php(3490): Illuminate/Database/Query/Builder->runSelect()
#4 C:/laragon/www/license-server/vendor/laravel/framework/src/Illuminate/Database/Query/Builder.php(4080): Illuminate/Database/Query/Builder->Illuminate/Database/Query/{closure}()
#5 C:/laragon/www/license-server/vendor/laravel/framework/src/Illuminate/Database/Query/Builder.php(3489): Illuminate/Database/Query/Builder->onceWithColumns(Array, Object(Closure))
#6 C:/laragon/www/license-server/vendor/laravel/framework/src/Illuminate/Database/Concerns/BuildsQueries.php(366): Illuminate/Database/Query/Builder->get(Array)
#7 C:/laragon/www/license-server/vendor/laravel/framework/src/Illuminate/Database/Query/Builder.php(3412): Illuminate/Database/Query/Builder->first(Array)
#8 C:/laragon/www/license-server/vendor/laravel/framework/src/Illuminate/Session/DatabaseSessionHandler.php(96): Illuminate/Database/Query/Builder->find('0l6ISLTDdq3RtZk...')
#9 C:/laragon/www/license-server/vendor/laravel/framework/src/Illuminate/Session/Store.php(128): Illuminate/Session/DatabaseSessionHandler->read('0l6ISLTDdq3RtZk...')
#10 C:/laragon/www/license-server/vendor/laravel/framework/src/Illuminate/Session/Store.php(116): Illuminate/Session/Store->readFromHandler()
#11 C:/laragon/www/license-server/vendor/laravel/framework/src/Illuminate/Session/Store.php(100): Illuminate/Session/Store->loadSession()
#12 C:/laragon/www/license-server/vendor/laravel/framework/src/Illuminate/Session/Middleware/StartSession.php(146): Illuminate/Session/Store->start()
#13 C:/laragon/www/license-server/vendor/laravel/framework/src/Illuminate/Support/helpers.php(393): Illuminate/Session/Middleware/StartSession->Illuminate/Session/Middleware/{closure}(Object(Illuminate/Session/Store))
#14 C:/laragon/www/license-server/vendor/laravel/framework/src/Illuminate/Session/Middleware/StartSession.php(143): tap(Object(Illuminate/Session/Store), Object(Closure))
#15 C:/laragon/www/license-server/vendor/laravel/framework/src/Illuminate/Session/Middleware/StartSession.php(115): Illuminate/Session/Middleware/StartSession->startSession(Object(Illuminate/Http/Request), Object(Illuminate/Session/Store))
#16 C:/laragon/www/license-server/vendor/laravel/framework/src/Illuminate/Session/Middleware/StartSession.php(63): Illuminate/Session/Middleware/StartSession->handleStatefulRequest(Object(Illuminate/Http/Request), Object(Illuminate/Session/Store), Object(Closure))
#17 C:/laragon/www/license-server/vendor/laravel/framework/src/Illuminate/Pipeline/Pipeline.php(219): Illuminate/Session/Middleware/StartSession->handle(Object(Illuminate/Http/Request), Object(Closure))
#18 C:/laragon/www/license-server/vendor/laravel/framework/src/Illuminate/Cookie/Middleware/AddQueuedCookiesToResponse.php(36): Illuminate/Pipeline/Pipeline->Illuminate/Pipeline/{closure}(Object(Illuminate/Http/Request))
#19 C:/laragon/www/license-server/vendor/laravel/framework/src/Illuminate/Pipeline/Pipeline.php(219): Illuminate/Cookie/Middleware/AddQueuedCookiesToResponse->handle(Object(Illuminate/Http/Request), Object(Closure))
#20 C:/laragon/www/license-server/vendor/laravel/framework/src/Illuminate/Cookie/Middleware/EncryptCookies.php(74): Illuminate/Pipeline/Pipeline->Illuminate/Pipeline/{closure}(Object(Illuminate/Http/Request))
#21 C:/laragon/www/license-server/vendor/laravel/framework/src/Illuminate/Pipeline/Pipeline.php(219): Illuminate/Cookie/Middleware/EncryptCookies->handle(Object(Illuminate/Http/Request), Object(Closure))
#22 C:/laragon/www/license-server/vendor/laravel/framework/src/Illuminate/Pipeline/Pipeline.php(137): Illuminate/Pipeline/Pipeline->Illuminate/Pipeline/{closure}(Object(Illuminate/Http/Request))
#23 C:/laragon/www/license-server/vendor/laravel/framework/src/Illuminate/Routing/Router.php(821): Illuminate/Pipeline/Pipeline->then(Object(Closure))
#24 C:/laragon/www/license-server/vendor/laravel/framework/src/Illuminate/Routing/Router.php(800): Illuminate/Routing/Router->runRouteWithinStack(Object(Illuminate/Routing/Route), Object(Illuminate/Http/Request))
#25 C:/laragon/www/license-server/vendor/laravel/framework/src/Illuminate/Routing/Router.php(764): Illuminate/Routing/Router->runRoute(Object(Illuminate/Http/Request), Object(Illuminate/Routing/Route))
#26 C:/laragon/www/license-server/vendor/laravel/framework/src/Illuminate/Routing/Router.php(753): Illuminate/Routing/Router->dispatchToRoute(Object(Illuminate/Http/Request))
#27 C:/laragon/www/license-server/vendor/laravel/framework/src/Illuminate/Foundation/Http/Kernel.php(200): Illuminate/Routing/Router->dispatch(Object(Illuminate/Http/Request))
#28 C:/laragon/www/license-server/vendor/laravel/framework/src/Illuminate/Pipeline/Pipeline.php(180): Illuminate/Foundation/Http/Kernel->Illuminate/Foundation/Http/{closure}(Object(Illuminate/Http/Request))
#29 C:/laragon/www/license-server/vendor/laravel/framework/src/Illuminate/Foundation/Http/Middleware/TransformsRequest.php(21): Illuminate/Pipeline/Pipeline->Illuminate/Pipeline/{closure}(Object(Illuminate/Http/Request))
#30 C:/laragon/www/license-server/vendor/laravel/framework/src/Illuminate/Foundation/Http/Middleware/ConvertEmptyStringsToNull.php(31): Illuminate/Foundation/Http/Middleware/TransformsRequest->handle(Object(Illuminate/Http/Request), Object(Closure))
#31 C:/laragon/www/license-server/vendor/laravel/framework/src/Illuminate/Pipeline/Pipeline.php(219): Illuminate/Foundation/Http/Middleware/ConvertEmptyStringsToNull->handle(Object(Illuminate/Http/Request), Object(Closure))
#32 C:/laragon/www/license-server/vendor/laravel/framework/src/Illuminate/Foundation/Http/Middleware/TransformsRequest.php(21): Illuminate/Pipeline/Pipeline->Illuminate/Pipeline/{closure}(Object(Illuminate/Http/Request))
#33 C:/laragon/www/license-server/vendor/laravel/framework/src/Illuminate/Foundation/Http/Middleware/TrimStrings.php(51): Illuminate/Foundation/Http/Middleware/TransformsRequest->handle(Object(Illuminate/Http/Request), Object(Closure))
#34 C:/laragon/www/license-server/vendor/laravel/framework/src/Illuminate/Pipeline/Pipeline.php(219): Illuminate/Foundation/Http/Middleware/TrimStrings->handle(Object(Illuminate/Http/Request), Object(Closure))
#35 C:/laragon/www/license-server/vendor/laravel/framework/src/Illuminate/Http/Middleware/ValidatePostSize.php(27): Illuminate/Pipeline/Pipeline->Illuminate/Pipeline/{closure}(Object(Illuminate/Http/Request))
#36 C:/laragon/www/license-server/vendor/laravel/framework/src/Illuminate/Pipeline/Pipeline.php(219): Illuminate/Http/Middleware/ValidatePostSize->handle(Object(Illuminate/Http/Request), Object(Closure))
#37 C:/laragon/www/license-server/vendor/laravel/framework/src/Illuminate/Foundation/Http/Middleware/PreventRequestsDuringMaintenance.php(109): Illuminate/Pipeline/Pipeline->Illuminate/Pipeline/{closure}(Object(Illuminate/Http/Request))
#38 C:/laragon/www/license-server/vendor/laravel/framework/src/Illuminate/Pipeline/Pipeline.php(219): Illuminate/Foundation/Http/Middleware/PreventRequestsDuringMaintenance->handle(Object(Illuminate/Http/Request), Object(Closure))
#39 C:/laragon/www/license-server/vendor/laravel/framework/src/Illuminate/Http/Middleware/HandleCors.php(61): Illuminate/Pipeline/Pipeline->Illuminate/Pipeline/{closure}(Object(Illuminate/Http/Request))
#40 C:/laragon/www/license-server/vendor/laravel/framework/src/Illuminate/Pipeline/Pipeline.php(219): Illuminate/Http/Middleware/HandleCors->handle(Object(Illuminate/Http/Request), Object(Closure))
#41 C:/laragon/www/license-server/vendor/laravel/framework/src/Illuminate/Http/Middleware/TrustProxies.php(58): Illuminate/Pipeline/Pipeline->Illuminate/Pipeline/{closure}(Object(Illuminate/Http/Request))
#42 C:/laragon/www/license-server/vendor/laravel/framework/src/Illuminate/Pipeline/Pipeline.php(219): Illuminate/Http/Middleware/TrustProxies->handle(Object(Illuminate/Http/Request), Object(Closure))
#43 C:/laragon/www/license-server/vendor/laravel/framework/src/Illuminate/Foundation/Http/Middleware/InvokeDeferredCallbacks.php(22): Illuminate/Pipeline/Pipeline->Illuminate/Pipeline/{closure}(Object(Illuminate/Http/Request))
#44 C:/laragon/www/license-server/vendor/laravel/framework/src/Illuminate/Pipeline/Pipeline.php(219): Illuminate/Foundation/Http/Middleware/InvokeDeferredCallbacks->handle(Object(Illuminate/Http/Request), Object(Closure))
#45 C:/laragon/www/license-server/vendor/laravel/framework/src/Illuminate/Http/Middleware/ValidatePathEncoding.php(26): Illuminate/Pipeline/Pipeline->Illuminate/Pipeline/{closure}(Object(Illuminate/Http/Request))
#46 C:/laragon/www/license-server/vendor/laravel/framework/src/Illuminate/Pipeline/Pipeline.php(219): Illuminate/Http/Middleware/ValidatePathEncoding->handle(Object(Illuminate/Http/Request), Object(Closure))
#47 C:/laragon/www/license-server/vendor/laravel/framework/src/Illuminate/Pipeline/Pipeline.php(137): Illuminate/Pipeline/Pipeline->Illuminate/Pipeline/{closure}(Object(Illuminate/Http/Request))
#48 C:/laragon/www/license-server/vendor/laravel/framework/src/Illuminate/Foundation/Http/Kernel.php(175): Illuminate/Pipeline/Pipeline->then(Object(Closure))
#49 C:/laragon/www/license-server/vendor/laravel/framework/src/Illuminate/Foundation/Http/Kernel.php(144): Illuminate/Foundation/Http/Kernel->sendRequestThroughRouter(Object(Illuminate/Http/Request))
#50 C:/laragon/www/license-server/vendor/laravel/framework/src/Illuminate/Foundation/Application.php(1220): Illuminate/Foundation/Http/Kernel->handle(Object(Illuminate/Http/Request))
#51 C:/laragon/www/license-server/public/index.php(20): Illuminate/Foundation/Application->handleRequest(Object(Illuminate/Http/Request))
#52 {main}

[previous exception] [object] (PDOException(code: 42S02): SQLSTATE[42S02]: Base table or view not found: 1146 Table 'license_server.sessions' doesn't exist at C:/laragon/www/license-server/vendor/laravel/framework/src/Illuminate/Database/Connection.php:420)
[stacktrace]
#0 C:/laragon/www/license-server/vendor/laravel/framework/src/Illuminate/Database/Connection.php(420): PDO->prepare('select * from `...')
#1 C:/laragon/www/license-server/vendor/laravel/framework/src/Illuminate/Database/Connection.php(827): Illuminate/Database/Connection->Illuminate/Database/{closure}('select * from `...', Array)
#2 C:/laragon/www/license-server/vendor/laravel/framework/src/Illuminate/Database/Connection.php(794): Illuminate/Database/Connection->runQueryCallback('select * from `...', Array, Object(Closure))
#3 C:/laragon/www/license-server/vendor/laravel/framework/src/Illuminate/Database/Connection.php(411): Illuminate/Database/Connection->run('select * from `...', Array, Object(Closure))
#4 C:/laragon/www/license-server/vendor/laravel/framework/src/Illuminate/Database/Query/Builder.php(3505): Illuminate/Database/Connection->select('select * from `...', Array, false)
#5 C:/laragon/www/license-server/vendor/laravel/framework/src/Illuminate/Database/Query/Builder.php(3490): Illuminate/Database/Query/Builder->runSelect()
#6 C:/laragon/www/license-server/vendor/laravel/framework/src/Illuminate/Database/Query/Builder.php(4080): Illuminate/Database/Query/Builder->Illuminate/Database/Query/{closure}()
#7 C:/laragon/www/license-server/vendor/laravel/framework/src/Illuminate/Database/Query/Builder.php(3489): Illuminate/Database/Query/Builder->onceWithColumns(Array, Object(Closure))
#8 C:/laragon/www/license-server/vendor/laravel/framework/src/Illuminate/Database/Concerns/BuildsQueries.php(366): Illuminate/Database/Query/Builder->get(Array)
#9 C:/laragon/www/license-server/vendor/laravel/framework/src/Illuminate/Database/Query/Builder.php(3412): Illuminate/Database/Query/Builder->first(Array)
#10 C:/laragon/www/license-server/vendor/laravel/framework/src/Illuminate/Session/DatabaseSessionHandler.php(96): Illuminate/Database/Query/Builder->find('0l6ISLTDdq3RtZk...')
#11 C:/laragon/www/license-server/vendor/laravel/framework/src/Illuminate/Session/Store.php(128): Illuminate/Session/DatabaseSessionHandler->read('0l6ISLTDdq3RtZk...')
#12 C:/laragon/www/license-server/vendor/laravel/framework/src/Illuminate/Session/Store.php(116): Illuminate/Session/Store->readFromHandler()
#13 C:/laragon/www/license-server/vendor/laravel/framework/src/Illuminate/Session/Store.php(100): Illuminate/Session/Store->loadSession()
#14 C:/laragon/www/license-server/vendor/laravel/framework/src/Illuminate/Session/Middleware/StartSession.php(146): Illuminate/Session/Store->start()
#15 C:/laragon/www/license-server/vendor/laravel/framework/src/Illuminate/Support/helpers.php(393): Illuminate/Session/Middleware/StartSession->Illuminate/Session/Middleware/{closure}(Object(Illuminate/Session/Store))
#16 C:/laragon/www/license-server/vendor/laravel/framework/src/Illuminate/Session/Middleware/StartSession.php(143): tap(Object(Illuminate/Session/Store), Object(Closure))
#17 C:/laragon/www/license-server/vendor/laravel/framework/src/Illuminate/Session/Middleware/StartSession.php(115): Illuminate/Session/Middleware/StartSession->startSession(Object(Illuminate/Http/Request), Object(Illuminate/Session/Store))
#18 C:/laragon/www/license-server/vendor/laravel/framework/src/Illuminate/Session/Middleware/StartSession.php(63): Illuminate/Session/Middleware/StartSession->handleStatefulRequest(Object(Illuminate/Http/Request), Object(Illuminate/Session/Store), Object(Closure))
#19 C:/laragon/www/license-server/vendor/laravel/framework/src/Illuminate/Pipeline/Pipeline.php(219): Illuminate/Session/Middleware/StartSession->handle(Object(Illuminate/Http/Request), Object(Closure))
#20 C:/laragon/www/license-server/vendor/laravel/framework/src/Illuminate/Cookie/Middleware/AddQueuedCookiesToResponse.php(36): Illuminate/Pipeline/Pipeline->Illuminate/Pipeline/{closure}(Object(Illuminate/Http/Request))
#21 C:/laragon/www/license-server/vendor/laravel/framework/src/Illuminate/Pipeline/Pipeline.php(219): Illuminate/Cookie/Middleware/AddQueuedCookiesToResponse->handle(Object(Illuminate/Http/Request), Object(Closure))
#22 C:/laragon/www/license-server/vendor/laravel/framework/src/Illuminate/Cookie/Middleware/EncryptCookies.php(74): Illuminate/Pipeline/Pipeline->Illuminate/Pipeline/{closure}(Object(Illuminate/Http/Request))
#23 C:/laragon/www/license-server/vendor/laravel/framework/src/Illuminate/Pipeline/Pipeline.php(219): Illuminate/Cookie/Middleware/EncryptCookies->handle(Object(Illuminate/Http/Request), Object(Closure))
#24 C:/laragon/www/license-server/vendor/laravel/framework/src/Illuminate/Pipeline/Pipeline.php(137): Illuminate/Pipeline/Pipeline->Illuminate/Pipeline/{closure}(Object(Illuminate/Http/Request))
#25 C:/laragon/www/license-server/vendor/laravel/framework/src/Illuminate/Routing/Router.php(821): Illuminate/Pipeline/Pipeline->then(Object(Closure))
#26 C:/laragon/www/license-server/vendor/laravel/framework/src/Illuminate/Routing/Router.php(800): Illuminate/Routing/Router->runRouteWithinStack(Object(Illuminate/Routing/Route), Object(Illuminate/Http/Request))
#27 C:/laragon/www/license-server/vendor/laravel/framework/src/Illuminate/Routing/Router.php(764): Illuminate/Routing/Router->runRoute(Object(Illuminate/Http/Request), Object(Illuminate/Routing/Route))
#28 C:/laragon/www/license-server/vendor/laravel/framework/src/Illuminate/Routing/Router.php(753): Illuminate/Routing/Router->dispatchToRoute(Object(Illuminate/Http/Request))
#29 C:/laragon/www/license-server/vendor/laravel/framework/src/Illuminate/Foundation/Http/Kernel.php(200): Illuminate/Routing/Router->dispatch(Object(Illuminate/Http/Request))
#30 C:/laragon/www/license-server/vendor/laravel/framework/src/Illuminate/Pipeline/Pipeline.php(180): Illuminate/Foundation/Http/Kernel->Illuminate/Foundation/Http/{closure}(Object(Illuminate/Http/Request))
#31 C:/laragon/www/license-server/vendor/laravel/framework/src/Illuminate/Foundation/Http/Middleware/TransformsRequest.php(21): Illuminate/Pipeline/Pipeline->Illuminate/Pipeline/{closure}(Object(Illuminate/Http/Request))
#32 C:/laragon/www/license-server/vendor/laravel/framework/src/Illuminate/Foundation/Http/Middleware/ConvertEmptyStringsToNull.php(31): Illuminate/Foundation/Http/Middleware/TransformsRequest->handle(Object(Illuminate/Http/Request), Object(Closure))
#33 C:/laragon/www/license-server/vendor/laravel/framework/src/Illuminate/Pipeline/Pipeline.php(219): Illuminate/Foundation/Http/Middleware/ConvertEmptyStringsToNull->handle(Object(Illuminate/Http/Request), Object(Closure))
#34 C:/laragon/www/license-server/vendor/laravel/framework/src/Illuminate/Foundation/Http/Middleware/TransformsRequest.php(21): Illuminate/Pipeline/Pipeline->Illuminate/Pipeline/{closure}(Object(Illuminate/Http/Request))
#35 C:/laragon/www/license-server/vendor/laravel/framework/src/Illuminate/Foundation/Http/Middleware/TrimStrings.php(51): Illuminate/Foundation/Http/Middleware/TransformsRequest->handle(Object(Illuminate/Http/Request), Object(Closure))
#36 C:/laragon/www/license-server/vendor/laravel/framework/src/Illuminate/Pipeline/Pipeline.php(219): Illuminate/Foundation/Http/Middleware/TrimStrings->handle(Object(Illuminate/Http/Request), Object(Closure))
#37 C:/laragon/www/license-server/vendor/laravel/framework/src/Illuminate/Http/Middleware/ValidatePostSize.php(27): Illuminate/Pipeline/Pipeline->Illuminate/Pipeline/{closure}(Object(Illuminate/Http/Request))
#38 C:/laragon/www/license-server/vendor/laravel/framework/src/Illuminate/Pipeline/Pipeline.php(219): Illuminate/Http/Middleware/ValidatePostSize->handle(Object(Illuminate/Http/Request), Object(Closure))
#39 C:/laragon/www/license-server/vendor/laravel/framework/src/Illuminate/Foundation/Http/Middleware/PreventRequestsDuringMaintenance.php(109): Illuminate/Pipeline/Pipeline->Illuminate/Pipeline/{closure}(Object(Illuminate/Http/Request))
#40 C:/laragon/www/license-server/vendor/laravel/framework/src/Illuminate/Pipeline/Pipeline.php(219): Illuminate/Foundation/Http/Middleware/PreventRequestsDuringMaintenance->handle(Object(Illuminate/Http/Request), Object(Closure))
#41 C:/laragon/www/license-server/vendor/laravel/framework/src/Illuminate/Http/Middleware/HandleCors.php(61): Illuminate/Pipeline/Pipeline->Illuminate/Pipeline/{closure}(Object(Illuminate/Http/Request))
#42 C:/laragon/www/license-server/vendor/laravel/framework/src/Illuminate/Pipeline/Pipeline.php(219): Illuminate/Http/Middleware/HandleCors->handle(Object(Illuminate/Http/Request), Object(Closure))
#43 C:/laragon/www/license-server/vendor/laravel/framework/src/Illuminate/Http/Middleware/TrustProxies.php(58): Illuminate/Pipeline/Pipeline->Illuminate/Pipeline/{closure}(Object(Illuminate/Http/Request))
#44 C:/laragon/www/license-server/vendor/laravel/framework/src/Illuminate/Pipeline/Pipeline.php(219): Illuminate/Http/Middleware/TrustProxies->handle(Object(Illuminate/Http/Request), Object(Closure))
#45 C:/laragon/www/license-server/vendor/laravel/framework/src/Illuminate/Foundation/Http/Middleware/InvokeDeferredCallbacks.php(22): Illuminate/Pipeline/Pipeline->Illuminate/Pipeline/{closure}(Object(Illuminate/Http/Request))
#46 C:/laragon/www/license-server/vendor/laravel/framework/src/Illuminate/Pipeline/Pipeline.php(219): Illuminate/Foundation/Http/Middleware/InvokeDeferredCallbacks->handle(Object(Illuminate/Http/Request), Object(Closure))
#47 C:/laragon/www/license-server/vendor/laravel/framework/src/Illuminate/Http/Middleware/ValidatePathEncoding.php(26): Illuminate/Pipeline/Pipeline->Illuminate/Pipeline/{closure}(Object(Illuminate/Http/Request))
#48 C:/laragon/www/license-server/vendor/laravel/framework/src/Illuminate/Pipeline/Pipeline.php(219): Illuminate/Http/Middleware/ValidatePathEncoding->handle(Object(Illuminate/Http/Request), Object(Closure))
#49 C:/laragon/www/license-server/vendor/laravel/framework/src/Illuminate/Pipeline/Pipeline.php(137): Illuminate/Pipeline/Pipeline->Illuminate/Pipeline/{closure}(Object(Illuminate/Http/Request))
#50 C:/laragon/www/license-server/vendor/laravel/framework/src/Illuminate/Foundation/Http/Kernel.php(175): Illuminate/Pipeline/Pipeline->then(Object(Closure))
#51 C:/laragon/www/license-server/vendor/laravel/framework/src/Illuminate/Foundation/Http/Kernel.php(144): Illuminate/Foundation/Http/Kernel->sendRequestThroughRouter(Object(Illuminate/Http/Request))
#52 C:/laragon/www/license-server/vendor/laravel/framework/src/Illuminate/Foundation/Application.php(1220): Illuminate/Foundation/Http/Kernel->handle(Object(Illuminate/Http/Request))
#53 C:/laragon/www/license-server/public/index.php(20): Illuminate/Foundation/Application->handleRequest(Object(Illuminate/Http/Request))
#54 {main}
"} 
[2026-08-01 03:36:43] local.ERROR: View path not found. {"exception":"[object] (RuntimeException(code: 0): View path not found. at C:/laragon/www/license-server/vendor/laravel/framework/src/Illuminate/Foundation/Console/ViewClearCommand.php:58)
[stacktrace]
#0 C:/laragon/www/license-server/vendor/laravel/framework/src/Illuminate/Container/BoundMethod.php(36): Illuminate/Foundation/Console/ViewClearCommand->handle()
#1 C:/laragon/www/license-server/vendor/laravel/framework/src/Illuminate/Container/Util.php(43): Illuminate/Container/BoundMethod::Illuminate/Container/{closure}()
#2 C:/laragon/www/license-server/vendor/laravel/framework/src/Illuminate/Container/BoundMethod.php(96): Illuminate/Container/Util::unwrapIfClosure(Object(Closure))
#3 C:/laragon/www/license-server/vendor/laravel/framework/src/Illuminate/Container/BoundMethod.php(35): Illuminate/Container/BoundMethod::callBoundMethod(Object(Illuminate/Foundation/Application), Array, Object(Closure))
#4 C:/laragon/www/license-server/vendor/laravel/framework/src/Illuminate/Container/Container.php(799): Illuminate/Container/BoundMethod::call(Object(Illuminate/Foundation/Application), Array, Array, NULL)
#5 C:/laragon/www/license-server/vendor/laravel/framework/src/Illuminate/Console/Command.php(211): Illuminate/Container/Container->call(Array)
#6 C:/laragon/www/license-server/vendor/symfony/console/Command/Command.php(341): Illuminate/Console/Command->execute(Object(Symfony/Component/Console/Input/ArrayInput), Object(Illuminate/Console/OutputStyle))
#7 C:/laragon/www/license-server/vendor/laravel/framework/src/Illuminate/Console/Command.php(180): Symfony/Component/Console/Command/Command->run(Object(Symfony/Component/Console/Input/ArrayInput), Object(Illuminate/Console/OutputStyle))
#8 C:/laragon/www/license-server/vendor/laravel/framework/src/Illuminate/Console/Concerns/CallsCommands.php(68): Illuminate/Console/Command->run(Object(Symfony/Component/Console/Input/ArrayInput), Object(Symfony/Component/Console/Output/NullOutput))
#9 C:/laragon/www/license-server/vendor/laravel/framework/src/Illuminate/Console/Concerns/CallsCommands.php(41): Illuminate/Console/Command->runCommand('view:clear', Array, Object(Symfony/Component/Console/Output/NullOutput))
#10 C:/laragon/www/license-server/vendor/laravel/framework/src/Illuminate/Console/Concerns/CallsCommands.php(53): Illuminate/Console/Command->callSilent('view:clear', Array)
#11 C:/laragon/www/license-server/vendor/laravel/framework/src/Illuminate/Foundation/Console/OptimizeClearCommand.php(48): Illuminate/Console/Command->callSilently('view:clear')
#12 C:/laragon/www/license-server/vendor/laravel/framework/src/Illuminate/Console/View/Components/Task.php(41): Illuminate/Foundation/Console/OptimizeClearCommand->Illuminate/Foundation/Console/{closure}()
#13 C:/laragon/www/license-server/vendor/laravel/framework/src/Illuminate/Console/View/Components/Factory.php(59): Illuminate/Console/View/Components/Task->render('views', Object(Closure))
#14 C:/laragon/www/license-server/vendor/laravel/framework/src/Illuminate/Foundation/Console/OptimizeClearCommand.php(48): Illuminate/Console/View/Components/Factory->__call('task', Array)
#15 C:/laragon/www/license-server/vendor/laravel/framework/src/Illuminate/Container/BoundMethod.php(36): Illuminate/Foundation/Console/OptimizeClearCommand->handle()
#16 C:/laragon/www/license-server/vendor/laravel/framework/src/Illuminate/Container/Util.php(43): Illuminate/Container/BoundMethod::Illuminate/Container/{closure}()
#17 C:/laragon/www/license-server/vendor/laravel/framework/src/Illuminate/Container/BoundMethod.php(96): Illuminate/Container/Util::unwrapIfClosure(Object(Closure))
#18 C:/laragon/www/license-server/vendor/laravel/framework/src/Illuminate/Container/BoundMethod.php(35): Illuminate/Container/BoundMethod::callBoundMethod(Object(Illuminate/Foundation/Application), Array, Object(Closure))
#19 C:/laragon/www/license-server/vendor/laravel/framework/src/Illuminate/Container/Container.php(799): Illuminate/Container/BoundMethod::call(Object(Illuminate/Foundation/Application), Array, Array, NULL)
#20 C:/laragon/www/license-server/vendor/laravel/framework/src/Illuminate/Console/Command.php(211): Illuminate/Container/Container->call(Array)
#21 C:/laragon/www/license-server/vendor/symfony/console/Command/Command.php(341): Illuminate/Console/Command->execute(Object(Symfony/Component/Console/Input/ArgvInput), Object(Illuminate/Console/OutputStyle))
#22 C:/laragon/www/license-server/vendor/laravel/framework/src/Illuminate/Console/Command.php(180): Symfony/Component/Console/Command/Command->run(Object(Symfony/Component/Console/Input/ArgvInput), Object(Illuminate/Console/OutputStyle))
#23 C:/laragon/www/license-server/vendor/symfony/console/Application.php(1117): Illuminate/Console/Command->run(Object(Symfony/Component/Console/Input/ArgvInput), Object(Symfony/Component/Console/Output/ConsoleOutput))
#24 C:/laragon/www/license-server/vendor/symfony/console/Application.php(356): Symfony/Component/Console/Application->doRunCommand(Object(Illuminate/Foundation/Console/OptimizeClearCommand), Object(Symfony/Component/Console/Input/ArgvInput), Object(Symfony/Component/Console/Output/ConsoleOutput))
#25 C:/laragon/www/license-server/vendor/symfony/console/Application.php(195): Symfony/Component/Console/Application->doRun(Object(Symfony/Component/Console/Input/ArgvInput), Object(Symfony/Component/Console/Output/ConsoleOutput))
#26 C:/laragon/www/license-server/vendor/laravel/framework/src/Illuminate/Foundation/Console/Kernel.php(198): Symfony/Component/Console/Application->run(Object(Symfony/Component/Console/Input/ArgvInput), Object(Symfony/Component/Console/Output/ConsoleOutput))
#27 C:/laragon/www/license-server/vendor/laravel/framework/src/Illuminate/Foundation/Application.php(1235): Illuminate/Foundation/Console/Kernel->handle(Object(Symfony/Component/Console/Input/ArgvInput), Object(Symfony/Component/Console/Output/ConsoleOutput))
#28 C:/laragon/www/license-server/artisan(12): Illuminate/Foundation/Application->handleCommand(Object(Symfony/Component/Console/Input/ArgvInput))
#29 {main}
"} 
[2026-08-01 03:41:25] local.ERROR: Please provide a valid cache path. {"exception":"[object] (InvalidArgumentException(code: 0): Please provide a valid cache path. at C:/laragon/www/license-server/vendor/laravel/framework/src/Illuminate/View/Compilers/Compiler.php:75)
[stacktrace]
#0 C:/laragon/www/license-server/vendor/laravel/framework/src/Illuminate/View/ViewServiceProvider.php(97): Illuminate/View/Compilers/Compiler->__construct(Object(Illuminate/Filesystem/Filesystem), false, '', true, 'php', true)
#1 C:/laragon/www/license-server/vendor/laravel/framework/src/Illuminate/Container/Container.php(1115): Illuminate/View/ViewServiceProvider->Illuminate/View/{closure}(Object(Illuminate/Foundation/Application), Array)
#2 C:/laragon/www/license-server/vendor/laravel/framework/src/Illuminate/Container/Container.php(933): Illuminate/Container/Container->build(Object(Closure))
#3 C:/laragon/www/license-server/vendor/laravel/framework/src/Illuminate/Foundation/Application.php(1078): Illuminate/Container/Container->resolve('blade.compiler', Array, true)
#4 C:/laragon/www/license-server/vendor/laravel/framework/src/Illuminate/Container/Container.php(864): Illuminate/Foundation/Application->resolve('blade.compiler', Array)
#5 C:/laragon/www/license-server/vendor/laravel/framework/src/Illuminate/Foundation/Application.php(1058): Illuminate/Container/Container->make('blade.compiler', Array)
#6 C:/laragon/www/license-server/vendor/laravel/framework/src/Illuminate/View/ViewServiceProvider.php(169): Illuminate/Foundation/Application->make('blade.compiler')
#7 [internal function]: Illuminate/View/ViewServiceProvider->Illuminate/View/{closure}()
#8 C:/laragon/www/license-server/vendor/laravel/framework/src/Illuminate/View/Engines/EngineResolver.php(55): call_user_func(Object(Closure))
#9 C:/laragon/www/license-server/vendor/laravel/framework/src/Illuminate/View/Factory.php(325): Illuminate/View/Engines/EngineResolver->resolve('blade')
#10 C:/laragon/www/license-server/vendor/laravel/framework/src/Illuminate/View/Factory.php(287): Illuminate/View/Factory->getEngineFromPath('C://laragon//www//...')
#11 C:/laragon/www/license-server/vendor/laravel/framework/src/Illuminate/View/Factory.php(159): Illuminate/View/Factory->viewInstance('home', 'C://laragon//www//...', Array)
#12 C:/laragon/www/license-server/vendor/laravel/framework/src/Illuminate/Foundation/helpers.php(1100): Illuminate/View/Factory->make('home', Array, Array)
#13 C:/laragon/www/license-server/app/Http/Controllers/HomeController.php(17): view('home', Array)
#14 C:/laragon/www/license-server/vendor/laravel/framework/src/Illuminate/Routing/ControllerDispatcher.php(46): App/Http/Controllers/HomeController->index()
#15 C:/laragon/www/license-server/vendor/laravel/framework/src/Illuminate/Routing/Route.php(265): Illuminate/Routing/ControllerDispatcher->dispatch(Object(Illuminate/Routing/Route), Object(App/Http/Controllers/HomeController), 'index')
#16 C:/laragon/www/license-server/vendor/laravel/framework/src/Illuminate/Routing/Route.php(211): Illuminate/Routing/Route->runController()
#17 C:/laragon/www/license-server/vendor/laravel/framework/src/Illuminate/Routing/Router.php(822): Illuminate/Routing/Route->run()
#18 C:/laragon/www/license-server/vendor/laravel/framework/src/Illuminate/Pipeline/Pipeline.php(180): Illuminate/Routing/Router->Illuminate/Routing/{closure}(Object(Illuminate/Http/Request))
#19 C:/laragon/www/license-server/vendor/laravel/framework/src/Illuminate/Routing/Middleware/SubstituteBindings.php(50): Illuminate/Pipeline/Pipeline->Illuminate/Pipeline/{closure}(Object(Illuminate/Http/Request))
#20 C:/laragon/www/license-server/vendor/laravel/framework/src/Illuminate/Pipeline/Pipeline.php(219): Illuminate/Routing/Middleware/SubstituteBindings->handle(Object(Illuminate/Http/Request), Object(Closure))
#21 C:/laragon/www/license-server/vendor/laravel/framework/src/Illuminate/Foundation/Http/Middleware/VerifyCsrfToken.php(87): Illuminate/Pipeline/Pipeline->Illuminate/Pipeline/{closure}(Object(Illuminate/Http/Request))
#22 C:/laragon/www/license-server/vendor/laravel/framework/src/Illuminate/Pipeline/Pipeline.php(219): Illuminate/Foundation/Http/Middleware/VerifyCsrfToken->handle(Object(Illuminate/Http/Request), Object(Closure))
#23 C:/laragon/www/license-server/vendor/laravel/framework/src/Illuminate/View/Middleware/ShareErrorsFromSession.php(48): Illuminate/Pipeline/Pipeline->Illuminate/Pipeline/{closure}(Object(Illuminate/Http/Request))
#24 C:/laragon/www/license-server/vendor/laravel/framework/src/Illuminate/Pipeline/Pipeline.php(219): Illuminate/View/Middleware/ShareErrorsFromSession->handle(Object(Illuminate/Http/Request), Object(Closure))
#25 C:/laragon/www/license-server/vendor/laravel/framework/src/Illuminate/Session/Middleware/StartSession.php(120): Illuminate/Pipeline/Pipeline->Illuminate/Pipeline/{closure}(Object(Illuminate/Http/Request))
#26 C:/laragon/www/license-server/vendor/laravel/framework/src/Illuminate/Session/Middleware/StartSession.php(63): Illuminate/Session/Middleware/StartSession->handleStatefulRequest(Object(Illuminate/Http/Request), Object(Illuminate/Session/Store), Object(Closure))
#27 C:/laragon/www/license-server/vendor/laravel/framework/src/Illuminate/Pipeline/Pipeline.php(219): Illuminate/Session/Middleware/StartSession->handle(Object(Illuminate/Http/Request), Object(Closure))
#28 C:/laragon/www/license-server/vendor/laravel/framework/src/Illuminate/Cookie/Middleware/AddQueuedCookiesToResponse.php(36): Illuminate/Pipeline/Pipeline->Illuminate/Pipeline/{closure}(Object(Illuminate/Http/Request))
#29 C:/laragon/www/license-server/vendor/laravel/framework/src/Illuminate/Pipeline/Pipeline.php(219): Illuminate/Cookie/Middleware/AddQueuedCookiesToResponse->handle(Object(Illuminate/Http/Request), Object(Closure))
#30 C:/laragon/www/license-server/vendor/laravel/framework/src/Illuminate/Cookie/Middleware/EncryptCookies.php(74): Illuminate/Pipeline/Pipeline->Illuminate/Pipeline/{closure}(Object(Illuminate/Http/Request))
#31 C:/laragon/www/license-server/vendor/laravel/framework/src/Illuminate/Pipeline/Pipeline.php(219): Illuminate/Cookie/Middleware/EncryptCookies->handle(Object(Illuminate/Http/Request), Object(Closure))
#32 C:/laragon/www/license-server/vendor/laravel/framework/src/Illuminate/Pipeline/Pipeline.php(137): Illuminate/Pipeline/Pipeline->Illuminate/Pipeline/{closure}(Object(Illuminate/Http/Request))
#33 C:/laragon/www/license-server/vendor/laravel/framework/src/Illuminate/Routing/Router.php(821): Illuminate/Pipeline/Pipeline->then(Object(Closure))
#34 C:/laragon/www/license-server/vendor/laravel/framework/src/Illuminate/Routing/Router.php(800): Illuminate/Routing/Router->runRouteWithinStack(Object(Illuminate/Routing/Route), Object(Illuminate/Http/Request))
#35 C:/laragon/www/license-server/vendor/laravel/framework/src/Illuminate/Routing/Router.php(764): Illuminate/Routing/Router->runRoute(Object(Illuminate/Http/Request), Object(Illuminate/Routing/Route))
#36 C:/laragon/www/license-server/vendor/laravel/framework/src/Illuminate/Routing/Router.php(753): Illuminate/Routing/Router->dispatchToRoute(Object(Illuminate/Http/Request))
#37 C:/laragon/www/license-server/vendor/laravel/framework/src/Illuminate/Foundation/Http/Kernel.php(200): Illuminate/Routing/Router->dispatch(Object(Illuminate/Http/Request))
#38 C:/laragon/www/license-server/vendor/laravel/framework/src/Illuminate/Pipeline/Pipeline.php(180): Illuminate/Foundation/Http/Kernel->Illuminate/Foundation/Http/{closure}(Object(Illuminate/Http/Request))
#39 C:/laragon/www/license-server/vendor/laravel/framework/src/Illuminate/Foundation/Http/Middleware/TransformsRequest.php(21): Illuminate/Pipeline/Pipeline->Illuminate/Pipeline/{closure}(Object(Illuminate/Http/Request))
#40 C:/laragon/www/license-server/vendor/laravel/framework/src/Illuminate/Foundation/Http/Middleware/ConvertEmptyStringsToNull.php(31): Illuminate/Foundation/Http/Middleware/TransformsRequest->handle(Object(Illuminate/Http/Request), Object(Closure))
#41 C:/laragon/www/license-server/vendor/laravel/framework/src/Illuminate/Pipeline/Pipeline.php(219): Illuminate/Foundation/Http/Middleware/ConvertEmptyStringsToNull->handle(Object(Illuminate/Http/Request), Object(Closure))
#42 C:/laragon/www/license-server/vendor/laravel/framework/src/Illuminate/Foundation/Http/Middleware/TransformsRequest.php(21): Illuminate/Pipeline/Pipeline->Illuminate/Pipeline/{closure}(Object(Illuminate/Http/Request))
#43 C:/laragon/www/license-server/vendor/laravel/framework/src/Illuminate/Foundation/Http/Middleware/TrimStrings.php(51): Illuminate/Foundation/Http/Middleware/TransformsRequest->handle(Object(Illuminate/Http/Request), Object(Closure))
#44 C:/laragon/www/license-server/vendor/laravel/framework/src/Illuminate/Pipeline/Pipeline.php(219): Illuminate/Foundation/Http/Middleware/TrimStrings->handle(Object(Illuminate/Http/Request), Object(Closure))
#45 C:/laragon/www/license-server/vendor/laravel/framework/src/Illuminate/Http/Middleware/ValidatePostSize.php(27): Illuminate/Pipeline/Pipeline->Illuminate/Pipeline/{closure}(Object(Illuminate/Http/Request))
#46 C:/laragon/www/license-server/vendor/laravel/framework/src/Illuminate/Pipeline/Pipeline.php(219): Illuminate/Http/Middleware/ValidatePostSize->handle(Object(Illuminate/Http/Request), Object(Closure))
#47 C:/laragon/www/license-server/vendor/laravel/framework/src/Illuminate/Foundation/Http/Middleware/PreventRequestsDuringMaintenance.php(109): Illuminate/Pipeline/Pipeline->Illuminate/Pipeline/{closure}(Object(Illuminate/Http/Request))
#48 C:/laragon/www/license-server/vendor/laravel/framework/src/Illuminate/Pipeline/Pipeline.php(219): Illuminate/Foundation/Http/Middleware/PreventRequestsDuringMaintenance->handle(Object(Illuminate/Http/Request), Object(Closure))
#49 C:/laragon/www/license-server/vendor/laravel/framework/src/Illuminate/Http/Middleware/HandleCors.php(61): Illuminate/Pipeline/Pipeline->Illuminate/Pipeline/{closure}(Object(Illuminate/Http/Request))
#50 C:/laragon/www/license-server/vendor/laravel/framework/src/Illuminate/Pipeline/Pipeline.php(219): Illuminate/Http/Middleware/HandleCors->handle(Object(Illuminate/Http/Request), Object(Closure))
#51 C:/laragon/www/license-server/vendor/laravel/framework/src/Illuminate/Http/Middleware/TrustProxies.php(58): Illuminate/Pipeline/Pipeline->Illuminate/Pipeline/{closure}(Object(Illuminate/Http/Request))
#52 C:/laragon/www/license-server/vendor/laravel/framework/src/Illuminate/Pipeline/Pipeline.php(219): Illuminate/Http/Middleware/TrustProxies->handle(Object(Illuminate/Http/Request), Object(Closure))
#53 C:/laragon/www/license-server/vendor/laravel/framework/src/Illuminate/Foundation/Http/Middleware/InvokeDeferredCallbacks.php(22): Illuminate/Pipeline/Pipeline->Illuminate/Pipeline/{closure}(Object(Illuminate/Http/Request))
#54 C:/laragon/www/license-server/vendor/laravel/framework/src/Illuminate/Pipeline/Pipeline.php(219): Illuminate/Foundation/Http/Middleware/InvokeDeferredCallbacks->handle(Object(Illuminate/Http/Request), Object(Closure))
#55 C:/laragon/www/license-server/vendor/laravel/framework/src/Illuminate/Http/Middleware/ValidatePathEncoding.php(26): Illuminate/Pipeline/Pipeline->Illuminate/Pipeline/{closure}(Object(Illuminate/Http/Request))
#56 C:/laragon/www/license-server/vendor/laravel/framework/src/Illuminate/Pipeline/Pipeline.php(219): Illuminate/Http/Middleware/ValidatePathEncoding->handle(Object(Illuminate/Http/Request), Object(Closure))
#57 C:/laragon/www/license-server/vendor/laravel/framework/src/Illuminate/Pipeline/Pipeline.php(137): Illuminate/Pipeline/Pipeline->Illuminate/Pipeline/{closure}(Object(Illuminate/Http/Request))
#58 C:/laragon/www/license-server/vendor/laravel/framework/src/Illuminate/Foundation/Http/Kernel.php(175): Illuminate/Pipeline/Pipeline->then(Object(Closure))
#59 C:/laragon/www/license-server/vendor/laravel/framework/src/Illuminate/Foundation/Http/Kernel.php(144): Illuminate/Foundation/Http/Kernel->sendRequestThroughRouter(Object(Illuminate/Http/Request))
#60 C:/laragon/www/license-server/vendor/laravel/framework/src/Illuminate/Foundation/Application.php(1220): Illuminate/Foundation/Http/Kernel->handle(Object(Illuminate/Http/Request))
#61 C:/laragon/www/license-server/public/index.php(20): Illuminate/Foundation/Application->handleRequest(Object(Illuminate/Http/Request))
#62 {main}
"} 
[2026-08-01 03:59:54] local.ERROR: View path not found. {"exception":"[object] (RuntimeException(code: 0): View path not found. at C:/laragon/www/license-server/vendor/laravel/framework/src/Illuminate/Foundation/Console/ViewClearCommand.php:58)
[stacktrace]
#0 C:/laragon/www/license-server/vendor/laravel/framework/src/Illuminate/Container/BoundMethod.php(36): Illuminate/Foundation/Console/ViewClearCommand->handle()
#1 C:/laragon/www/license-server/vendor/laravel/framework/src/Illuminate/Container/Util.php(43): Illuminate/Container/BoundMethod::Illuminate/Container/{closure}()
#2 C:/laragon/www/license-server/vendor/laravel/framework/src/Illuminate/Container/BoundMethod.php(96): Illuminate/Container/Util::unwrapIfClosure(Object(Closure))
#3 C:/laragon/www/license-server/vendor/laravel/framework/src/Illuminate/Container/BoundMethod.php(35): Illuminate/Container/BoundMethod::callBoundMethod(Object(Illuminate/Foundation/Application), Array, Object(Closure))
#4 C:/laragon/www/license-server/vendor/laravel/framework/src/Illuminate/Container/Container.php(799): Illuminate/Container/BoundMethod::call(Object(Illuminate/Foundation/Application), Array, Array, NULL)
#5 C:/laragon/www/license-server/vendor/laravel/framework/src/Illuminate/Console/Command.php(211): Illuminate/Container/Container->call(Array)
#6 C:/laragon/www/license-server/vendor/symfony/console/Command/Command.php(341): Illuminate/Console/Command->execute(Object(Symfony/Component/Console/Input/ArrayInput), Object(Illuminate/Console/OutputStyle))
#7 C:/laragon/www/license-server/vendor/laravel/framework/src/Illuminate/Console/Command.php(180): Symfony/Component/Console/Command/Command->run(Object(Symfony/Component/Console/Input/ArrayInput), Object(Illuminate/Console/OutputStyle))
#8 C:/laragon/www/license-server/vendor/laravel/framework/src/Illuminate/Console/Concerns/CallsCommands.php(68): Illuminate/Console/Command->run(Object(Symfony/Component/Console/Input/ArrayInput), Object(Symfony/Component/Console/Output/NullOutput))
#9 C:/laragon/www/license-server/vendor/laravel/framework/src/Illuminate/Console/Concerns/CallsCommands.php(41): Illuminate/Console/Command->runCommand('view:clear', Array, Object(Symfony/Component/Console/Output/NullOutput))
#10 C:/laragon/www/license-server/vendor/laravel/framework/src/Illuminate/Console/Concerns/CallsCommands.php(53): Illuminate/Console/Command->callSilent('view:clear', Array)
#11 C:/laragon/www/license-server/vendor/laravel/framework/src/Illuminate/Foundation/Console/OptimizeClearCommand.php(48): Illuminate/Console/Command->callSilently('view:clear')
#12 C:/laragon/www/license-server/vendor/laravel/framework/src/Illuminate/Console/View/Components/Task.php(41): Illuminate/Foundation/Console/OptimizeClearCommand->Illuminate/Foundation/Console/{closure}()
#13 C:/laragon/www/license-server/vendor/laravel/framework/src/Illuminate/Console/View/Components/Factory.php(59): Illuminate/Console/View/Components/Task->render('views', Object(Closure))
#14 C:/laragon/www/license-server/vendor/laravel/framework/src/Illuminate/Foundation/Console/OptimizeClearCommand.php(48): Illuminate/Console/View/Components/Factory->__call('task', Array)
#15 C:/laragon/www/license-server/vendor/laravel/framework/src/Illuminate/Container/BoundMethod.php(36): Illuminate/Foundation/Console/OptimizeClearCommand->handle()
#16 C:/laragon/www/license-server/vendor/laravel/framework/src/Illuminate/Container/Util.php(43): Illuminate/Container/BoundMethod::Illuminate/Container/{closure}()
#17 C:/laragon/www/license-server/vendor/laravel/framework/src/Illuminate/Container/BoundMethod.php(96): Illuminate/Container/Util::unwrapIfClosure(Object(Closure))
#18 C:/laragon/www/license-server/vendor/laravel/framework/src/Illuminate/Container/BoundMethod.php(35): Illuminate/Container/BoundMethod::callBoundMethod(Object(Illuminate/Foundation/Application), Array, Object(Closure))
#19 C:/laragon/www/license-server/vendor/laravel/framework/src/Illuminate/Container/Container.php(799): Illuminate/Container/BoundMethod::call(Object(Illuminate/Foundation/Application), Array, Array, NULL)
#20 C:/laragon/www/license-server/vendor/laravel/framework/src/Illuminate/Console/Command.php(211): Illuminate/Container/Container->call(Array)
#21 C:/laragon/www/license-server/vendor/symfony/console/Command/Command.php(341): Illuminate/Console/Command->execute(Object(Symfony/Component/Console/Input/ArgvInput), Object(Illuminate/Console/OutputStyle))
#22 C:/laragon/www/license-server/vendor/laravel/framework/src/Illuminate/Console/Command.php(180): Symfony/Component/Console/Command/Command->run(Object(Symfony/Component/Console/Input/ArgvInput), Object(Illuminate/Console/OutputStyle))
#23 C:/laragon/www/license-server/vendor/symfony/console/Application.php(1117): Illuminate/Console/Command->run(Object(Symfony/Component/Console/Input/ArgvInput), Object(Symfony/Component/Console/Output/ConsoleOutput))
#24 C:/laragon/www/license-server/vendor/symfony/console/Application.php(356): Symfony/Component/Console/Application->doRunCommand(Object(Illuminate/Foundation/Console/OptimizeClearCommand), Object(Symfony/Component/Console/Input/ArgvInput), Object(Symfony/Component/Console/Output/ConsoleOutput))
#25 C:/laragon/www/license-server/vendor/symfony/console/Application.php(195): Symfony/Component/Console/Application->doRun(Object(Symfony/Component/Console/Input/ArgvInput), Object(Symfony/Component/Console/Output/ConsoleOutput))
#26 C:/laragon/www/license-server/vendor/laravel/framework/src/Illuminate/Foundation/Console/Kernel.php(198): Symfony/Component/Console/Application->run(Object(Symfony/Component/Console/Input/ArgvInput), Object(Symfony/Component/Console/Output/ConsoleOutput))
#27 C:/laragon/www/license-server/vendor/laravel/framework/src/Illuminate/Foundation/Application.php(1235): Illuminate/Foundation/Console/Kernel->handle(Object(Symfony/Component/Console/Input/ArgvInput), Object(Symfony/Component/Console/Output/ConsoleOutput))
#28 C:/laragon/www/license-server/artisan(12): Illuminate/Foundation/Application->handleCommand(Object(Symfony/Component/Console/Input/ArgvInput))
#29 {main}
"} 
